"STATION","DATE","LATITUDE","LONGITUDE","ELEVATION","NAME","TEMP","TEMP_ATTRIBUTES","DEWP","DEWP_ATTRIBUTES","SLP","SLP_ATTRIBUTES","STP","STP_ATTRIBUTES","VISIB","VISIB_ATTRIBUTES","WDSP","WDSP_ATTRIBUTES","MXSPD","GUST","MAX","MAX_ATTRIBUTES","MIN","MIN_ATTRIBUTES","PRCP","PRCP_ATTRIBUTES","SNDP","FRSHTT"
"01329099999","2025-01-01","60.35","6.2666666","50.0","KVAMSOY, NO","  29.7","24","  20.3","24"," 992.3","24","985.8","24","999.9"," 0"," 11.7","24"," 18.8"," 38.9","  34.0"," ","  25.5"," "," 0.27","G","  3.9","000000"
"01329099999","2025-01-02","60.35","6.2666666","50.0","KVAMSOY, NO","  26.7","24","  20.7","24","1003.6","24","996.9","24","999.9"," 0","  5.4","24"," 12.0"," 20.8","  30.6"," ","  24.3"," "," 0.01","G","999.9","001000"
"01329099999","2025-01-03","60.35","6.2666666","50.0","KVAMSOY, NO","  26.6","24","  19.5","24","1006.8","24","000.1","24","999.9"," 0","  6.3","24"," 11.7"," 19.2","  30.7"," ","  22.3"," "," 0.20","G","  5.9","000000"
"01329099999","2025-01-04","60.35","6.2666666","50.0","KVAMSOY, NO","  27.9","24","  25.7","24","1009.6","24","002.9","24","999.9"," 0","  3.5","24","  7.8"," 13.6","  29.1"," ","  25.7"," "," 0.13","G","  5.9","001000"
"01329099999","2025-01-05","60.35","6.2666666","50.0","KVAMSOY, NO","  26.5","24","  21.5","24","1001.8","24","995.1","24","999.9"," 0","  7.7","24"," 13.2"," 24.5","  31.3"," ","  23.9"," "," 0.02","G","  5.1","001000"
"01329099999","2025-01-06","60.35","6.2666666","50.0","KVAMSOY, NO","  34.0","24","  23.5","24"," 984.9","24","978.5","24","999.9"," 0"," 17.4","24"," 33.0"," 55.7","  36.0"," ","  27.7"," "," 0.16","G","  5.9","000000"
"01329099999","2025-01-07","60.35","6.2666666","50.0","KVAMSOY, NO","  36.6","23","  22.1","23"," 972.6","23","966.3","23","999.9"," 0","  9.0","23"," 19.4"," 53.6","  38.8"," ","  30.0"," "," 0.01","G","999.9","000000"
"01329099999","2025-01-08","60.35","6.2666666","50.0","KVAMSOY, NO","  29.7","24","  22.6","24"," 986.1","24","979.6","24","999.9"," 0","  3.4","24","  8.5"," 16.3","  37.0"," ","  27.5"," "," 0.00","G","  1.6","000000"
"01329099999","2025-01-09","60.35","6.2666666","50.0","KVAMSOY, NO","  30.8","23","  22.9","23"," 999.0","23","992.4","23","999.9"," 0","  5.8","23"," 13.6"," 23.7","  32.9"," ","  28.8"," "," 1.57","G","999.9","000000"
"01329099999","2025-01-10","60.35","6.2666666","50.0","KVAMSOY, NO","  30.9","24","  22.2","24","1016.9","24","010.2","24","999.9"," 0","  4.6","24","  8.5"," 16.5","  33.4"," ","  26.4"," "," 1.57","G","999.9","000000"
"01329099999","2025-01-11","60.35","6.2666666","50.0","KVAMSOY, NO","  26.7","24","  18.6","24","1029.1","24","022.2","24","999.9"," 0","  6.3","24"," 10.3"," 17.9","  30.0"," ","  25.0"," "," 0.00","G","  1.2","000000"
"01329099999","2025-01-12","60.35","6.2666666","50.0","KVAMSOY, NO","  27.5","24","  19.6","24","1037.4","24","030.6","24","999.9"," 0","  4.1","24","  7.8"," 15.0","  30.0"," ","  24.4"," "," 0.00","G","  1.2","000000"
"01329099999","2025-01-13","60.35","6.2666666","50.0","KVAMSOY, NO","  37.7","24","  35.1","24","1024.1","24","017.4","24","999.9"," 0","  5.2","24"," 10.1"," 25.4","  44.8"," ","  28.4"," "," 0.00","G","999.9","011000"
"01329099999","2025-01-14","60.35","6.2666666","50.0","KVAMSOY, NO","  43.7","24","  42.4","24","1019.3","24","012.7","24","999.9"," 0","  8.6","24"," 15.5"," 22.7","  45.5"," ","  39.4"," "," 1.28","G","999.9","010000"
"01329099999","2025-01-15","60.35","6.2666666","50.0","KVAMSOY, NO","  40.3","24","  39.8","24","1026.6","24","020.0","24","999.9"," 0","  3.1","24","  6.0"," 10.5","  42.4"," ","  39.0"," "," 0.00","G","999.9","010000"
"01329099999","2025-01-16","60.35","6.2666666","50.0","KVAMSOY, NO","  41.4","24","  41.2","24","1026.3","24","019.7","24","999.9"," 0","  3.7","24","  7.8","999.9","  44.1"," ","  39.7"," "," 0.39","G","999.9","100000"
"01329099999","2025-01-17","60.35","6.2666666","50.0","KVAMSOY, NO","  40.9","24","  40.3","24","1026.4","24","019.8","24","999.9"," 0","  4.8","24"," 14.4"," 19.8","  45.1"," ","  36.5"," "," 0.08","G","999.9","110000"
"01329099999","2025-01-18","60.35","6.2666666","50.0","KVAMSOY, NO","  40.0","24","  39.4","24","1028.0","24","021.3","24","999.9"," 0","  2.9","24","  5.6"," 18.3","  45.1"," ","  39.0"," "," 0.07","G","999.9","100000"
"01329099999","2025-01-19","60.35","6.2666666","50.0","KVAMSOY, NO","  37.4","24","  36.8","24","1023.9","24","017.3","24","999.9"," 0","  2.8","24","  5.8"," 11.7","  41.2"," ","  32.9"," "," 0.03","G","999.9","000000"
"01329099999","2025-01-20","60.35","6.2666666","50.0","KVAMSOY, NO","  34.8","24","  33.3","24","1017.7","24","011.0","24","999.9"," 0","  3.1","24","  7.8"," 11.5","  36.1"," ","  32.4"," "," 0.00","G","999.9","000000"
"01329099999","2025-01-21","60.35","6.2666666","50.0","KVAMSOY, NO","  34.3","24","  33.0","24","1010.9","24","004.3","24","999.9"," 0","  4.3","24","  6.0"," 12.4","  36.1"," ","  32.5"," "," 0.00","G","999.9","010000"
"01329099999","2025-01-22","60.35","6.2666666","50.0","KVAMSOY, NO","  32.3","23","  31.5","23","1007.7","23","001.1","23","999.9"," 0","  3.1","23","  5.6","999.9","  34.0"," ","  30.7"," "," 0.12","G","999.9","001000"
"01329099999","2025-01-23","60.35","6.2666666","50.0","KVAMSOY, NO","  34.2","19","  29.0","19"," 997.7","19","991.2","19","999.9"," 0","  8.5","19"," 17.5"," 22.3","  38.1"," ","  30.4"," "," 0.00","G","999.9","000000"
"01329099999","2025-01-24","60.35","6.2666666","50.0","KVAMSOY, NO","  38.1","24","  31.5","24"," 983.9","24","977.5","24","999.9"," 0","  8.6","24"," 19.0"," 29.1","  45.7"," ","  32.4"," "," 0.00","G","999.9","000000"
"01329099999","2025-01-25","60.35","6.2666666","50.0","KVAMSOY, NO","  40.6","24","  37.5","24"," 982.2","24","975.8","24","999.9"," 0"," 25.9","24"," 31.1"," 48.6","  45.3"," ","  39.0"," "," 0.72","G","  0.8","010000"
"01329099999","2025-01-26","60.35","6.2666666","50.0","KVAMSOY, NO","  38.1","24","  33.3","24"," 997.9","24","991.4","24","999.9"," 0","  8.8","24"," 25.3"," 33.2","  42.3"," ","  32.7"," "," 0.93","G","999.9","010000"
"01329099999","2025-01-27","60.35","6.2666666","50.0","KVAMSOY, NO","  39.5","24","  27.9","24"," 987.5","24","981.1","24","999.9"," 0"," 12.1","24"," 21.0"," 39.6","  43.3"," ","  33.1"," "," 0.00","G","999.9","000000"
"01329099999","2025-01-28","60.35","6.2666666","50.0","KVAMSOY, NO","  41.9","24","  30.4","24"," 991.6","24","985.2","24","999.9"," 0"," 12.5","24"," 17.5"," 28.2","  44.8"," ","  39.9"," "," 0.01","G","999.9","000000"
"01329099999","2025-01-29","60.35","6.2666666","50.0","KVAMSOY, NO","  42.0","24","  31.1","24"," 998.8","24","992.4","24","999.9"," 0","  9.6","24"," 14.8"," 25.6","  45.7"," ","  38.3"," "," 0.00","G","999.9","000000"
"01329099999","2025-01-30","60.35","6.2666666","50.0","KVAMSOY, NO","  35.4","24","  28.0","24","1007.9","24","001.3","24","999.9"," 0","  3.5","24","  7.8"," 15.0","  41.5"," ","  33.3"," "," 0.00","G","999.9","000000"
"01329099999","2025-01-31","60.35","6.2666666","50.0","KVAMSOY, NO","  34.2","23","  29.0","23","1021.8","23","015.1","23","999.9"," 0","  2.3","23","  5.8","  9.7","  37.6"," ","  31.3"," "," 0.00","G","999.9","000000"
"01329099999","2025-02-01","60.35","6.2666666","50.0","KVAMSOY, NO","  33.4","24","  25.7","24","1030.3","24","023.5","24","999.9"," 0","  4.8","24","  8.9"," 17.1","  37.6"," ","  31.3"," "," 0.00","G","999.9","000000"
"01329099999","2025-02-02","60.35","6.2666666","50.0","KVAMSOY, NO","  36.0","24","  26.6","24","1022.9","24","016.2","24","999.9"," 0","  3.4","24","  7.8"," 10.1","  37.9"," ","  32.7"," "," 0.00","G","999.9","000000"
"01329099999","2025-02-03","60.35","6.2666666","50.0","KVAMSOY, NO","  36.5","24","  35.1","24","1019.8","24","013.2","24","999.9"," 0","  2.1","24","  5.8","999.9","  38.7"," ","  35.4"," "," 0.03","G","999.9","010000"
"01329099999","2025-02-04","60.35","6.2666666","50.0","KVAMSOY, NO","  39.1","24","  38.4","24","1012.2","24","005.6","24","999.9"," 0","  3.2","24","  7.0","999.9","  43.0"," ","  36.5"," "," 0.14","G","999.9","000000"
"01329099999","2025-02-05","60.35","6.2666666","50.0","KVAMSOY, NO","  38.8","24","  36.8","24","1023.7","24","017.1","24","999.9"," 0","  7.9","24"," 23.3"," 29.1","  43.9"," ","  36.0"," "," 0.73","G","999.9","010000"
"01329099999","2025-02-06","60.35","6.2666666","50.0","KVAMSOY, NO","  37.4","24","  36.1","24","1046.9","24","040.1","24","999.9"," 0","  2.8","24","  5.8"," 10.9","  40.5"," ","  34.5"," "," 0.29","G","999.9","000000"
"01329099999","2025-02-07","60.35","6.2666666","50.0","KVAMSOY, NO","  35.1","23","  30.2","23","1045.3","23","038.5","23","999.9"," 0","  3.6","23","  5.8"," 19.8","  38.1"," ","  33.6"," "," 0.01","G","999.9","000000"
"01329099999","2025-02-08","60.35","6.2666666","50.0","KVAMSOY, NO","  37.1","24","  22.8","24","1036.2","24","029.4","24","999.9"," 0","  9.6","24"," 21.4"," 28.2","  41.4"," ","  33.6"," "," 0.00","G","999.9","000000"
"01329099999","2025-02-09","60.35","6.2666666","50.0","KVAMSOY, NO","  33.3","23","  21.3","23","1043.6","23","036.7","23","999.9"," 0","  7.2","23","  9.7"," 18.8","  37.0"," ","  30.4"," "," 0.00","G","999.9","000000"
"01329099999","2025-02-10","60.35","6.2666666","50.0","KVAMSOY, NO","  36.7","23","  23.8","23","1045.0","23","038.2","23","999.9"," 0","  9.0","23"," 19.4"," 32.2","  41.9"," ","  31.5"," "," 0.00","G","999.9","000000"
"01329099999","2025-02-11","60.35","6.2666666","50.0","KVAMSOY, NO","  41.0","21","  27.9","21","1038.4","21","031.7","21","999.9"," 0"," 13.5","21"," 19.4"," 33.4","  45.0"," ","  37.8"," "," 0.00","G","999.9","000000"
"01329099999","2025-02-12","60.35","6.2666666","50.0","KVAMSOY, NO","  37.0","24","  22.3","24","1031.5","24","024.8","24","999.9"," 0"," 10.0","24"," 17.5"," 22.3","  40.5"," ","  34.2"," "," 0.00","G","999.9","000000"
"01329099999","2025-02-13","60.35","6.2666666","50.0","KVAMSOY, NO","  35.4","24","  21.1","24","1029.2","24","022.5","24","999.9"," 0","  9.9","24"," 17.5"," 24.7","  41.2"," ","  31.3"," "," 0.00","G","999.9","000000"
"01329099999","2025-02-14","60.35","6.2666666","50.0","KVAMSOY, NO","  31.2","24","  26.6","24","1029.2","24","022.4","24","999.9"," 0","  3.8","24","  7.8"," 13.6","  34.5"," ","  30.4"," "," 0.00","G","999.9","001000"
"01329099999","2025-02-15","60.35","6.2666666","50.0","KVAMSOY, NO","  29.8","24","  18.7","24","1028.0","24","021.2","24","999.9"," 0"," 10.4","24"," 19.4"," 30.5","  34.7"," ","  26.2"," "," 0.26","G","  2.4","000000"
"01329099999","2025-02-16","60.35","6.2666666","50.0","KVAMSOY, NO","  25.6","22","  10.3","22","1032.3","22","025.4","22","999.9"," 0","  7.5","22"," 15.5"," 24.3","  30.6"," ","  22.3"," "," 0.01","G","  2.0","000000"
"01329099999","2025-02-17","60.35","6.2666666","50.0","KVAMSOY, NO","  27.5","24","  16.3","24","1029.3","24","022.5","24","999.9"," 0","  5.2","24","  7.8"," 17.9","  33.1"," ","  23.4"," "," 0.00","G","999.9","000000"
"01329099999","2025-02-18","60.35","6.2666666","50.0","KVAMSOY, NO","  29.1","24","  18.3","24","1030.2","24","023.4","24","999.9"," 0","  6.7","24"," 11.7"," 19.6","  34.9"," ","  25.7"," "," 0.00","G","999.9","000000"
"01329099999","2025-02-19","60.35","6.2666666","50.0","KVAMSOY, NO","  31.4","24","  16.2","24","1027.8","24","021.1","24","999.9"," 0","  9.2","24"," 15.5"," 22.3","  36.7"," ","  25.9"," "," 0.00","G","999.9","000000"
"01329099999","2025-02-20","60.35","6.2666666","50.0","KVAMSOY, NO","  39.3","21","  23.2","21","1013.6","21","007.0","21","999.9"," 0"," 19.7","21"," 27.2"," 44.7","  43.5"," ","  34.7"," "," 0.00","I","999.9","000000"
"01329099999","2025-02-21","60.35","6.2666666","50.0","KVAMSOY, NO","  40.9","24","  38.8","24","1008.2","24","001.7","24","999.9"," 0","  5.2","24"," 14.6"," 28.0","  46.4"," ","  36.7"," "," 0.04","E","999.9","010000"
"01329099999","2025-02-22","60.35","6.2666666","50.0","KVAMSOY, NO","  45.1","24","  44.5","24","1007.2","24","000.8","24","999.9"," 0","  4.3","24","  8.7"," 13.4","  48.4"," ","  41.9"," "," 1.09","G","999.9","100000"
"01329099999","2025-02-23","60.35","6.2666666","50.0","KVAMSOY, NO","  44.4","24","  40.1","24","1012.9","24","006.4","24","999.9"," 0","  4.1","24","  7.8"," 20.6","  50.7"," ","  41.9"," "," 0.78","G","999.9","000000"
"01329099999","2025-02-24","60.35","6.2666666","50.0","KVAMSOY, NO","  42.6","24","  41.6","24","1003.5","24","997.1","24","999.9"," 0","  3.9","24","  9.1"," 15.3","  50.7"," ","  40.8"," "," 0.00","G","999.9","010000"
"01329099999","2025-02-25","60.35","6.2666666","50.0","KVAMSOY, NO","  40.7","24","  39.0","24","1005.4","24","998.9","24","999.9"," 0","  3.9","24","  7.8"," 10.7","  43.9"," ","  37.6"," "," 0.37","G","999.9","010000"
"01329099999","2025-02-26","60.35","6.2666666","50.0","KVAMSOY, NO","  40.6","24","  38.5","24","1009.9","24","003.4","24","999.9"," 0","  6.1","24"," 15.5"," 21.2","  45.0"," ","  37.6"," "," 0.59","G","999.9","010000"
"01329099999","2025-02-27","60.35","6.2666666","50.0","KVAMSOY, NO","  38.5","24","  36.8","24","1017.8","24","011.2","24","999.9"," 0","  2.7","24","  6.4"," 13.0","  42.3"," ","  35.8"," "," 0.14","G","999.9","000000"
"01329099999","2025-02-28","60.35","6.2666666","50.0","KVAMSOY, NO","  36.7","16","  35.4","16","1026.2","16","019.5","16","999.9"," 0","  2.3","16","  4.5","999.9","  39.2"," ","  35.4"," "," 0.01","G","999.9","000000"
"01329099999","2025-03-01","60.35","6.2666666","50.0","KVAMSOY, NO","  39.4","24","  37.8","24","1026.6","24","019.9","24","999.9"," 0","  7.3","24"," 20.8"," 29.1","  43.2"," ","  36.3"," "," 0.06","G","999.9","110000"
"01329099999","2025-03-02","60.35","6.2666666","50.0","KVAMSOY, NO","  42.7","23","  41.0","23","1021.2","23","014.6","23","999.9"," 0"," 17.1","23"," 23.3"," 32.2","  43.5"," ","  40.8"," "," 0.35","G","999.9","010000"
"01329099999","2025-03-03","60.35","6.2666666","50.0","KVAMSOY, NO","  42.0","24","  39.1","24","1013.1","24","006.6","24","999.9"," 0"," 16.2","24"," 25.6"," 37.3","  44.4"," ","  37.4"," "," 0.67","G","  0.4","010000"
"01329099999","2025-03-04","60.35","6.2666666","50.0","KVAMSOY, NO","  44.2","24","  41.8","24","1007.4","24","001.0","24","999.9"," 0"," 22.2","24"," 28.4"," 39.6","  46.8"," ","  43.0"," "," 0.79","G","999.9","010000"
"01329099999","2025-03-05","60.35","6.2666666","50.0","KVAMSOY, NO","  45.7","24","  44.5","24","1000.1","24","993.8","24","999.9"," 0"," 21.8","24"," 27.4"," 37.3","  47.7"," ","  43.2"," "," 1.88","G","  0.8","010000"
"01329099999","2025-03-06","60.35","6.2666666","50.0","KVAMSOY, NO","  45.8","24","  43.7","24","1006.6","24","000.1","24","999.9"," 0"," 11.4","24"," 24.3"," 35.7","  49.1"," ","  42.6"," "," 1.10","G","999.9","010000"
"01329099999","2025-03-07","60.35","6.2666666","50.0","KVAMSOY, NO","  42.7","24","  41.3","24","1011.5","24","005.0","24","999.9"," 0","  5.3","23"," 17.9"," 24.7","  45.1"," ","  39.9"," "," 0.22","G","  0.4","010000"
"01329099999","2025-03-08","60.35","6.2666666","50.0","KVAMSOY, NO","  41.0","24","  37.5","24","1017.7","24","011.1","24","999.9"," 0","  4.0","24","  7.6"," 20.4","  44.4"," ","  37.4"," "," 0.28","G","999.9","010000"
"01329099999","2025-03-09","60.35","6.2666666","50.0","KVAMSOY, NO","  42.4","24","  41.1","24","1012.2","24","005.6","24","999.9"," 0","  2.5","24","  4.3"," 10.9","  48.2"," ","  40.1"," "," 0.39","G","999.9","000000"
"01329099999","2025-03-10","60.35","6.2666666","50.0","KVAMSOY, NO","  40.5","24","  37.1","24","1006.5","24","000.0","24","999.9"," 0","  7.3","24"," 16.3"," 28.0","  43.7"," ","  39.6","*"," 0.00","G","999.9","100000"
"01329099999","2025-03-11","60.35","6.2666666","50.0","KVAMSOY, NO","  39.6","24","  29.5","24","1002.8","24","996.3","24","999.9"," 0","  5.1","24"," 13.4"," 25.3","  44.6"," ","  36.7"," "," 0.09","G","999.9","000000"
"01329099999","2025-03-12","60.35","6.2666666","50.0","KVAMSOY, NO","  37.0","23","  21.2","23","1002.5","23","996.0","23","999.9"," 0"," 10.7","23"," 13.6"," 24.7","  43.7"," ","  32.9"," "," 0.00","G","999.9","000000"
"01329099999","2025-03-13","60.35","6.2666666","50.0","KVAMSOY, NO","  34.3","24","  20.5","24","1003.8","24","997.2","24","999.9"," 0","  5.7","24","  9.3"," 18.6","  40.1"," ","  29.5"," "," 0.00","G","999.9","000000"
"01329099999","2025-03-14","60.35","6.2666666","50.0","KVAMSOY, NO","  35.1","24","  24.0","24","1012.3","24","005.7","24","999.9"," 0","  5.1","24","  8.2"," 15.5","  40.8"," ","  29.8"," "," 0.00","G","999.9","000000"
"01329099999","2025-03-15","60.35","6.2666666","50.0","KVAMSOY, NO","  37.5","24","  32.4","24","1019.0","24","012.4","24","999.9"," 0","  7.6","24"," 13.8"," 20.6","  41.0"," ","  33.4"," "," 0.00","G","999.9","000000"
"01329099999","2025-03-16","60.35","6.2666666","50.0","KVAMSOY, NO","  39.8","24","  22.6","24","1024.6","24","018.0","24","999.9"," 0","  7.0","24"," 13.0"," 25.1","  46.6"," ","  34.9"," "," 0.06","G","999.9","000000"
"01329099999","2025-03-17","60.35","6.2666666","50.0","KVAMSOY, NO","  36.1","24","  23.8","24","1033.4","24","026.7","24","999.9"," 0","  4.0","24","  9.7"," 15.3","  42.1"," ","  30.9"," "," 0.00","G","999.9","000000"
"01329099999","2025-03-18","60.35","6.2666666","50.0","KVAMSOY, NO","  39.6","24","  35.5","24","1029.3","24","022.7","24","999.9"," 0","  5.2","24","  9.7"," 16.1","  45.9"," ","  35.8"," "," 0.00","G","999.9","000000"
"01329099999","2025-03-19","60.35","6.2666666","50.0","KVAMSOY, NO","  40.3","24","  32.5","24","1024.9","24","018.2","24","999.9"," 0","  2.8","24","  7.2"," 13.4","  48.0"," ","  37.2"," "," 0.00","G","999.9","000000"
"01329099999","2025-03-20","60.35","6.2666666","50.0","KVAMSOY, NO","  38.8","24","  30.5","24","1022.6","24","016.0","24","999.9"," 0","  3.4","24","  5.8"," 15.2","  43.2"," ","  36.7"," "," 0.00","G","999.9","000000"
"01329099999","2025-03-21","60.35","6.2666666","50.0","KVAMSOY, NO","  44.3","24","  28.4","24","1023.3","24","016.7","24","999.9"," 0"," 13.8","24"," 22.9"," 41.8","  51.8","*","  36.9"," "," 0.00","G","999.9","000000"
"01329099999","2025-03-22","60.35","6.2666666","50.0","KVAMSOY, NO","  48.9","24","  25.3","24","1018.7","24","012.3","24","999.9"," 0"," 21.1","24"," 26.6"," 44.1","  54.9"," ","  45.5"," "," 0.00","G","999.9","000000"
"01329099999","2025-03-23","60.35","6.2666666","50.0","KVAMSOY, NO","  47.3","24","  29.7","24","1018.2","24","011.7","24","999.9"," 0"," 13.2","24"," 21.2"," 37.7","  53.6"," ","  42.1"," "," 0.00","G","999.9","000000"
"01329099999","2025-03-24","60.35","6.2666666","50.0","KVAMSOY, NO","  43.2","23","  36.1","23","1012.9","23","006.4","23","999.9"," 0","  9.5","23"," 18.8"," 28.6","  47.8"," ","  39.6"," "," 0.00","G","999.9","010000"
"01329099999","2025-03-25","60.35","6.2666666","50.0","KVAMSOY, NO","  42.0","24","  39.1","24","1010.6","24","004.1","24","999.9"," 0","  5.9","24"," 13.6"," 28.6","  45.5"," ","  39.2"," "," 0.47","G","999.9","010000"
"01329099999","2025-03-26","60.35","6.2666666","50.0","KVAMSOY, NO","  43.2","23","  40.3","23","1017.8","23","011.3","23","999.9"," 0","  6.1","23"," 12.6"," 18.6","  45.0"," ","  41.0"," "," 0.07","G","999.9","000000"
"01329099999","2025-03-27","60.35","6.2666666","50.0","KVAMSOY, NO","  44.5","21","  41.7","21","1009.3","21","002.8","21","999.9"," 0","  7.3","21"," 14.8"," 22.5","  47.8"," ","  42.1"," "," 0.12","G","999.9","010000"
"01329099999","2025-03-28","60.35","6.2666666","50.0","KVAMSOY, NO","  45.1","22","  41.9","22"," 999.1","22","992.7","22","999.9"," 0"," 14.4","22"," 27.4"," 36.5","  50.4"," ","  43.2"," "," 1.52","G","  0.4","010000"
"01329099999","2025-03-29","60.35","6.2666666","50.0","KVAMSOY, NO","  41.3","24","  37.6","24","1006.2","24","999.8","24","999.9"," 0"," 12.3","24"," 20.2"," 32.6","  46.2"," ","  38.5"," "," 0.35","G","999.9","000000"
"01329099999","2025-03-30","60.35","6.2666666","50.0","KVAMSOY, NO","  45.5","24","  31.1","24","1006.4","24","000.0","24","999.9"," 0","  6.1","24"," 13.4"," 24.9","  54.0"," ","  38.5"," "," 0.20","G","999.9","000000"
"01329099999","2025-03-31","60.35","6.2666666","50.0","KVAMSOY, NO","  43.2","24","  33.3","24","1026.7","24","020.1","24","999.9"," 0","  2.7","24","  7.2"," 10.3","  51.1"," ","  34.3"," "," 0.00","G","999.9","000000"
"01329099999","2025-04-01","60.35","6.2666666","50.0","KVAMSOY, NO","  47.9","24","  40.2","24","1033.3","24","026.7","24","999.9"," 0","  2.2","24","  5.8","999.9","  56.7"," ","  42.1"," "," 0.00","G","999.9","000000"
"01329099999","2025-04-02","60.35","6.2666666","50.0","KVAMSOY, NO","  49.7","24","  40.5","24","1033.3","24","026.7","24","999.9"," 0","  2.3","24","  4.5","999.9","  60.3"," ","  41.9"," "," 0.00","G","999.9","000000"
"01329099999","2025-04-03","60.35","6.2666666","50.0","KVAMSOY, NO","  48.4","24","  41.0","24","1030.3","24","023.8","24","999.9"," 0","  4.2","24"," 10.3"," 15.3","  59.5"," ","  40.1"," "," 0.00","G","999.9","000000"
"01329099999","2025-04-04","60.35","6.2666666","50.0","KVAMSOY, NO","  48.3","24","  31.1","24","1027.4","24","020.9","24","999.9"," 0","  4.5","24","  9.7"," 16.3","  57.0"," ","  40.5"," "," 0.00","G","999.9","000000"
"01329099999","2025-04-05","60.35","6.2666666","50.0","KVAMSOY, NO","  46.6","24","  31.3","24","1028.9","24","022.3","24","999.9"," 0","  5.4","24","  8.7"," 20.4","  55.4"," ","  41.0"," "," 0.00","G","999.9","000000"
"01329099999","2025-04-06","60.35","6.2666666","50.0","KVAMSOY, NO","  44.2","24","  36.5","24","1031.0","24","024.3","24","999.9"," 0","  4.8","24","  8.0"," 14.4","  54.5"," ","  37.4"," "," 0.00","G","999.9","000000"
"01329099999","2025-04-07","60.35","6.2666666","50.0","KVAMSOY, NO","  46.2","24","  37.5","24","1027.7","24","021.1","24","999.9"," 0","  4.3","24","  8.4"," 14.2","  55.6"," ","  38.7"," "," 0.00","G","999.9","000000"
"01329099999","2025-04-08","60.35","6.2666666","50.0","KVAMSOY, NO","  44.6","24","  39.2","24","1029.8","24","023.2","24","999.9"," 0","  4.0","24","  5.8"," 14.2","  50.2"," ","  42.3"," "," 0.00","G","999.9","000000"
"01329099999","2025-04-09","60.35","6.2666666","50.0","KVAMSOY, NO","  48.0","24","  33.0","24","1026.6","24","020.1","24","999.9"," 0","  2.9","24","  9.7"," 17.7","  59.7"," ","  38.5"," "," 0.00","G","999.9","000000"
"01329099999","2025-04-10","60.35","6.2666666","50.0","KVAMSOY, NO","  43.2","24","  37.6","24","1022.2","24","015.7","24","999.9"," 0","  9.8","24"," 16.5"," 23.3","  52.9"," ","  39.9"," "," 0.00","G","999.9","000000"
"01329099999","2025-04-11","60.35","6.2666666","50.0","KVAMSOY, NO","  46.6","24","  44.5","24","1012.9","24","006.5","24","999.9"," 0","  8.7","24"," 14.4"," 22.0","  50.2"," ","  43.2"," "," 0.15","G","999.9","010000"
"01329099999","2025-04-12","60.35","6.2666666","50.0","KVAMSOY, NO","  48.7","24","  40.3","24","1010.2","24","003.8","24","999.9"," 0","  5.1","24"," 17.1"," 22.1","  54.7"," ","  44.1"," "," 0.00","G","999.9","000000"
"01329099999","2025-04-13","60.35","6.2666666","50.0","KVAMSOY, NO","  49.2","24","  41.2","24"," 997.5","24","991.2","24","999.9"," 0","  7.6","24"," 17.5"," 26.4","  56.7"," ","  43.0"," "," 0.00","G","999.9","010000"
"01329099999","2025-04-14","60.35","6.2666666","50.0","KVAMSOY, NO","  47.2","24","  37.5","24","1005.5","24","999.1","24","999.9"," 0","  6.2","24"," 14.8"," 23.5","  56.7"," ","  41.9"," "," 0.28","G","999.9","000000"
"01329099999","2025-04-15","60.35","6.2666666","50.0","KVAMSOY, NO","  50.2","24","  37.0","24","1008.2","24","001.8","24","999.9"," 0","  9.6","24"," 15.9"," 30.9","  56.7"," ","  41.0"," "," 0.00","G","999.9","000000"
"01329099999","2025-04-16","60.35","6.2666666","50.0","KVAMSOY, NO","  56.5","24","  44.7","24","1005.5","24","999.2","24","999.9"," 0","  9.7","24"," 20.2"," 33.8","  65.3"," ","  49.6"," "," 0.00","G","999.9","000000"
"01329099999","2025-04-17","60.35","6.2666666","50.0","KVAMSOY, NO","  48.0","24","  44.0","24","1011.5","24","005.0","24","999.9"," 0","  5.0","24"," 13.6"," 21.2","  56.8"," ","  45.5"," "," 0.20","G","999.9","010000"
"01329099999","2025-04-18","60.35","6.2666666","50.0","KVAMSOY, NO","  49.0","24","  40.8","24","1014.6","24","008.1","24","999.9"," 0","  4.1","24","  7.8"," 12.2","  57.0"," ","  44.1"," "," 0.02","G","999.9","000000"
"01329099999","2025-04-19","60.35","6.2666666","50.0","KVAMSOY, NO","  52.5","24","  38.3","24","1013.1","24","006.7","24","999.9"," 0","  5.4","24"," 11.7"," 23.1","  64.8"," ","  40.6"," "," 0.00","G","999.9","000000"
"01329099999","2025-04-20","60.35","6.2666666","50.0","KVAMSOY, NO","  53.4","24","  38.0","24","1011.0","24","004.6","24","999.9"," 0","  9.1","24"," 13.6"," 26.0","  60.4"," ","  49.3"," "," 0.00","G","999.9","000000"
"01329099999","2025-04-21","60.35","6.2666666","50.0","KVAMSOY, NO","  51.9","24","  38.0","24","1013.3","24","006.9","24","999.9"," 0","  2.8","24","  5.8"," 11.5","  56.7"," ","  48.6"," "," 0.00","G","999.9","000000"
"01329099999","2025-04-22","60.35","6.2666666","50.0","KVAMSOY, NO","  50.4","24","  42.2","24","1015.4","24","008.9","24","999.9"," 0","  3.4","24","  6.8","  9.9","  55.2"," ","  47.1"," "," 0.00","G","999.9","000000"
"01329099999","2025-04-23","60.35","6.2666666","50.0","KVAMSOY, NO","  52.1","24","  43.3","24","1018.8","24","012.3","24","999.9"," 0","  3.7","24","  6.0"," 10.9","  60.1"," ","  45.9","*"," 0.00","G","999.9","000000"
"01329099999","2025-04-24","60.35","6.2666666","50.0","KVAMSOY, NO","  50.3","24","  36.6","24","1021.3","24","014.8","24","999.9"," 0","  4.6","24","  7.8"," 13.6","  58.8"," ","  43.9"," "," 0.00","G","999.9","000000"
"01329099999","2025-04-25","60.35","6.2666666","50.0","KVAMSOY, NO","  48.7","24","  34.3","24","1025.7","24","019.2","24","999.9"," 0","  5.5","24","  9.7"," 18.8","  55.9"," ","  44.1"," "," 0.00","G","999.9","000000"
"01329099999","2025-04-26","60.35","6.2666666","50.0","KVAMSOY, NO","  49.2","24","  37.2","24","1026.8","24","020.3","24","999.9"," 0","  3.9","24","  7.8","999.9","  58.6"," ","  39.4"," "," 0.00","E","999.9","000000"
"01329099999","2025-04-27","60.35","6.2666666","50.0","KVAMSOY, NO","  47.7","24","  41.4","24","1024.3","24","017.8","24","999.9"," 0","  3.0","24","  5.8","999.9","  58.1"," ","  42.3"," "," 0.00","G","999.9","000000"
"01329099999","2025-04-28","60.35","6.2666666","50.0","KVAMSOY, NO","  49.8","22","  46.4","22","1019.4","22","013.0","22","999.9"," 0","  9.0","22"," 15.5"," 24.7","  54.9"," ","  46.0"," "," 1.17","G","999.9","000000"
"01329099999","2025-04-29","60.35","6.2666666","50.0","KVAMSOY, NO","  48.8","24","  44.5","24","1024.4","24","017.9","24","999.9"," 0","  7.7","24"," 15.5"," 24.1","  54.9"," ","  46.6"," "," 0.39","G","999.9","000000"
"01329099999","2025-04-30","60.35","6.2666666","50.0","KVAMSOY, NO","  51.4","24","  42.0","24","1022.8","24","016.3","24","999.9"," 0","  3.6","24"," 13.2"," 18.5","  61.3"," ","  45.0"," "," 0.22","G","999.9","000000"
"01329099999","2025-05-01","60.35","6.2666666","50.0","KVAMSOY, NO","  48.2","24","  45.1","24","1014.2","24","007.8","24","999.9"," 0","  4.2","24"," 11.8"," 19.6","  53.6"," ","  45.3"," "," 0.00","G","  0.8","010000"
"01329099999","2025-05-02","60.35","6.2666666","50.0","KVAMSOY, NO","  45.7","24","  42.5","24","1007.4","24","001.0","24","999.9"," 0"," 10.0","24"," 14.0"," 26.8","  50.7"," ","  42.8"," "," 1.13","G","  0.4","010000"
"01329099999","2025-05-03","60.35","6.2666666","50.0","KVAMSOY, NO","  47.4","24","  40.1","24","1005.4","24","999.0","24","999.9"," 0","  5.3","24","  8.7"," 19.6","  54.7"," ","  42.8"," "," 0.37","G","999.9","000000"
"01329099999","2025-05-04","60.35","6.2666666","50.0","KVAMSOY, NO","  49.0","24","  25.2","24","1015.3","24","008.9","24","999.9"," 0","  5.4","24"," 14.0"," 25.1","  58.5"," ","  41.2"," "," 0.02","G","999.9","000000"
"01329099999","2025-05-05","60.35","6.2666666","50.0","KVAMSOY, NO","  45.2","24","  35.2","24","1020.5","24","013.9","24","999.9"," 0","  7.6","24"," 16.7"," 32.2","  50.4"," ","  39.4"," "," 0.00","G","999.9","000000"
"01329099999","2025-05-06","60.35","6.2666666","50.0","KVAMSOY, NO","  48.4","24","  36.1","24","1022.0","24","015.5","24","999.9"," 0","  4.0","24","  7.8"," 14.2","  58.8"," ","  39.9"," "," 0.00","E","999.9","000000"
"01329099999","2025-05-07","60.35","6.2666666","50.0","KVAMSOY, NO","  51.9","24","  40.4","24","1023.8","24","017.3","24","999.9"," 0","  3.3","24","  5.8"," 11.1","  61.0"," ","  42.3"," "," 0.00","G","999.9","000000"
"01329099999","2025-05-08","60.35","6.2666666","50.0","KVAMSOY, NO","  55.2","24","  45.2","24","1021.3","24","014.9","24","999.9"," 0","  3.7","24","  7.8"," 15.2","  63.7"," ","  47.5"," "," 0.00","G","999.9","000000"
"01329099999","2025-05-09","60.35","6.2666666","50.0","KVAMSOY, NO","  53.8","24","  47.6","24","1020.6","24","014.2","24","999.9"," 0","  6.3","24","  8.2"," 15.7","  62.6"," ","  50.2"," "," 0.00","G","999.9","000000"
"01329099999","2025-05-10","60.35","6.2666666","50.0","KVAMSOY, NO","  56.6","24","  45.7","24","1020.7","24","014.3","24","999.9"," 0","  3.7","24","  7.8","  9.9","  69.3"," ","  45.5"," "," 0.00","G","999.9","000000"
"01329099999","2025-05-11","60.35","6.2666666","50.0","KVAMSOY, NO","  57.5","24","  46.2","24","1020.2","24","013.8","24","999.9"," 0","  3.9","24","  7.8"," 13.2","  69.6"," ","  48.7"," "," 0.00","G","999.9","000000"
"01329099999","2025-05-12","60.35","6.2666666","50.0","KVAMSOY, NO","  57.9","24","  46.6","24","1021.9","24","015.5","24","999.9"," 0","  4.3","24"," 10.1"," 15.9","  69.3"," ","  47.5"," "," 0.00","G","999.9","000000"
"01329099999","2025-05-13","60.35","6.2666666","50.0","KVAMSOY, NO","  55.9","23","  44.8","23","1022.5","23","016.1","23","999.9"," 0","  7.1","23"," 13.6"," 19.8","  63.3"," ","  51.3"," "," 0.00","G","999.9","000000"
"01329099999","2025-05-14","60.35","6.2666666","50.0","KVAMSOY, NO","  56.3","24","  35.0","24","1021.1","24","014.7","24","999.9"," 0","  4.7","24","  9.3"," 23.7","  64.0"," ","  47.7"," "," 0.00","G","999.9","000000"
"01329099999","2025-05-15","60.35","6.2666666","50.0","KVAMSOY, NO","  59.9","24","  35.2","24","1024.9","24","018.5","24","999.9"," 0","  4.7","24","  7.8"," 17.5","  71.1"," ","  49.5"," "," 0.00","G","999.9","000000"
"01329099999","2025-05-16","60.35","6.2666666","50.0","KVAMSOY, NO","  63.4","24","  38.4","24","1023.7","24","017.4","24","999.9"," 0","  6.1","24"," 11.7"," 22.7","  75.7"," ","  51.4"," "," 0.00","G","999.9","000000"
"01329099999","2025-05-17","60.35","6.2666666","50.0","KVAMSOY, NO","  64.5","24","  37.5","24","1020.5","24","014.2","24","999.9"," 0","  4.5","23","  8.2"," 18.8","  75.9"," ","  55.0"," "," 0.00","G","999.9","000000"
"01329099999","2025-05-18","60.35","6.2666666","50.0","KVAMSOY, NO","  63.3","24","  38.1","24","1021.6","24","015.3","24","999.9"," 0","  6.7","24"," 13.0"," 24.1","  73.0"," ","  55.6"," "," 0.00","G","999.9","000000"
"01329099999","2025-05-19","60.35","6.2666666","50.0","KVAMSOY, NO","  62.8","24","  43.4","24","1022.2","24","015.9","24","999.9"," 0","  4.3","24","  7.8"," 15.0","  74.8"," ","  52.5"," "," 0.00","G","999.9","000000"
"01329099999","2025-05-20","60.35","6.2666666","50.0","KVAMSOY, NO","  63.5","24","  37.8","24","1012.8","24","006.6","24","999.9"," 0","  3.6","24","  7.8"," 18.1","  78.8"," ","  52.2"," "," 0.00","G","999.9","000000"
"01329099999","2025-05-21","60.35","6.2666666","50.0","KVAMSOY, NO","  52.8","24","  29.5","24","1008.6","24","002.2","24","999.9"," 0","  6.6","24","  9.7"," 28.2","  67.1"," ","  46.4"," "," 0.00","G","999.9","000000"
"01329099999","2025-05-22","60.35","6.2666666","50.0","KVAMSOY, NO","  51.1","24","  27.8","24","1011.7","24","005.3","24","999.9"," 0","  4.5","24","  9.7"," 18.8","  61.5"," ","  43.9"," "," 0.00","G","999.9","000000"
"01329099999","2025-05-23","60.35","6.2666666","50.0","KVAMSOY, NO","  54.1","24","  34.5","24","1008.1","24","001.7","24","999.9"," 0","  3.2","24","  9.7"," 18.5","  65.8"," ","  43.2"," "," 0.02","G","999.9","000000"
"01329099999","2025-05-24","60.35","6.2666666","50.0","KVAMSOY, NO","  51.3","24","  39.5","24","1004.5","24","998.2","24","999.9"," 0","  7.1","24"," 11.5"," 18.6","  59.0"," ","  47.7"," "," 0.00","G","999.9","000000"
"01329099999","2025-05-25","60.35","6.2666666","50.0","KVAMSOY, NO","  52.8","24","  46.9","24"," 997.1","24","990.8","24","999.9"," 0","  7.4","24"," 14.8"," 31.7","  57.9"," ","  48.0"," "," 0.02","G","999.9","000000"
"01329099999","2025-05-26","60.35","6.2666666","50.0","KVAMSOY, NO","  46.6","24","  44.2","24","1002.9","24","996.5","24","999.9"," 0","  4.9","24","  9.9"," 40.4","  55.2"," ","  43.2"," "," 0.21","G","  0.4","000000"
"01329099999","2025-05-27","60.35","6.2666666","50.0","KVAMSOY, NO","  47.7","22","  45.3","22","1000.7","22","994.3","22","999.9"," 0","  7.0","22"," 15.5"," 22.9","  52.0"," ","  43.2"," "," 0.93","G","  0.4","010000"
"01329099999","2025-05-28","60.35","6.2666666","50.0","KVAMSOY, NO","  50.6","24","  44.9","24","1008.3","24","001.9","24","999.9"," 0","  9.0","24"," 14.0"," 22.7","  59.2"," ","  46.6"," "," 0.41","G","999.9","000000"
"01329099999","2025-05-29","60.35","6.2666666","50.0","KVAMSOY, NO","  50.7","24","  46.2","24","1010.8","24","004.4","24","999.9"," 0","  4.5","24"," 14.0"," 28.0","  57.2"," ","  44.6"," "," 0.35","G","999.9","010000"
"01329099999","2025-05-30","60.35","6.2666666","50.0","KVAMSOY, NO","  51.3","24","  45.4","24","1008.2","24","001.8","24","999.9"," 0","  8.3","24"," 17.9"," 33.4","  56.3"," ","  48.4"," "," 0.00","G","999.9","000000"
"01329099999","2025-05-31","60.35","6.2666666","50.0","KVAMSOY, NO","  54.6","24","  42.9","24","1014.7","24","008.3","24","999.9"," 0","  3.1","24","  6.4"," 10.3","  66.2"," ","  45.3"," "," 0.01","G","999.9","000000"
"01329099999","2025-06-01","60.35","6.2666666","50.0","KVAMSOY, NO","  53.0","24","  47.5","24","1004.9","24","998.5","24","999.9"," 0","  6.3","24"," 13.6"," 24.7","  62.2"," ","  48.0"," "," 0.34","G","999.9","010000"
"01329099999","2025-06-02","60.35","6.2666666","50.0","KVAMSOY, NO","  49.5","23","  45.0","23","1005.3","23","998.9","23","999.9"," 0","  9.2","23"," 15.5"," 29.3","  53.8"," ","  44.8"," "," 0.87","G","999.9","010000"
"01329099999","2025-06-03","60.35","6.2666666","50.0","KVAMSOY, NO","  51.3","24","  43.8","24","1002.0","24","995.6","24","999.9"," 0","  3.8","24"," 13.6"," 20.6","  62.8"," ","  43.2"," "," 0.02","G","999.9","010000"
"01329099999","2025-06-04","60.35","6.2666666","50.0","KVAMSOY, NO","  50.0","24","  44.8","24"," 997.8","24","991.5","24","999.9"," 0","  5.7","24"," 17.5"," 27.8","  59.4"," ","  45.7"," "," 0.55","G","999.9","010000"
"01329099999","2025-06-05","60.35","6.2666666","50.0","KVAMSOY, NO","  48.4","24","  46.0","24"," 999.9","24","993.5","24","999.9"," 0","  3.1","24","  5.8"," 10.7","  55.8"," ","  45.3"," "," 0.09","G","  0.4","010000"
"01329099999","2025-06-06","60.35","6.2666666","50.0","KVAMSOY, NO","  52.5","24","  45.9","24"," 999.6","24","993.3","24","999.9"," 0","  5.1","24"," 13.6"," 21.0","  60.6"," ","  45.9"," "," 0.33","G","999.9","000000"
"01329099999","2025-06-07","60.35","6.2666666","50.0","KVAMSOY, NO","  52.4","24","  43.2","24","1003.5","24","997.2","24","999.9"," 0","  5.1","24","  7.8"," 15.2","  61.5"," ","  47.1"," "," 0.01","G","999.9","000000"
"01329099999","2025-06-08","60.35","6.2666666","50.0","KVAMSOY, NO","  49.3","20","  42.3","20","1006.6","20","000.2","20","999.9"," 0","  6.1","20"," 15.5","999.9","  60.8"," ","  45.9"," "," 0.01","G","999.9","000000"
"01329099999","2025-06-09","60.35","6.2666666","50.0","KVAMSOY, NO","  51.4","21","  41.8","21","1013.2","21","006.8","21","999.9"," 0","  5.7","21","  7.8"," 12.2","  59.5"," ","  45.0"," "," 0.00","G","999.9","000000"
"01329099999","2025-06-10","60.35","6.2666666","50.0","KVAMSOY, NO","  52.1","23","  44.5","23","1010.5","23","004.1","23","999.9"," 0","  4.6","23"," 11.7"," 14.2","  63.7"," ","  47.7"," "," 0.06","G","999.9","010000"
"01329099999","2025-06-11","60.35","6.2666666","50.0","KVAMSOY, NO","  55.7","21","  42.6","21","1019.6","21","013.2","21","999.9"," 0","  6.0","21"," 13.6"," 16.3","  66.6"," ","  49.3"," "," 0.03","G","999.9","000000"
"01329099999","2025-06-12","60.35","6.2666666","50.0","KVAMSOY, NO","  61.7","21","  41.5","21","1024.9","21","018.5","21","999.9"," 0","  3.1","21","  7.8"," 15.2","  73.6"," ","  46.8"," "," 0.00","G","999.9","000000"
"01329099999","2025-06-13","60.35","6.2666666","50.0","KVAMSOY, NO","  65.3","24","  45.2","24","1024.3","24","018.0","24","999.9"," 0","  4.7","24"," 15.5"," 26.0","  78.4"," ","  53.1"," "," 0.01","G","999.9","000000"
"01329099999","2025-06-14","60.35","6.2666666","50.0","KVAMSOY, NO","  66.8","24","  49.2","24","1020.0","24","013.8","24","999.9"," 0","  3.3","24","  5.8"," 13.2","  79.0"," ","  56.3"," "," 0.00","G","999.9","000000"
"01329099999","2025-06-15","60.35","6.2666666","50.0","KVAMSOY, NO","  62.4","24","  53.7","24","1014.2","24","007.9","24","999.9"," 0","  7.4","24"," 13.6"," 24.3","  72.0"," ","  54.5"," "," 0.01","G","999.9","000000"
"01329099999","2025-06-16","60.35","6.2666666","50.0","KVAMSOY, NO","  54.3","23","  51.4","23","1018.4","23","012.0","23","999.9"," 0","  9.9","23"," 14.0"," 21.8","  62.1"," ","  52.7"," "," 0.08","G","999.9","000000"
"01329099999","2025-06-17","60.35","6.2666666","50.0","KVAMSOY, NO","  54.7","24","  52.1","24","1015.7","24","009.4","24","999.9"," 0","  8.9","24"," 15.7"," 23.9","  58.1"," ","  52.7"," "," 0.30","G","  0.4","010000"
"01329099999","2025-06-18","60.35","6.2666666","50.0","KVAMSOY, NO","  51.3","24","  46.9","24","1017.5","24","011.0","24","999.9"," 0","  7.3","24"," 13.6"," 21.8","  56.3"," ","  48.4"," "," 0.38","G","999.9","010000"
"01329099999","2025-06-19","60.35","6.2666666","50.0","KVAMSOY, NO","  53.6","24","  46.5","24","1024.0","24","017.5","24","999.9"," 0","  7.5","24"," 12.6"," 19.0","  59.4"," ","  48.4"," "," 0.27","G","999.9","000000"
"01329099999","2025-06-20","60.35","6.2666666","50.0","KVAMSOY, NO","  56.0","24","  47.9","24","1024.2","24","017.8","24","999.9"," 0","  3.7","24","  9.3"," 16.7","  63.0"," ","  50.5"," "," 0.01","G","999.9","000000"
"01329099999","2025-06-21","60.35","6.2666666","50.0","KVAMSOY, NO","  61.1","23","  47.8","23","1020.1","23","013.8","23","999.9"," 0","  3.3","23","  7.8"," 14.0","  72.5","*","  52.0"," "," 0.02","G","999.9","000000"
"01329099999","2025-06-22","60.35","6.2666666","50.0","KVAMSOY, NO","  60.5","24","  51.4","24","1008.0","24","001.7","24","999.9"," 0","  6.6","24"," 17.5"," 29.7","  67.6"," ","  55.6"," "," 0.00","G","999.9","000000"
"01329099999","2025-06-23","60.35","6.2666666","50.0","KVAMSOY, NO","  54.9","24","  51.3","24"," 997.1","24","990.8","24","999.9"," 0","  4.8","24","  9.7"," 20.6","  67.6"," ","  51.3"," "," 1.33","G","999.9","000000"
"01329099999","2025-06-24","60.35","6.2666666","50.0","KVAMSOY, NO","  53.4","24","  50.9","24"," 997.2","24","990.9","24","999.9"," 0","  4.1","24","  8.4"," 15.9","  56.3"," ","  50.4"," "," 0.11","G","999.9","100000"
"01329099999","2025-06-25","60.35","6.2666666","50.0","KVAMSOY, NO","  58.6","24","  53.1","24","1006.5","24","000.3","24","999.9"," 0","  4.7","23","  7.8"," 31.5","  68.5"," ","  53.2"," "," 0.00","G","999.9","000000"
"01329099999","2025-06-26","60.35","6.2666666","50.0","KVAMSOY, NO","  58.6","24","  53.3","24","1006.8","24","000.5","24","999.9"," 0","  3.6","24"," 12.6"," 36.1","  64.4"," ","  55.6"," "," 0.00","G","999.9","000000"
"01329099999","2025-06-27","60.35","6.2666666","50.0","KVAMSOY, NO","  56.7","23","  50.5","23","1010.8","23","004.5","23","999.9"," 0","  7.1","23"," 15.5"," 19.0","  62.2"," ","  52.7"," "," 0.31","G","999.9","000000"
"01329099999","2025-06-28","60.35","6.2666666","50.0","KVAMSOY, NO","  56.0","24","  52.4","24","1009.3","24","003.0","24","999.9"," 0","  8.2","24"," 15.5"," 28.9","  61.7","*","  51.1"," "," 0.38","G","999.9","100000"
"01329099999","2025-06-29","60.35","6.2666666","50.0","KVAMSOY, NO","  53.9","24","  50.2","24","1014.5","24","008.1","24","999.9"," 0"," 12.0","24"," 19.0"," 33.6","  59.4"," ","  51.1"," "," 0.49","G","999.9","010000"
"01329099999","2025-06-30","60.35","6.2666666","50.0","KVAMSOY, NO","  56.5","24","  51.2","24","1021.0","24","014.6","24","999.9"," 0","  2.3","24","  5.8"," 11.8","  61.9"," ","  52.9"," "," 0.15","G","999.9","000000"
"01329099999","2025-07-01","60.35","6.2666666","50.0","KVAMSOY, NO","  55.3","24","  53.3","24","1017.0","24","010.6","24","999.9"," 0","  2.3","24","  6.8"," 17.1","  59.5"," ","  53.4"," "," 0.29","G","  0.4","010000"
"01329099999","2025-07-02","60.35","6.2666666","50.0","KVAMSOY, NO","  60.5","24","  52.1","24","1014.9","24","008.5","24","999.9"," 0","  6.2","24"," 12.4"," 20.0","  68.7"," ","  54.1"," "," 0.20","G","999.9","000000"
"01329099999","2025-07-03","60.35","6.2666666","50.0","KVAMSOY, NO","  54.6","21","  46.2","21","1018.8","21","012.4","21","999.9"," 0","  6.9","21"," 13.4"," 22.7","  63.0"," ","  50.7"," "," 0.00","G","999.9","000000"
"01329099999","2025-07-04","60.35","6.2666666","50.0","KVAMSOY, NO","  54.1","24","  49.4","24","1015.4","24","009.0","24","999.9"," 0","  2.2","23","  3.9"," 23.3","  60.3"," ","  49.5"," "," 0.01","G","999.9","000000"
"01329099999","2025-07-05","60.35","6.2666666","50.0","KVAMSOY, NO","  54.5","24","  53.6","24","1001.1","24","994.8","24","999.9"," 0","  5.4","24"," 10.9"," 22.5","  57.0"," ","  51.8"," "," 0.52","G","999.9","000000"
"01329099999","2025-07-06","60.35","6.2666666","50.0","KVAMSOY, NO","  58.3","24","  55.7","24","1000.1","24","993.9","24","999.9"," 0","  3.1","23","  6.2"," 15.0","  65.7"," ","  54.7"," "," 0.32","G","999.9","000000"
"01329099999","2025-07-07","60.35","6.2666666","50.0","KVAMSOY, NO","  61.7","24","  56.4","24","1001.7","24","995.5","24","999.9"," 0","  2.4","24","  4.1"," 10.3","  69.6"," ","  55.4"," "," 0.00","G","999.9","000000"
"01329099999","2025-07-08","60.35","6.2666666","50.0","KVAMSOY, NO","  62.1","24","  54.4","24","1010.0","24","003.7","24","999.9"," 0","  3.8","24"," 11.8"," 18.3","  75.0"," ","  55.6"," "," 0.00","G","999.9","000000"
"01329099999","2025-07-09","60.35","6.2666666","50.0","KVAMSOY, NO","  61.2","24","  54.0","24","1016.8","24","010.5","24","999.9"," 0","  3.5","24","  7.8"," 14.2","  68.2"," ","  57.0"," "," 0.00","B","999.9","000000"
"01329099999","2025-07-10","60.35","6.2666666","50.0","KVAMSOY, NO","  61.1","24","  55.2","24","1021.4","24","015.1","24","999.9"," 0","  2.1","24","  3.9","999.9","  70.0"," ","  56.3"," "," 0.00","G","999.9","000000"
"01329099999","2025-07-11","60.35","6.2666666","50.0","KVAMSOY, NO","  67.8","24","  58.6","24","1021.3","24","015.1","24","999.9"," 0","  3.0","24","  5.8","999.9","  80.4"," ","  57.4"," "," 0.03","G","999.9","000000"
"01329099999","2025-07-12","60.35","6.2666666","50.0","KVAMSOY, NO","  74.7","24","  57.8","24","1019.3","24","013.2","24","999.9"," 0","  2.9","24","  5.8","999.9","  90.0"," ","  61.2"," "," 0.00","G","999.9","000000"
"01329099999","2025-07-13","60.35","6.2666666","50.0","KVAMSOY, NO","  74.8","24","  56.2","24","1018.0","24","011.8","24","999.9"," 0","  4.2","24","  7.8"," 11.1","  87.8"," ","  67.3"," "," 0.00","G","999.9","000000"
"01329099999","2025-07-14","60.35","6.2666666","50.0","KVAMSOY, NO","  66.3","22","  63.4","22","1016.2","22","009.9","22","999.9"," 0","  4.0","22","  7.8"," 13.2","  75.4"," ","  64.4"," "," 0.16","E","999.9","000000"
"01329099999","2025-07-15","60.35","6.2666666","50.0","KVAMSOY, NO","  68.6","24","  63.1","24","1013.1","24","006.9","24","999.9"," 0","  4.4","24"," 11.7"," 20.6","  81.7"," ","  64.0"," "," 0.08","B","999.9","000000"
"01329099999","2025-07-16","60.35","6.2666666","50.0","KVAMSOY, NO","  69.5","24","  64.3","24","1013.1","24","006.9","24","999.9"," 0","  2.4","24","  5.8"," 11.1","  82.4"," ","  63.9","*"," 0.04","G","999.9","000000"
"01329099999","2025-07-17","60.35","6.2666666","50.0","KVAMSOY, NO","  73.2","24","  62.0","24","1015.2","24","009.0","24","999.9"," 0","  4.7","24"," 11.7"," 15.7","  86.9"," ","  64.2"," "," 0.02","G","999.9","000000"
"01329099999","2025-07-18","60.35","6.2666666","50.0","KVAMSOY, NO","  72.6","24","  63.3","24","1015.1","24","008.9","24","999.9"," 0","  4.4","24"," 10.5"," 16.7","  83.3"," ","  63.7"," "," 0.02","G","999.9","000000"
"01329099999","2025-07-19","60.35","6.2666666","50.0","KVAMSOY, NO","  73.2","24","  63.6","24","1013.1","24","006.9","24","999.9"," 0","  3.9","24","  6.0"," 13.4","  82.9"," ","  64.9"," "," 0.00","G","999.9","000000"
"01329099999","2025-07-20","60.35","6.2666666","50.0","KVAMSOY, NO","  74.2","24","  62.4","24","1009.6","24","003.5","24","999.9"," 0","  3.6","24","  6.4"," 16.9","  86.7"," ","  66.4"," "," 0.00","A","999.9","000000"
"01329099999","2025-07-21","60.35","6.2666666","50.0","KVAMSOY, NO","  74.8","24","  58.6","24","1007.0","24","000.9","24","999.9"," 0","  4.1","24","  9.1"," 19.6","  86.5"," ","  67.5"," "," 0.00","I","999.9","000000"
"01329099999","2025-07-22","60.35","6.2666666","50.0","KVAMSOY, NO","  69.9","24","  64.0","24","1007.8","24","001.7","24","999.9"," 0","  4.2","24","  7.4"," 16.3","  79.3"," ","  66.6"," "," 0.00","I","999.9","000000"
"01329099999","2025-07-23","60.35","6.2666666","50.0","KVAMSOY, NO","  73.9","24","  63.4","24","1010.2","24","004.0","24","999.9"," 0","  3.7","24","  6.2"," 21.4","  89.6"," ","  67.3"," "," 0.00","G","999.9","000000"
"01329099999","2025-07-24","60.35","6.2666666","50.0","KVAMSOY, NO","  71.7","24","  63.4","24","1012.8","24","006.6","24","999.9"," 0","  4.6","24","  9.7"," 19.8","  82.4"," ","  65.8"," "," 0.00","G","999.9","000010"
"01329099999","2025-07-25","60.35","6.2666666","50.0","KVAMSOY, NO","  66.1","24","  59.6","24","1012.3","24","006.1","24","999.9"," 0","  6.5","24"," 10.3"," 19.2","  72.1"," ","  62.1","*"," 0.00","G","999.9","000000"
"01329099999","2025-07-26","60.35","6.2666666","50.0","KVAMSOY, NO","  62.8","24","  54.0","24","1012.0","24","005.8","24","999.9"," 0","  5.1","24"," 11.5"," 29.9","  73.9"," ","  57.7"," "," 0.00","G","999.9","000000"
"01329099999","2025-07-27","60.35","6.2666666","50.0","KVAMSOY, NO","  64.8","24","  53.9","24","1010.1","24","003.9","24","999.9"," 0","  4.9","24","  8.7"," 15.3","  75.4"," ","  57.6"," "," 0.02","G","999.9","000000"
"01329099999","2025-07-28","60.35","6.2666666","50.0","KVAMSOY, NO","  60.2","23","  54.6","23","1011.5","23","005.2","23","999.9"," 0","  4.4","23","  7.8"," 15.3","  66.9"," ","  57.0"," "," 0.00","G","999.9","010000"
"01329099999","2025-07-29","60.35","6.2666666","50.0","KVAMSOY, NO","  68.5","21","  55.1","21","1008.7","21","002.5","21","999.9"," 0","  3.7","21","  8.4"," 15.0","  78.4"," ","  57.9"," "," 0.09","G","999.9","000000"
"01329099999","2025-07-30","60.35","6.2666666","50.0","KVAMSOY, NO","  66.9","24","  56.7","24","1007.9","24","001.7","24","999.9"," 0","  2.8","24","  4.9"," 15.0","  73.9"," ","  62.6"," "," 0.01","G","999.9","000000"
"01329099999","2025-07-31","60.35","6.2666666","50.0","KVAMSOY, NO","  67.0","24","  60.4","24","1010.0","24","003.8","24","999.9"," 0","  3.0","24","  7.0"," 12.8","  77.7"," ","  63.0"," "," 0.00","G","999.9","000000"
"01329099999","2025-08-01","60.35","6.2666666","50.0","KVAMSOY, NO","  66.6","24","  61.1","24","1007.6","24","001.4","24","999.9"," 0","  3.5","24","  5.2"," 10.7","  74.5"," ","  63.3"," "," 0.00","E","999.9","000000"
"01329099999","2025-08-02","60.35","6.2666666","50.0","KVAMSOY, NO","  69.4","24","  62.4","24","1006.9","24","000.8","24","999.9"," 0","  4.3","24","  9.1"," 17.5","  79.9"," ","  63.5"," "," 0.01","G","999.9","000000"
"01329099999","2025-08-03","60.35","6.2666666","50.0","KVAMSOY, NO","  61.2","24","  59.6","24","1008.5","24","002.3","24","999.9"," 0","  5.4","24","  8.5"," 18.8","  70.5"," ","  56.5"," "," 0.01","G","  0.4","010000"
"01329099999","2025-08-04","60.35","6.2666666","50.0","KVAMSOY, NO","  58.6","23","  55.6","23","1001.7","23","995.5","23","999.9"," 0","  2.9","23","  6.0"," 17.3","  63.0"," ","  55.9"," "," 0.00","G","999.9","010000"
"01329099999","2025-08-05","60.35","6.2666666","50.0","KVAMSOY, NO","  54.4","22","  52.8","22"," 991.5","22","985.2","22","999.9"," 0"," 10.7","22"," 18.3"," 40.8","  57.7"," ","  51.1"," ","99.99"," ","  1.2","010000"
"01329099999","2025-08-06","60.35","6.2666666","50.0","KVAMSOY, NO","  54.9","24","  51.6","24","1007.7","24","001.4","24","999.9"," 0"," 11.4","24"," 20.0"," 33.4","  58.5"," ","  51.1"," "," 1.52","G","  0.4","000000"
"01329099999","2025-08-07","60.35","6.2666666","50.0","KVAMSOY, NO","  55.7","24","  52.2","24","1009.0","24","002.7","24","999.9"," 0","  5.3","24"," 12.4"," 22.3","  60.8"," ","  53.1"," "," 0.41","G","999.9","010000"
"01329099999","2025-08-08","60.35","6.2666666","50.0","KVAMSOY, NO","  57.0","24","  52.7","24","1009.0","24","002.7","24","999.9"," 0","  8.6","24"," 15.7"," 27.8","  64.4"," ","  53.1"," "," 0.00","G","999.9","010000"
"01329099999","2025-08-09","60.35","6.2666666","50.0","KVAMSOY, NO","  56.6","24","  53.7","24","1011.4","24","005.1","24","999.9"," 0","  7.3","24"," 15.7"," 28.7","  63.1"," ","  52.9"," "," 0.10","G","999.9","010000"
"01329099999","2025-08-10","60.35","6.2666666","50.0","KVAMSOY, NO","  56.4","24","  52.4","24","1019.6","24","013.2","24","999.9"," 0","  9.8","24"," 13.6"," 25.4","  62.2"," ","  52.9"," "," 0.85","G","999.9","000000"
"01329099999","2025-08-11","60.35","6.2666666","50.0","KVAMSOY, NO","  54.4","24","  52.5","24","1019.8","24","013.4","24","999.9"," 0","  4.5","24"," 11.5"," 21.4","  57.7"," ","  51.8"," "," 0.03","G","  0.4","100000"
"01329099999","2025-08-12","60.35","6.2666666","50.0","KVAMSOY, NO","  53.9","24","  51.3","24","1020.3","24","013.8","24","999.9"," 0","  2.6","24","  5.8"," 15.9","  58.3"," ","  49.8"," "," 0.33","G","  0.4","010000"
"01329099999","2025-08-13","60.35","6.2666666","50.0","KVAMSOY, NO","  59.4","24","  56.7","24","1020.2","24","013.8","24","999.9"," 0","  2.5","24","  4.7","999.9","  66.9"," ","  53.2"," "," 0.00","G","999.9","010000"
"01329099999","2025-08-14","60.35","6.2666666","50.0","KVAMSOY, NO","  63.7","24","  60.2","24","1019.1","24","012.8","24","999.9"," 0","  3.6","24","  7.8"," 20.4","  73.6"," ","  58.1"," "," 0.00","G","999.9","010000"
"01329099999","2025-08-15","60.35","6.2666666","50.0","KVAMSOY, NO","  59.8","24","  53.5","24","1019.4","24","013.1","24","999.9"," 0","  8.9","24"," 17.5"," 23.7","  65.5"," ","  53.8"," "," 0.56","G","999.9","000000"
"01329099999","2025-08-16","60.35","6.2666666","50.0","KVAMSOY, NO","  58.2","24","  47.9","24","1025.3","24","018.9","24","999.9"," 0","  3.8","24","  9.7"," 12.2","  67.5"," ","  53.4"," "," 0.04","G","999.9","000000"
"01329099999","2025-08-17","60.35","6.2666666","50.0","KVAMSOY, NO","  62.8","24","  54.4","24","1023.8","24","017.4","24","999.9"," 0","  3.5","24","  7.8","999.9","  73.0"," ","  55.2"," "," 0.00","G","999.9","000000"
"01329099999","2025-08-18","60.35","6.2666666","50.0","KVAMSOY, NO","  60.1","24","  56.3","24","1022.4","24","016.0","24","999.9"," 0","  4.8","24","  7.8"," 13.4","  66.0"," ","  56.5"," "," 0.00","G","999.9","000000"
"01329099999","2025-08-19","60.35","6.2666666","50.0","KVAMSOY, NO","  60.7","24","  49.0","24","1017.2","24","010.9","24","999.9"," 0","  3.3","24","  5.8"," 10.3","  72.3"," ","  53.1"," "," 0.01","G","999.9","000000"
"01329099999","2025-08-20","60.35","6.2666666","50.0","KVAMSOY, NO","  57.5","24","  46.3","24","1016.0","24","009.6","24","999.9"," 0","  7.0","24"," 17.5"," 26.8","  66.7"," ","  52.2"," "," 0.00","G","999.9","000000"
"01329099999","2025-08-21","60.35","6.2666666","50.0","KVAMSOY, NO","  55.3","24","  44.4","24","1013.7","24","007.3","24","999.9"," 0","  6.5","24"," 15.5"," 23.3","  66.7"," ","  49.1"," "," 0.00","G","999.9","000000"
"01329099999","2025-08-22","60.35","6.2666666","50.0","KVAMSOY, NO","  53.5","24","  43.0","24","1013.3","24","007.0","24","999.9"," 0","  5.0","24"," 12.0"," 21.8","  61.7"," ","  48.4"," "," 0.00","G","999.9","000000"
"01329099999","2025-08-23","60.35","6.2666666","50.0","KVAMSOY, NO","  55.1","24","  44.4","24","1017.3","24","010.9","24","999.9"," 0","  3.3","24","  7.4"," 15.3","  63.0"," ","  47.3"," "," 0.01","G","999.9","000000"
"01329099999","2025-08-24","60.35","6.2666666","50.0","KVAMSOY, NO","  57.4","20","  48.7","20","1017.5","20","011.2","20","999.9"," 0","  5.4","20","  7.8"," 15.2","  66.0"," ","  49.8"," "," 0.00","G","999.9","000000"
