"STATION","DATE","LATITUDE","LONGITUDE","ELEVATION","NAME","TEMP","TEMP_ATTRIBUTES","DEWP","DEWP_ATTRIBUTES","SLP","SLP_ATTRIBUTES","STP","STP_ATTRIBUTES","VISIB","VISIB_ATTRIBUTES","WDSP","WDSP_ATTRIBUTES","MXSPD","GUST","MAX","MAX_ATTRIBUTES","MIN","MIN_ATTRIBUTES","PRCP","PRCP_ATTRIBUTES","SNDP","FRSHTT"
"01460099999","2025-01-01","59.4333333","10.5833333","14.0","GULLHOLMEN, NO","  27.1","20","9999.9"," 0","9999.9"," 0","999.9"," 0","999.9"," 0"," 18.7","20"," 23.3","999.9","  29.5"," ","  24.8"," "," 0.00","I","999.9","000000"
"01460099999","2025-01-02","59.4333333","10.5833333","14.0","GULLHOLMEN, NO","  28.2","20","9999.9"," 0","9999.9"," 0","999.9"," 0","999.9"," 0","  9.7","20"," 21.4","999.9","  32.2"," ","  24.4"," "," 0.00","I","999.9","000000"
"01460099999","2025-01-03","59.4333333","10.5833333","14.0","GULLHOLMEN, NO","  27.9","20","9999.9"," 0","9999.9"," 0","999.9"," 0","999.9"," 0"," 13.2","20"," 38.9","999.9","  34.2"," ","  23.4"," "," 0.00","I","999.9","000000"
"01460099999","2025-01-04","59.4333333","10.5833333","14.0","GULLHOLMEN, NO","  25.5","20","9999.9"," 0","9999.9"," 0","999.9"," 0","999.9"," 0","  4.4","20","  7.8","999.9","  29.7"," ","  23.5"," "," 0.00","I","999.9","000000"
"01460099999","2025-01-05","59.4333333","10.5833333","14.0","GULLHOLMEN, NO","  20.7","20","9999.9"," 0","9999.9"," 0","999.9"," 0","999.9"," 0","  7.5","20"," 11.7","999.9","  26.1"," ","  17.2"," "," 0.00","I","999.9","000000"
"01460099999","2025-01-06","59.4333333","10.5833333","14.0","GULLHOLMEN, NO","  27.7","20","9999.9"," 0","9999.9"," 0","999.9"," 0","999.9"," 0"," 15.4","20"," 21.4","999.9","  31.6"," ","  21.4"," "," 0.00","I","999.9","000000"
"01460099999","2025-01-07","59.4333333","10.5833333","14.0","GULLHOLMEN, NO","  34.6","20","9999.9"," 0","9999.9"," 0","999.9"," 0","999.9"," 0"," 14.1","20"," 19.4","999.9","  39.4"," ","  30.0"," "," 0.00","I","999.9","000000"
"01460099999","2025-01-08","59.4333333","10.5833333","14.0","GULLHOLMEN, NO","  30.4","20","9999.9"," 0","9999.9"," 0","999.9"," 0","999.9"," 0","  9.4","20"," 13.6","999.9","  34.5"," ","  28.4"," "," 0.00","I","999.9","000000"
"01460099999","2025-01-09","59.4333333","10.5833333","14.0","GULLHOLMEN, NO","  31.8","20","9999.9"," 0","9999.9"," 0","999.9"," 0","999.9"," 0"," 10.5","20"," 13.6","999.9","  33.3"," ","  28.4"," "," 0.00","I","999.9","000000"
"01460099999","2025-01-10","59.4333333","10.5833333","14.0","GULLHOLMEN, NO","  32.0","20","9999.9"," 0","9999.9"," 0","999.9"," 0","999.9"," 0"," 17.7","20"," 21.4"," 26.2","  33.8"," ","  29.8"," "," 0.00","I","999.9","000000"
"01460099999","2025-01-11","59.4333333","10.5833333","14.0","GULLHOLMEN, NO","  31.2","20","9999.9"," 0","9999.9"," 0","999.9"," 0","999.9"," 0"," 18.0","20"," 21.4","999.9","  33.3"," ","  28.8"," "," 0.00","I","999.9","000000"
"01460099999","2025-01-12","59.4333333","10.5833333","14.0","GULLHOLMEN, NO","  24.8","20","9999.9"," 0","9999.9"," 0","999.9"," 0","999.9"," 0","  9.3","20"," 13.6","999.9","  33.3"," ","  20.7"," "," 0.00","I","999.9","000000"
"01460099999","2025-01-13","59.4333333","10.5833333","14.0","GULLHOLMEN, NO","  36.0","20","9999.9"," 0","9999.9"," 0","999.9"," 0","999.9"," 0"," 16.3","20"," 27.2","999.9","  42.3"," ","  19.8"," "," 0.00","I","999.9","000000"
"01460099999","2025-01-14","59.4333333","10.5833333","14.0","GULLHOLMEN, NO","  40.6","20","9999.9"," 0","9999.9"," 0","999.9"," 0","999.9"," 0","  9.2","20"," 21.4","999.9","  43.7"," ","  36.7"," "," 0.00","I","999.9","000000"
"01460099999","2025-01-15","59.4333333","10.5833333","14.0","GULLHOLMEN, NO","  37.9","20","9999.9"," 0","9999.9"," 0","999.9"," 0","999.9"," 0","  7.4","20"," 15.5","999.9","  42.3"," ","  31.5"," "," 0.00","I","999.9","000000"
"01460099999","2025-01-16","59.4333333","10.5833333","14.0","GULLHOLMEN, NO","  40.3","20","9999.9"," 0","9999.9"," 0","999.9"," 0","999.9"," 0","  4.6","20","  9.7","999.9","  45.5"," ","  36.0"," "," 0.00","I","999.9","000000"
"01460099999","2025-01-17","59.4333333","10.5833333","14.0","GULLHOLMEN, NO","  42.4","20","9999.9"," 0","9999.9"," 0","999.9"," 0","999.9"," 0"," 14.9","20"," 23.3","999.9","  44.4"," ","  38.5"," "," 0.00","I","999.9","000000"
"01460099999","2025-01-18","59.4333333","10.5833333","14.0","GULLHOLMEN, NO","  40.6","20","9999.9"," 0","9999.9"," 0","999.9"," 0","999.9"," 0","  7.9","20"," 13.6","999.9","  44.6"," ","  36.3"," "," 0.00","I","999.9","000000"
"01460099999","2025-01-19","59.4333333","10.5833333","14.0","GULLHOLMEN, NO","  34.7","20","9999.9"," 0","9999.9"," 0","999.9"," 0","999.9"," 0","  4.4","20"," 15.5","999.9","  42.1"," ","  31.8"," "," 0.00","I","999.9","000000"
"01460099999","2025-01-20","59.4333333","10.5833333","14.0","GULLHOLMEN, NO","  34.1","20","9999.9"," 0","9999.9"," 0","999.9"," 0","999.9"," 0","  5.8","20","  9.7","999.9","  36.7"," ","  32.0"," "," 0.00","I","999.9","000000"
"01460099999","2025-01-21","59.4333333","10.5833333","14.0","GULLHOLMEN, NO","  31.7","20","9999.9"," 0","9999.9"," 0","999.9"," 0","999.9"," 0","  8.2","20"," 11.7"," 13.6","  32.5"," ","  30.9"," "," 0.00","I","999.9","000000"
"01460099999","2025-01-22","59.4333333","10.5833333","14.0","GULLHOLMEN, NO","  30.4","18","9999.9"," 0","9999.9"," 0","999.9"," 0","999.9"," 0","  5.3","18"," 11.7","999.9","  32.2"," ","  26.8"," "," 0.00","I","999.9","000000"
"01460099999","2025-01-23","59.4333333","10.5833333","14.0","GULLHOLMEN, NO","  30.3","17","9999.9"," 0","9999.9"," 0","999.9"," 0","999.9"," 0"," 14.5","17"," 21.4","999.9","  32.4"," ","  27.5"," "," 0.00","I","999.9","000000"
"01460099999","2025-01-24","59.4333333","10.5833333","14.0","GULLHOLMEN, NO","  34.8","20","9999.9"," 0","9999.9"," 0","999.9"," 0","999.9"," 0"," 13.9","20"," 36.9","999.9","  44.4"," ","  26.8"," "," 0.00","I","999.9","000000"
"01460099999","2025-01-25","59.4333333","10.5833333","14.0","GULLHOLMEN, NO","  42.3","20","9999.9"," 0","9999.9"," 0","999.9"," 0","999.9"," 0"," 24.2","20"," 35.0","999.9","  44.6"," ","  39.9"," "," 0.00","I","999.9","000000"
"01460099999","2025-01-26","59.4333333","10.5833333","14.0","GULLHOLMEN, NO","  39.1","20","9999.9"," 0","9999.9"," 0","999.9"," 0","999.9"," 0"," 11.8","20"," 17.5","999.9","  40.8"," ","  37.2"," "," 0.00","I","999.9","000000"
"01460099999","2025-01-27","59.4333333","10.5833333","14.0","GULLHOLMEN, NO","  34.8","20","9999.9"," 0","9999.9"," 0","999.9"," 0","999.9"," 0","  8.8","20"," 15.5","999.9","  40.6"," ","  32.4"," "," 0.00","I","999.9","000000"
"01460099999","2025-01-28","59.4333333","10.5833333","14.0","GULLHOLMEN, NO","  37.0","20","9999.9"," 0","9999.9"," 0","999.9"," 0","999.9"," 0","  5.6","20","  9.5"," 13.0","  39.2"," ","  33.1"," "," 0.00","I","999.9","000000"
"01460099999","2025-01-29","59.4333333","10.5833333","14.0","GULLHOLMEN, NO","  38.1","20","9999.9"," 0","9999.9"," 0","999.9"," 0","999.9"," 0","  7.9","20"," 11.7","999.9","  38.8"," ","  36.3"," "," 0.00","I","999.9","000000"
"01460099999","2025-01-30","59.4333333","10.5833333","14.0","GULLHOLMEN, NO","  33.8","20","9999.9"," 0","9999.9"," 0","999.9"," 0","999.9"," 0","  5.1","20","  7.8","999.9","  38.3"," ","  31.5"," "," 0.00","I","999.9","000000"
"01460099999","2025-01-31","59.4333333","10.5833333","14.0","GULLHOLMEN, NO","  31.2","20","9999.9"," 0","9999.9"," 0","999.9"," 0","999.9"," 0","  6.1","20","  9.7","999.9","  33.4"," ","  28.2"," "," 0.00","I","999.9","000000"
"01460099999","2025-02-01","59.4333333","10.5833333","14.0","GULLHOLMEN, NO","  29.3","20","9999.9"," 0","9999.9"," 0","999.9"," 0","999.9"," 0","  6.3","20","  9.7","999.9","  33.4"," ","  25.5"," "," 0.00","I","999.9","000000"
"01460099999","2025-02-02","59.4333333","10.5833333","14.0","GULLHOLMEN, NO","  27.4","20","9999.9"," 0","9999.9"," 0","999.9"," 0","999.9"," 0","  8.4","20"," 13.6","999.9","  28.6"," ","  25.5"," "," 0.00","I","999.9","000000"
"01460099999","2025-02-03","59.4333333","10.5833333","14.0","GULLHOLMEN, NO","  31.9","20","9999.9"," 0","9999.9"," 0","999.9"," 0","999.9"," 0","  5.1","20"," 15.5","999.9","  37.6"," ","  27.5"," "," 0.00","I","999.9","000000"
"01460099999","2025-02-04","59.4333333","10.5833333","14.0","GULLHOLMEN, NO","  39.4","20","9999.9"," 0","9999.9"," 0","999.9"," 0","999.9"," 0"," 16.5","20"," 25.3","999.9","  41.5"," ","  35.2"," "," 0.00","I","999.9","000000"
"01460099999","2025-02-05","59.4333333","10.5833333","14.0","GULLHOLMEN, NO","  40.9","20","9999.9"," 0","9999.9"," 0","999.9"," 0","999.9"," 0"," 12.7","20"," 27.2","999.9","  44.1"," ","  37.8"," "," 0.00","I","999.9","000000"
"01460099999","2025-02-06","59.4333333","10.5833333","14.0","GULLHOLMEN, NO","  35.0","20","9999.9"," 0","9999.9"," 0","999.9"," 0","999.9"," 0","  4.0","20","  9.7","999.9","  40.3"," ","  31.3"," "," 0.00","I","999.9","000000"
"01460099999","2025-02-07","59.4333333","10.5833333","14.0","GULLHOLMEN, NO","  32.3","20","9999.9"," 0","9999.9"," 0","999.9"," 0","999.9"," 0","  6.4","20"," 11.7","999.9","  35.4"," ","  30.0"," "," 0.00","I","999.9","000000"
"01460099999","2025-02-08","59.4333333","10.5833333","14.0","GULLHOLMEN, NO","  32.0","20","9999.9"," 0","9999.9"," 0","999.9"," 0","999.9"," 0","  7.1","20"," 13.6","999.9","  33.8"," ","  30.2"," "," 0.00","I","999.9","000000"
"01460099999","2025-02-09","59.4333333","10.5833333","14.0","GULLHOLMEN, NO","  29.4","20","9999.9"," 0","9999.9"," 0","999.9"," 0","999.9"," 0"," 10.0","20"," 15.5","999.9","  31.1"," ","  27.7"," "," 0.00","I","999.9","000000"
"01460099999","2025-02-10","59.4333333","10.5833333","14.0","GULLHOLMEN, NO","  31.1","20","9999.9"," 0","9999.9"," 0","999.9"," 0","999.9"," 0"," 10.5","20"," 15.5","999.9","  35.1"," ","  27.1"," "," 0.00","I","999.9","000000"
"01460099999","2025-02-11","59.4333333","10.5833333","14.0","GULLHOLMEN, NO","  32.0","18","9999.9"," 0","9999.9"," 0","999.9"," 0","999.9"," 0","  8.0","18"," 11.7","999.9","  35.4"," ","  29.3"," "," 0.00","I","999.9","000000"
"01460099999","2025-02-12","59.4333333","10.5833333","14.0","GULLHOLMEN, NO","  27.7","20","9999.9"," 0","9999.9"," 0","999.9"," 0","999.9"," 0","  6.2","20","  9.7","999.9","  32.9"," ","  22.3"," "," 0.00","I","999.9","000000"
"01460099999","2025-02-13","59.4333333","10.5833333","14.0","GULLHOLMEN, NO","  31.0","20","9999.9"," 0","9999.9"," 0","999.9"," 0","999.9"," 0","  8.3","20"," 13.6","999.9","  35.2"," ","  24.4"," "," 0.00","I","999.9","000000"
"01460099999","2025-02-14","59.4333333","10.5833333","14.0","GULLHOLMEN, NO","  27.3","20","9999.9"," 0","9999.9"," 0","999.9"," 0","999.9"," 0","  6.4","20","  9.7","999.9","  32.5"," ","  23.4"," "," 0.00","I","999.9","000000"
"01460099999","2025-02-15","59.4333333","10.5833333","14.0","GULLHOLMEN, NO","  27.1","20","9999.9"," 0","9999.9"," 0","999.9"," 0","999.9"," 0"," 12.9","20"," 17.5","999.9","  30.7"," ","  23.5"," "," 0.00","I","999.9","000000"
"01460099999","2025-02-16","59.4333333","10.5833333","14.0","GULLHOLMEN, NO","  23.8","18","9999.9"," 0","9999.9"," 0","999.9"," 0","999.9"," 0","  8.1","18"," 13.6","999.9","  29.1"," ","  18.3"," "," 0.00","I","999.9","000000"
"01460099999","2025-02-17","59.4333333","10.5833333","14.0","GULLHOLMEN, NO","  29.0","20","9999.9"," 0","9999.9"," 0","999.9"," 0","999.9"," 0","  6.9","20"," 11.7","999.9","  34.0"," ","  23.5"," "," 0.00","I","999.9","000000"
"01460099999","2025-02-18","59.4333333","10.5833333","14.0","GULLHOLMEN, NO","  29.0","20","9999.9"," 0","9999.9"," 0","999.9"," 0","999.9"," 0","  8.8","20"," 11.7","999.9","  32.5"," ","  25.2"," "," 0.00","I","999.9","000000"
"01460099999","2025-02-19","59.4333333","10.5833333","14.0","GULLHOLMEN, NO","  26.8","20","9999.9"," 0","9999.9"," 0","999.9"," 0","999.9"," 0","  9.1","20"," 17.1"," 19.8","  31.6"," ","  21.9"," "," 0.00","I","999.9","000000"
"01460099999","2025-02-20","59.4333333","10.5833333","14.0","GULLHOLMEN, NO","  31.7","17","9999.9"," 0","9999.9"," 0","999.9"," 0","999.9"," 0"," 16.5","17"," 25.3","999.9","  34.5"," ","  28.6"," "," 0.00","I","999.9","000000"
"01460099999","2025-02-21","59.4333333","10.5833333","14.0","GULLHOLMEN, NO","  35.7","20","9999.9"," 0","9999.9"," 0","999.9"," 0","999.9"," 0"," 16.8","20"," 25.3"," 35.0","  37.2"," ","  32.2"," "," 0.00","I","999.9","000000"
"01460099999","2025-02-22","59.4333333","10.5833333","14.0","GULLHOLMEN, NO","  37.0","20","9999.9"," 0","9999.9"," 0","999.9"," 0","999.9"," 0"," 18.6","20"," 23.3","999.9","  38.3"," ","  36.1"," "," 0.00","I","999.9","000000"
"01460099999","2025-02-23","59.4333333","10.5833333","14.0","GULLHOLMEN, NO","  35.9","20","9999.9"," 0","9999.9"," 0","999.9"," 0","999.9"," 0"," 12.6","20"," 23.3","999.9","  38.3"," ","  33.1"," "," 0.00","I","999.9","000000"
"01460099999","2025-02-24","59.4333333","10.5833333","14.0","GULLHOLMEN, NO","  38.1","20","9999.9"," 0","9999.9"," 0","999.9"," 0","999.9"," 0"," 21.9","20"," 31.1","999.9","  39.4"," ","  35.4"," "," 0.00","I","999.9","000000"
"01460099999","2025-02-25","59.4333333","10.5833333","14.0","GULLHOLMEN, NO","  37.1","20","9999.9"," 0","9999.9"," 0","999.9"," 0","999.9"," 0"," 11.7","20"," 17.5","999.9","  39.0"," ","  35.8"," "," 0.00","I","999.9","000000"
"01460099999","2025-02-26","59.4333333","10.5833333","14.0","GULLHOLMEN, NO","  37.1","20","9999.9"," 0","9999.9"," 0","999.9"," 0","999.9"," 0"," 11.8","20"," 17.5","999.9","  40.5"," ","  34.3"," "," 0.00","I","999.9","000000"
"01460099999","2025-02-27","59.4333333","10.5833333","14.0","GULLHOLMEN, NO","  33.2","20","9999.9"," 0","9999.9"," 0","999.9"," 0","999.9"," 0","  4.2","20","  9.7","999.9","  37.8"," ","  30.7"," "," 0.00","I","999.9","000000"
"01460099999","2025-02-28","59.4333333","10.5833333","14.0","GULLHOLMEN, NO","  29.5","13","9999.9"," 0","9999.9"," 0","999.9"," 0","999.9"," 0","  3.0","13","  5.8","999.9","  31.8"," ","  27.3"," "," 0.00","I","999.9","000000"
"01460099999","2025-03-01","59.4333333","10.5833333","14.0","GULLHOLMEN, NO","  33.2","20","9999.9"," 0","9999.9"," 0","999.9"," 0","999.9"," 0","  3.7","20","  9.7","999.9","  38.7"," ","  29.5"," "," 0.00","I","999.9","000000"
"01460099999","2025-03-02","59.4333333","10.5833333","14.0","GULLHOLMEN, NO","  39.6","19","9999.9"," 0","9999.9"," 0","999.9"," 0","999.9"," 0"," 12.8","19"," 19.4","999.9","  44.6"," ","  33.6"," "," 0.00","I","999.9","000000"
"01460099999","2025-03-03","59.4333333","10.5833333","14.0","GULLHOLMEN, NO","  42.8","20","9999.9"," 0","9999.9"," 0","999.9"," 0","999.9"," 0"," 12.9","20"," 20.2"," 22.9","  53.4"," ","  37.0"," "," 0.00","I","999.9","000000"
"01460099999","2025-03-04","59.4333333","10.5833333","14.0","GULLHOLMEN, NO","  42.9","20","9999.9"," 0","9999.9"," 0","999.9"," 0","999.9"," 0"," 20.7","20"," 25.3","999.9","  45.1"," ","  39.6"," "," 0.00","I","999.9","000000"
"01460099999","2025-03-05","59.4333333","10.5833333","14.0","GULLHOLMEN, NO","  43.2","20","9999.9"," 0","9999.9"," 0","999.9"," 0","999.9"," 0"," 21.0","20"," 27.2","999.9","  46.9"," ","  40.8"," "," 0.00","I","999.9","000000"
"01460099999","2025-03-06","59.4333333","10.5833333","14.0","GULLHOLMEN, NO","  44.3","20","9999.9"," 0","9999.9"," 0","999.9"," 0","999.9"," 0"," 14.9","20"," 21.4","999.9","  49.8"," ","  40.8"," "," 0.00","I","999.9","000000"
"01460099999","2025-03-07","59.4333333","10.5833333","14.0","GULLHOLMEN, NO","  40.2","20","9999.9"," 0","9999.9"," 0","999.9"," 0","999.9"," 0"," 14.0","20"," 19.4"," 21.0","  46.9"," ","  37.6"," "," 0.00","I","999.9","000000"
"01460099999","2025-03-08","59.4333333","10.5833333","14.0","GULLHOLMEN, NO","  37.0","20","9999.9"," 0","9999.9"," 0","999.9"," 0","999.9"," 0","  1.9","20","  3.9","999.9","  41.5"," ","  33.8"," "," 0.00","I","999.9","000000"
"01460099999","2025-03-09","59.4333333","10.5833333","14.0","GULLHOLMEN, NO","  36.2","20","9999.9"," 0","9999.9"," 0","999.9"," 0","999.9"," 0","  7.1","20"," 11.7","999.9","  38.3"," ","  34.5"," "," 0.00","I","999.9","000000"
"01460099999","2025-03-10","59.4333333","10.5833333","14.0","GULLHOLMEN, NO","  35.9","20","9999.9"," 0","9999.9"," 0","999.9"," 0","999.9"," 0"," 13.0","20"," 19.4","999.9","  39.0"," ","  33.6"," "," 0.00","I","999.9","000000"
"01460099999","2025-03-11","59.4333333","10.5833333","14.0","GULLHOLMEN, NO","  32.3","20","9999.9"," 0","9999.9"," 0","999.9"," 0","999.9"," 0"," 10.3","20"," 13.6","999.9","  34.9"," ","  30.6"," "," 0.00","I","999.9","000000"
"01460099999","2025-03-12","59.4333333","10.5833333","14.0","GULLHOLMEN, NO","  31.1","20","9999.9"," 0","9999.9"," 0","999.9"," 0","999.9"," 0"," 12.3","20"," 15.5","999.9","  33.3"," ","  29.7"," "," 0.00","I","999.9","000000"
"01460099999","2025-03-13","59.4333333","10.5833333","14.0","GULLHOLMEN, NO","  31.1","20","9999.9"," 0","9999.9"," 0","999.9"," 0","999.9"," 0","  9.1","20"," 13.6","999.9","  35.6"," ","  27.3"," "," 0.00","I","999.9","000000"
"01460099999","2025-03-14","59.4333333","10.5833333","14.0","GULLHOLMEN, NO","  32.8","20","9999.9"," 0","9999.9"," 0","999.9"," 0","999.9"," 0","  7.2","20"," 11.7","999.9","  42.3"," ","  26.6"," "," 0.00","I","999.9","000000"
"01460099999","2025-03-15","59.4333333","10.5833333","14.0","GULLHOLMEN, NO","  36.8","20","9999.9"," 0","9999.9"," 0","999.9"," 0","999.9"," 0","  8.2","20"," 15.5","999.9","  47.1"," ","  29.8"," "," 0.00","I","999.9","000000"
"01460099999","2025-03-16","59.4333333","10.5833333","14.0","GULLHOLMEN, NO","  39.6","20","9999.9"," 0","9999.9"," 0","999.9"," 0","999.9"," 0"," 13.7","20"," 21.4","999.9","  42.6"," ","  35.2"," "," 0.00","I","999.9","000000"
"01460099999","2025-03-17","59.4333333","10.5833333","14.0","GULLHOLMEN, NO","  37.6","20","9999.9"," 0","9999.9"," 0","999.9"," 0","999.9"," 0","  7.1","20"," 13.6","999.9","  45.1"," ","  29.8"," "," 0.00","I","999.9","000000"
"01460099999","2025-03-18","59.4333333","10.5833333","14.0","GULLHOLMEN, NO","  40.7","20","9999.9"," 0","9999.9"," 0","999.9"," 0","999.9"," 0","  6.0","20"," 11.7"," 15.2","  48.0"," ","  32.7"," "," 0.00","I","999.9","000000"
"01460099999","2025-03-19","59.4333333","10.5833333","14.0","GULLHOLMEN, NO","  40.5","20","9999.9"," 0","9999.9"," 0","999.9"," 0","999.9"," 0"," 10.7","20"," 17.5","999.9","  44.6"," ","  35.6"," "," 0.00","I","999.9","000000"
"01460099999","2025-03-20","59.4333333","10.5833333","14.0","GULLHOLMEN, NO","  37.5","20","9999.9"," 0","9999.9"," 0","999.9"," 0","999.9"," 0","  4.5","20","  7.8"," 11.1","  43.2"," ","  32.5"," "," 0.00","I","999.9","000000"
"01460099999","2025-03-21","59.4333333","10.5833333","14.0","GULLHOLMEN, NO","  40.3","20","9999.9"," 0","9999.9"," 0","999.9"," 0","999.9"," 0","  4.8","20","  7.8","999.9","  46.9"," ","  34.2"," "," 0.00","I","999.9","000000"
"01460099999","2025-03-22","59.4333333","10.5833333","14.0","GULLHOLMEN, NO","  40.5","20","9999.9"," 0","9999.9"," 0","999.9"," 0","999.9"," 0","  5.3","20","  7.8"," 12.0","  47.1"," ","  35.1"," "," 0.00","I","999.9","000000"
"01460099999","2025-03-23","59.4333333","10.5833333","14.0","GULLHOLMEN, NO","  41.7","20","9999.9"," 0","9999.9"," 0","999.9"," 0","999.9"," 0","  8.4","20"," 11.7"," 16.7","  51.8"," ","  33.8"," "," 0.00","I","999.9","000000"
"01460099999","2025-03-24","59.4333333","10.5833333","14.0","GULLHOLMEN, NO","  37.8","20","9999.9"," 0","9999.9"," 0","999.9"," 0","999.9"," 0"," 10.0","20"," 19.4"," 22.0","  45.3"," ","  32.4"," "," 0.00","I","999.9","000000"
"01460099999","2025-03-25","59.4333333","10.5833333","14.0","GULLHOLMEN, NO","  44.0","20","9999.9"," 0","9999.9"," 0","999.9"," 0","999.9"," 0","  9.6","20"," 20.2"," 22.5","  51.6"," ","  39.9"," "," 0.00","I","999.9","000000"
"01460099999","2025-03-26","59.4333333","10.5833333","14.0","GULLHOLMEN, NO","  42.9","19","9999.9"," 0","9999.9"," 0","999.9"," 0","999.9"," 0","  9.6","19"," 15.2"," 24.3","  49.1"," ","  39.0"," "," 0.00","I","999.9","000000"
"01460099999","2025-03-27","59.4333333","10.5833333","14.0","GULLHOLMEN, NO","  44.2","17","9999.9"," 0","9999.9"," 0","999.9"," 0","999.9"," 0"," 13.3","17"," 19.4","999.9","  48.7"," ","  41.2"," "," 0.00","I","999.9","000000"
"01460099999","2025-03-28","59.4333333","10.5833333","14.0","GULLHOLMEN, NO","  43.1","14","9999.9"," 0","9999.9"," 0","999.9"," 0","999.9"," 0"," 19.1","14"," 23.3","999.9","  46.2"," ","  41.9"," "," 0.00","I","999.9","000000"
"01460099999","2025-03-29","59.4333333","10.5833333","14.0","GULLHOLMEN, NO","  43.8","20","9999.9"," 0","9999.9"," 0","999.9"," 0","999.9"," 0"," 12.9","20"," 17.5","999.9","  48.4"," ","  40.3"," "," 0.00","I","999.9","000000"
"01460099999","2025-03-30","59.4333333","10.5833333","14.0","GULLHOLMEN, NO","  40.5","20","9999.9"," 0","9999.9"," 0","999.9"," 0","999.9"," 0"," 11.4","20"," 19.4","999.9","  45.7"," ","  37.4"," "," 0.00","I","999.9","000000"
"01460099999","2025-03-31","59.4333333","10.5833333","14.0","GULLHOLMEN, NO","  44.1","20","9999.9"," 0","9999.9"," 0","999.9"," 0","999.9"," 0","  7.7","20"," 15.5","999.9","  53.8"," ","  39.0"," "," 0.00","I","999.9","000000"
"01460099999","2025-04-01","59.4333333","10.5833333","14.0","GULLHOLMEN, NO","  42.0","20","9999.9"," 0","9999.9"," 0","999.9"," 0","999.9"," 0","  5.5","20"," 13.6"," 15.5","  47.8"," ","  36.0"," "," 0.00","I","999.9","000000"
"01460099999","2025-04-02","59.4333333","10.5833333","14.0","GULLHOLMEN, NO","  42.6","20","9999.9"," 0","9999.9"," 0","999.9"," 0","999.9"," 0","  7.6","20"," 17.5","999.9","  49.3"," ","  37.2"," "," 0.00","I","999.9","000000"
"01460099999","2025-04-03","59.4333333","10.5833333","14.0","GULLHOLMEN, NO","  43.7","20","9999.9"," 0","9999.9"," 0","999.9"," 0","999.9"," 0","  6.3","20"," 13.6","999.9","  48.6"," ","  37.2"," "," 0.00","I","999.9","000000"
"01460099999","2025-04-04","59.4333333","10.5833333","14.0","GULLHOLMEN, NO","  45.0","20","9999.9"," 0","9999.9"," 0","999.9"," 0","999.9"," 0","  9.7","20"," 13.6"," 14.8","  50.5"," ","  40.5"," "," 0.00","I","999.9","000000"
"01460099999","2025-04-05","59.4333333","10.5833333","14.0","GULLHOLMEN, NO","  43.4","20","9999.9"," 0","9999.9"," 0","999.9"," 0","999.9"," 0"," 11.4","20"," 15.5"," 16.3","  48.7"," ","  39.6"," "," 0.00","I","999.9","000000"
"01460099999","2025-04-06","59.4333333","10.5833333","14.0","GULLHOLMEN, NO","  43.3","20","9999.9"," 0","9999.9"," 0","999.9"," 0","999.9"," 0","  6.8","20"," 13.6","999.9","  48.9"," ","  37.2"," "," 0.00","I","999.9","000000"
"01460099999","2025-04-07","59.4333333","10.5833333","14.0","GULLHOLMEN, NO","  46.9","20","9999.9"," 0","9999.9"," 0","999.9"," 0","999.9"," 0","  7.8","20"," 13.6","999.9","  53.2"," ","  41.4"," "," 0.00","I","999.9","000000"
"01460099999","2025-04-08","59.4333333","10.5833333","14.0","GULLHOLMEN, NO","  44.5","20","9999.9"," 0","9999.9"," 0","999.9"," 0","999.9"," 0","  8.4","20"," 19.4","999.9","  49.8"," ","  38.7"," "," 0.00","I","999.9","000000"
"01460099999","2025-04-09","59.4333333","10.5833333","14.0","GULLHOLMEN, NO","  45.6","20","9999.9"," 0","9999.9"," 0","999.9"," 0","999.9"," 0","  8.0","20"," 19.4","999.9","  55.8"," ","  39.4"," "," 0.00","I","999.9","000000"
"01460099999","2025-04-10","59.4333333","10.5833333","14.0","GULLHOLMEN, NO","  45.5","20","9999.9"," 0","9999.9"," 0","999.9"," 0","999.9"," 0","  9.9","20"," 15.5","999.9","  55.0"," ","  35.4"," "," 0.00","I","999.9","000000"
"01460099999","2025-04-11","59.4333333","10.5833333","14.0","GULLHOLMEN, NO","  51.0","20","9999.9"," 0","9999.9"," 0","999.9"," 0","999.9"," 0","  7.4","20"," 17.5","999.9","  57.7"," ","  46.0"," "," 0.00","I","999.9","000000"
"01460099999","2025-04-12","59.4333333","10.5833333","14.0","GULLHOLMEN, NO","  52.2","20","9999.9"," 0","9999.9"," 0","999.9"," 0","999.9"," 0"," 10.0","20"," 19.4","999.9","  62.8"," ","  44.4"," "," 0.00","I","999.9","000000"
"01460099999","2025-04-13","59.4333333","10.5833333","14.0","GULLHOLMEN, NO","  46.5","20","9999.9"," 0","9999.9"," 0","999.9"," 0","999.9"," 0"," 10.9","20"," 19.4","999.9","  53.6"," ","  43.0"," "," 0.00","I","999.9","000000"
"01460099999","2025-04-14","59.4333333","10.5833333","14.0","GULLHOLMEN, NO","  48.4","20","9999.9"," 0","9999.9"," 0","999.9"," 0","999.9"," 0"," 11.8","20"," 19.4","999.9","  55.4"," ","  44.1"," "," 0.00","I","999.9","000000"
"01460099999","2025-04-15","59.4333333","10.5833333","14.0","GULLHOLMEN, NO","  49.3","20","9999.9"," 0","9999.9"," 0","999.9"," 0","999.9"," 0","  6.2","20"," 11.7","999.9","  58.8"," ","  41.7"," "," 0.00","I","999.9","000000"
"01460099999","2025-04-16","59.4333333","10.5833333","14.0","GULLHOLMEN, NO","  48.7","20","9999.9"," 0","9999.9"," 0","999.9"," 0","999.9"," 0","  5.5","20"," 13.6","999.9","  57.2"," ","  47.1"," "," 0.00","I","999.9","000000"
"01460099999","2025-04-17","59.4333333","10.5833333","14.0","GULLHOLMEN, NO","  49.5","20","9999.9"," 0","9999.9"," 0","999.9"," 0","999.9"," 0","  5.2","20"," 13.6","999.9","  53.1"," ","  46.2"," "," 0.00","I","999.9","000000"
"01460099999","2025-04-18","59.4333333","10.5833333","14.0","GULLHOLMEN, NO","  50.5","20","9999.9"," 0","9999.9"," 0","999.9"," 0","999.9"," 0","  6.0","20","  9.7","999.9","  59.4"," ","  45.5"," "," 0.00","I","999.9","000000"
"01460099999","2025-04-19","59.4333333","10.5833333","14.0","GULLHOLMEN, NO","  48.3","20","9999.9"," 0","9999.9"," 0","999.9"," 0","999.9"," 0"," 12.9","20"," 17.5","999.9","  55.8"," ","  45.0"," "," 0.00","I","999.9","000000"
"01460099999","2025-04-20","59.4333333","10.5833333","14.0","GULLHOLMEN, NO","  45.3","20","9999.9"," 0","9999.9"," 0","999.9"," 0","999.9"," 0"," 12.2","20"," 21.4","999.9","  46.8"," ","  44.1"," "," 0.00","I","999.9","000000"
"01460099999","2025-04-21","59.4333333","10.5833333","14.0","GULLHOLMEN, NO","  46.7","20","9999.9"," 0","9999.9"," 0","999.9"," 0","999.9"," 0","  6.4","20","  9.7","999.9","  52.0"," ","  42.3"," "," 0.00","I","999.9","000000"
"01460099999","2025-04-22","59.4333333","10.5833333","14.0","GULLHOLMEN, NO","  44.2","20","9999.9"," 0","9999.9"," 0","999.9"," 0","999.9"," 0","  6.0","20","  9.7","999.9","  46.4"," ","  42.4"," "," 0.00","I","999.9","000000"
"01460099999","2025-04-23","59.4333333","10.5833333","14.0","GULLHOLMEN, NO","  49.2","20","9999.9"," 0","9999.9"," 0","999.9"," 0","999.9"," 0","  3.6","20","  7.8","999.9","  57.7"," ","  43.2"," "," 0.00","I","999.9","000000"
"01460099999","2025-04-24","59.4333333","10.5833333","14.0","GULLHOLMEN, NO","  47.2","20","9999.9"," 0","9999.9"," 0","999.9"," 0","999.9"," 0"," 10.7","20"," 15.5","999.9","  52.3"," ","  43.0"," "," 0.00","I","999.9","000000"
"01460099999","2025-04-25","59.4333333","10.5833333","14.0","GULLHOLMEN, NO","  44.6","20","9999.9"," 0","9999.9"," 0","999.9"," 0","999.9"," 0","  6.7","20"," 13.6","999.9","  52.3"," ","  38.3"," "," 0.00","I","999.9","000000"
"01460099999","2025-04-26","59.4333333","10.5833333","14.0","GULLHOLMEN, NO","  46.3","20","9999.9"," 0","9999.9"," 0","999.9"," 0","999.9"," 0","  9.0","20"," 17.5","999.9","  51.1"," ","  38.3"," "," 0.00","I","999.9","000000"
"01460099999","2025-04-27","59.4333333","10.5833333","14.0","GULLHOLMEN, NO","  49.4","20","9999.9"," 0","9999.9"," 0","999.9"," 0","999.9"," 0"," 14.8","20"," 25.3","999.9","  55.4"," ","  41.7"," "," 0.00","I","999.9","000000"
"01460099999","2025-04-28","59.4333333","10.5833333","14.0","GULLHOLMEN, NO","  53.3","18","9999.9"," 0","9999.9"," 0","999.9"," 0","999.9"," 0"," 15.6","18"," 25.3","999.9","  65.3"," ","  49.1"," "," 0.00","I","999.9","000000"
"01460099999","2025-04-29","59.4333333","10.5833333","14.0","GULLHOLMEN, NO","  54.1","20","9999.9"," 0","9999.9"," 0","999.9"," 0","999.9"," 0","  8.6","20"," 19.4","999.9","  59.5"," ","  48.9"," "," 0.00","I","999.9","000000"
"01460099999","2025-04-30","59.4333333","10.5833333","14.0","GULLHOLMEN, NO","  54.5","20","9999.9"," 0","9999.9"," 0","999.9"," 0","999.9"," 0","  8.4","20"," 13.6","999.9","  63.9"," ","  50.4"," "," 0.00","I","999.9","000000"
"01460099999","2025-05-01","59.4333333","10.5833333","14.0","GULLHOLMEN, NO","  50.2","20","9999.9"," 0","9999.9"," 0","999.9"," 0","999.9"," 0"," 16.5","20"," 23.3","999.9","  55.0"," ","  47.1"," "," 0.00","I","999.9","000000"
"01460099999","2025-05-02","59.4333333","10.5833333","14.0","GULLHOLMEN, NO","  54.3","20","9999.9"," 0","9999.9"," 0","999.9"," 0","999.9"," 0"," 11.7","20"," 21.4","999.9","  61.7"," ","  49.6"," "," 0.00","I","999.9","000000"
"01460099999","2025-05-03","59.4333333","10.5833333","14.0","GULLHOLMEN, NO","  50.1","20","9999.9"," 0","9999.9"," 0","999.9"," 0","999.9"," 0","  8.5","20"," 15.5","999.9","  57.2"," ","  46.2"," "," 0.00","I","999.9","000000"
"01460099999","2025-05-04","59.4333333","10.5833333","14.0","GULLHOLMEN, NO","  46.7","20","9999.9"," 0","9999.9"," 0","999.9"," 0","999.9"," 0"," 18.8","20"," 27.2","999.9","  51.8"," ","  41.7"," "," 0.00","I","999.9","000000"
"01460099999","2025-05-05","59.4333333","10.5833333","14.0","GULLHOLMEN, NO","  48.9","20","9999.9"," 0","9999.9"," 0","999.9"," 0","999.9"," 0"," 12.3","20"," 21.4","999.9","  60.4"," ","  40.6"," "," 0.00","I","999.9","000000"
"01460099999","2025-05-06","59.4333333","10.5833333","14.0","GULLHOLMEN, NO","  51.8","19","9999.9"," 0","9999.9"," 0","999.9"," 0","999.9"," 0","  9.6","19"," 19.4","999.9","  59.4"," ","  45.0"," "," 0.00","I","999.9","000000"
"01460099999","2025-05-07","59.4333333","10.5833333","14.0","GULLHOLMEN, NO","  49.9","20","9999.9"," 0","9999.9"," 0","999.9"," 0","999.9"," 0","  6.1","20"," 11.7","999.9","  57.7"," ","  43.0"," "," 0.00","I","999.9","000000"
"01460099999","2025-05-08","59.4333333","10.5833333","14.0","GULLHOLMEN, NO","  50.6","20","9999.9"," 0","9999.9"," 0","999.9"," 0","999.9"," 0","  9.0","20"," 17.5","999.9","  55.6"," ","  44.8"," "," 0.00","I","999.9","000000"
"01460099999","2025-05-09","59.4333333","10.5833333","14.0","GULLHOLMEN, NO","  53.4","20","9999.9"," 0","9999.9"," 0","999.9"," 0","999.9"," 0","  6.1","20"," 13.6","999.9","  62.1"," ","  48.7"," "," 0.00","I","999.9","000000"
"01460099999","2025-05-10","59.4333333","10.5833333","14.0","GULLHOLMEN, NO","  53.6","20","9999.9"," 0","9999.9"," 0","999.9"," 0","999.9"," 0","  8.3","20"," 17.5","999.9","  59.2"," ","  50.5"," "," 0.00","I","999.9","000000"
"01460099999","2025-05-11","59.4333333","10.5833333","14.0","GULLHOLMEN, NO","  53.1","20","9999.9"," 0","9999.9"," 0","999.9"," 0","999.9"," 0"," 11.9","20"," 21.4","999.9","  56.3"," ","  50.9"," "," 0.00","I","999.9","000000"
"01460099999","2025-05-12","59.4333333","10.5833333","14.0","GULLHOLMEN, NO","  55.0","20","9999.9"," 0","9999.9"," 0","999.9"," 0","999.9"," 0","  8.4","20"," 17.5"," 20.6","  60.3"," ","  48.6"," "," 0.00","I","999.9","000000"
"01460099999","2025-05-13","59.4333333","10.5833333","14.0","GULLHOLMEN, NO","  60.7","20","9999.9"," 0","9999.9"," 0","999.9"," 0","999.9"," 0","  7.2","20"," 17.5","999.9","  69.8"," ","  52.5"," "," 0.00","I","999.9","000000"
"01460099999","2025-05-14","59.4333333","10.5833333","14.0","GULLHOLMEN, NO","  52.3","20","9999.9"," 0","9999.9"," 0","999.9"," 0","999.9"," 0"," 18.2","20"," 27.2","999.9","  63.0"," ","  46.2"," "," 0.00","I","999.9","000000"
"01460099999","2025-05-15","59.4333333","10.5833333","14.0","GULLHOLMEN, NO","  56.2","20","9999.9"," 0","9999.9"," 0","999.9"," 0","999.9"," 0"," 15.3","20"," 27.2","999.9","  69.4"," ","  44.8"," "," 0.00","I","999.9","000000"
"01460099999","2025-05-16","59.4333333","10.5833333","14.0","GULLHOLMEN, NO","  55.2","20","9999.9"," 0","9999.9"," 0","999.9"," 0","999.9"," 0"," 17.3","20"," 23.3","999.9","  64.0"," ","  49.8"," "," 0.00","I","999.9","000000"
"01460099999","2025-05-17","59.4333333","10.5833333","14.0","GULLHOLMEN, NO","  56.1","20","9999.9"," 0","9999.9"," 0","999.9"," 0","999.9"," 0"," 11.6","20"," 19.4","999.9","  65.3"," ","  51.1"," "," 0.00","I","999.9","000000"
"01460099999","2025-05-18","59.4333333","10.5833333","14.0","GULLHOLMEN, NO","  56.4","20","9999.9"," 0","9999.9"," 0","999.9"," 0","999.9"," 0"," 11.2","20"," 19.4","999.9","  63.7"," ","  50.5"," "," 0.00","I","999.9","000000"
"01460099999","2025-05-19","59.4333333","10.5833333","14.0","GULLHOLMEN, NO","  60.2","20","9999.9"," 0","9999.9"," 0","999.9"," 0","999.9"," 0","  6.8","20"," 11.7","999.9","  72.9"," ","  49.1"," "," 0.00","I","999.9","000000"
"01460099999","2025-05-20","59.4333333","10.5833333","14.0","GULLHOLMEN, NO","  63.2","20","9999.9"," 0","9999.9"," 0","999.9"," 0","999.9"," 0","  6.9","20"," 19.4","999.9","  77.5"," ","  52.9"," "," 0.00","I","999.9","000000"
"01460099999","2025-05-21","59.4333333","10.5833333","14.0","GULLHOLMEN, NO","  49.9","20","9999.9"," 0","9999.9"," 0","999.9"," 0","999.9"," 0"," 14.8","20"," 23.3","999.9","  67.3"," ","  46.0"," "," 0.00","I","999.9","000000"
"01460099999","2025-05-22","59.4333333","10.5833333","14.0","GULLHOLMEN, NO","  47.1","20","9999.9"," 0","9999.9"," 0","999.9"," 0","999.9"," 0"," 18.5","20"," 23.3","999.9","  53.4"," ","  42.8"," "," 0.00","I","999.9","000000"
"01460099999","2025-05-23","59.4333333","10.5833333","14.0","GULLHOLMEN, NO","  46.6","20","9999.9"," 0","9999.9"," 0","999.9"," 0","999.9"," 0"," 14.8","20"," 27.2"," 32.2","  54.5"," ","  42.1"," "," 0.00","I","999.9","000000"
"01460099999","2025-05-24","59.4333333","10.5833333","14.0","GULLHOLMEN, NO","  49.5","20","9999.9"," 0","9999.9"," 0","999.9"," 0","999.9"," 0"," 17.3","20"," 25.3","999.9","  52.5"," ","  45.7"," "," 0.00","I","999.9","000000"
"01460099999","2025-05-25","59.4333333","10.5833333","14.0","GULLHOLMEN, NO","  49.4","20","9999.9"," 0","9999.9"," 0","999.9"," 0","999.9"," 0"," 12.5","20"," 19.4","999.9","  52.7"," ","  46.9"," "," 0.00","I","999.9","000000"
"01460099999","2025-05-26","59.4333333","10.5833333","14.0","GULLHOLMEN, NO","  51.7","20","9999.9"," 0","9999.9"," 0","999.9"," 0","999.9"," 0"," 16.3","20"," 23.3","999.9","  56.1"," ","  48.7"," "," 0.00","I","999.9","000000"
"01460099999","2025-05-27","59.4333333","10.5833333","14.0","GULLHOLMEN, NO","  51.0","16","9999.9"," 0","9999.9"," 0","999.9"," 0","999.9"," 0"," 16.3","16"," 31.1","999.9","  57.2"," ","  47.1"," "," 0.00","I","999.9","000000"
"01460099999","2025-05-28","59.4333333","10.5833333","14.0","GULLHOLMEN, NO","  52.2","20","9999.9"," 0","9999.9"," 0","999.9"," 0","999.9"," 0"," 11.2","20"," 19.4","999.9","  57.4"," ","  46.6"," "," 0.00","I","999.9","000000"
"01460099999","2025-05-29","59.4333333","10.5833333","14.0","GULLHOLMEN, NO","  54.2","20","9999.9"," 0","9999.9"," 0","999.9"," 0","999.9"," 0"," 10.5","20"," 19.4","999.9","  59.0"," ","  48.7"," "," 0.00","I","999.9","000000"
"01460099999","2025-05-30","59.4333333","10.5833333","14.0","GULLHOLMEN, NO","  57.1","20","9999.9"," 0","9999.9"," 0","999.9"," 0","999.9"," 0"," 11.8","20"," 23.3","999.9","  67.6"," ","  49.6"," "," 0.00","I","999.9","000000"
"01460099999","2025-05-31","59.4333333","10.5833333","14.0","GULLHOLMEN, NO","  55.2","20","9999.9"," 0","9999.9"," 0","999.9"," 0","999.9"," 0","  9.6","20"," 17.5","999.9","  60.8"," ","  50.4"," "," 0.00","I","999.9","000000"
"01460099999","2025-06-01","59.4333333","10.5833333","14.0","GULLHOLMEN, NO","  54.0","20","9999.9"," 0","9999.9"," 0","999.9"," 0","999.9"," 0"," 15.2","20"," 19.4","999.9","  56.8"," ","  52.5"," "," 0.00","I","999.9","000000"
"01460099999","2025-06-02","59.4333333","10.5833333","14.0","GULLHOLMEN, NO","  57.6","20","9999.9"," 0","9999.9"," 0","999.9"," 0","999.9"," 0"," 12.3","20"," 19.4"," 19.8","  67.6"," ","  50.0"," "," 0.00","I","999.9","000000"
"01460099999","2025-06-03","59.4333333","10.5833333","14.0","GULLHOLMEN, NO","  54.3","20","9999.9"," 0","9999.9"," 0","999.9"," 0","999.9"," 0"," 17.9","20"," 29.1","999.9","  63.3"," ","  50.4"," "," 0.00","I","999.9","000000"
"01460099999","2025-06-04","59.4333333","10.5833333","14.0","GULLHOLMEN, NO","  54.9","20","9999.9"," 0","9999.9"," 0","999.9"," 0","999.9"," 0"," 18.6","20"," 23.3","999.9","  58.3"," ","  50.7"," "," 0.00","I","999.9","000000"
"01460099999","2025-06-05","59.4333333","10.5833333","14.0","GULLHOLMEN, NO","  53.7","20","9999.9"," 0","9999.9"," 0","999.9"," 0","999.9"," 0"," 19.6","20"," 25.3"," 28.9","  57.2"," ","  48.9"," "," 0.00","I","999.9","000000"
"01460099999","2025-06-06","59.4333333","10.5833333","14.0","GULLHOLMEN, NO","  53.9","20","9999.9"," 0","9999.9"," 0","999.9"," 0","999.9"," 0","  9.5","20"," 13.6","999.9","  58.1"," ","  50.5"," "," 0.00","I","999.9","000000"
"01460099999","2025-06-07","59.4333333","10.5833333","14.0","GULLHOLMEN, NO","  55.2","20","9999.9"," 0","9999.9"," 0","999.9"," 0","999.9"," 0"," 12.2","20"," 17.5","999.9","  60.6"," ","  49.6"," "," 0.00","I","999.9","000000"
"01460099999","2025-06-08","59.4333333","10.5833333","14.0","GULLHOLMEN, NO","  55.0","16","9999.9"," 0","9999.9"," 0","999.9"," 0","999.9"," 0","  6.4","16"," 15.5","999.9","  60.6"," ","  51.4"," "," 0.00","I","999.9","000000"
"01460099999","2025-06-09","59.4333333","10.5833333","14.0","GULLHOLMEN, NO","  57.0","18","9999.9"," 0","9999.9"," 0","999.9"," 0","999.9"," 0"," 10.0","18"," 17.5","999.9","  64.2"," ","  50.4"," "," 0.00","I","999.9","000000"
"01460099999","2025-06-10","59.4333333","10.5833333","14.0","GULLHOLMEN, NO","  52.9","20","9999.9"," 0","9999.9"," 0","999.9"," 0","999.9"," 0","  6.6","20"," 15.5","999.9","  61.9"," ","  49.6"," "," 0.00","I","999.9","000000"
"01460099999","2025-06-11","59.4333333","10.5833333","14.0","GULLHOLMEN, NO","  58.1","18","9999.9"," 0","9999.9"," 0","999.9"," 0","999.9"," 0","  8.4","18"," 11.7","999.9","  66.2"," ","  49.6"," "," 0.00","I","999.9","000000"
"01460099999","2025-06-12","59.4333333","10.5833333","14.0","GULLHOLMEN, NO","  59.8","17","9999.9"," 0","9999.9"," 0","999.9"," 0","999.9"," 0","  7.8","17"," 11.7","999.9","  66.0"," ","  51.8"," "," 0.00","I","999.9","000000"
"01460099999","2025-06-13","59.4333333","10.5833333","14.0","GULLHOLMEN, NO","  59.8","20","9999.9"," 0","9999.9"," 0","999.9"," 0","999.9"," 0","  8.0","20"," 15.5","999.9","  65.8"," ","  51.6"," "," 0.00","I","999.9","000000"
"01460099999","2025-06-14","59.4333333","10.5833333","14.0","GULLHOLMEN, NO","  61.8","20","9999.9"," 0","9999.9"," 0","999.9"," 0","999.9"," 0","  8.0","20"," 11.7","999.9","  67.5"," ","  55.8"," "," 0.00","I","999.9","000000"
"01460099999","2025-06-15","59.4333333","10.5833333","14.0","GULLHOLMEN, NO","  59.6","20","9999.9"," 0","9999.9"," 0","999.9"," 0","999.9"," 0","  8.2","20"," 11.7","999.9","  63.1"," ","  57.9"," "," 0.00","I","999.9","000000"
"01460099999","2025-06-16","59.4333333","10.5833333","14.0","GULLHOLMEN, NO","  64.7","20","9999.9"," 0","9999.9"," 0","999.9"," 0","999.9"," 0","  8.9","20"," 21.4","999.9","  74.5"," ","  57.2"," "," 0.00","I","999.9","000000"
"01460099999","2025-06-17","59.4333333","10.5833333","14.0","GULLHOLMEN, NO","  61.7","20","9999.9"," 0","9999.9"," 0","999.9"," 0","999.9"," 0"," 12.2","20"," 19.4","999.9","  68.7"," ","  57.2"," "," 0.00","I","999.9","000000"
"01460099999","2025-06-18","59.4333333","10.5833333","14.0","GULLHOLMEN, NO","  62.9","20","9999.9"," 0","9999.9"," 0","999.9"," 0","999.9"," 0"," 11.0","20"," 15.5","999.9","  69.6"," ","  58.3"," "," 0.00","I","999.9","000000"
"01460099999","2025-06-19","59.4333333","10.5833333","14.0","GULLHOLMEN, NO","  61.7","20","9999.9"," 0","9999.9"," 0","999.9"," 0","999.9"," 0"," 11.1","20"," 19.4","999.9","  68.0"," ","  54.9"," "," 0.00","I","999.9","000000"
"01460099999","2025-06-20","59.4333333","10.5833333","14.0","GULLHOLMEN, NO","  61.5","20","9999.9"," 0","9999.9"," 0","999.9"," 0","999.9"," 0"," 12.3","20"," 19.4","999.9","  66.9"," ","  56.7"," "," 0.00","I","999.9","000000"
"01460099999","2025-06-21","59.4333333","10.5833333","14.0","GULLHOLMEN, NO","  64.4","20","9999.9"," 0","9999.9"," 0","999.9"," 0","999.9"," 0","  7.7","20"," 13.6","999.9","  72.0"," ","  58.3"," "," 0.00","I","999.9","000000"
"01460099999","2025-06-22","59.4333333","10.5833333","14.0","GULLHOLMEN, NO","  62.1","20","9999.9"," 0","9999.9"," 0","999.9"," 0","999.9"," 0","  8.4","20"," 29.1","999.9","  69.1"," ","  56.8"," "," 0.00","I","999.9","000000"
"01460099999","2025-06-23","59.4333333","10.5833333","14.0","GULLHOLMEN, NO","  59.8","20","9999.9"," 0","9999.9"," 0","999.9"," 0","999.9"," 0"," 14.0","20"," 23.3","999.9","  64.0"," ","  55.8"," "," 0.00","I","999.9","000000"
"01460099999","2025-06-24","59.4333333","10.5833333","14.0","GULLHOLMEN, NO","  61.8","20","9999.9"," 0","9999.9"," 0","999.9"," 0","999.9"," 0","  6.3","20"," 11.7","999.9","  69.8"," ","  53.8"," "," 0.00","I","999.9","000000"
"01460099999","2025-06-25","59.4333333","10.5833333","14.0","GULLHOLMEN, NO","  63.9","20","9999.9"," 0","9999.9"," 0","999.9"," 0","999.9"," 0","  8.7","20"," 15.5","999.9","  71.8"," ","  56.8"," "," 0.00","I","999.9","000000"
"01460099999","2025-06-26","59.4333333","10.5833333","14.0","GULLHOLMEN, NO","  60.2","20","9999.9"," 0","9999.9"," 0","999.9"," 0","999.9"," 0"," 19.6","20"," 25.3"," 27.0","  67.5"," ","  58.1"," "," 0.00","I","999.9","000000"
"01460099999","2025-06-27","59.4333333","10.5833333","14.0","GULLHOLMEN, NO","  64.9","20","9999.9"," 0","9999.9"," 0","999.9"," 0","999.9"," 0"," 11.5","20"," 19.4","999.9","  72.7"," ","  58.1"," "," 0.00","I","999.9","000000"
"01460099999","2025-06-28","59.4333333","10.5833333","14.0","GULLHOLMEN, NO","  64.2","20","9999.9"," 0","9999.9"," 0","999.9"," 0","999.9"," 0"," 13.0","20"," 21.4","999.9","  73.6"," ","  57.0"," "," 0.00","I","999.9","000000"
"01460099999","2025-06-29","59.4333333","10.5833333","14.0","GULLHOLMEN, NO","  65.1","20","9999.9"," 0","9999.9"," 0","999.9"," 0","999.9"," 0"," 15.6","20"," 29.1","999.9","  72.7"," ","  57.9"," "," 0.00","I","999.9","000000"
"01460099999","2025-06-30","59.4333333","10.5833333","14.0","GULLHOLMEN, NO","  63.2","20","9999.9"," 0","9999.9"," 0","999.9"," 0","999.9"," 0"," 13.1","20"," 23.3","999.9","  72.1"," ","  59.0"," "," 0.00","I","999.9","000000"
"01460099999","2025-07-01","59.4333333","10.5833333","14.0","GULLHOLMEN, NO","  62.5","20","9999.9"," 0","9999.9"," 0","999.9"," 0","999.9"," 0"," 13.4","20"," 25.3","999.9","  67.1"," ","  57.7"," "," 0.00","I","999.9","000000"
"01460099999","2025-07-02","59.4333333","10.5833333","14.0","GULLHOLMEN, NO","  63.1","19","9999.9"," 0","9999.9"," 0","999.9"," 0","999.9"," 0","  8.4","19"," 13.6","999.9","  67.1"," ","  60.4"," "," 0.00","I","999.9","000000"
"01460099999","2025-07-03","59.4333333","10.5833333","14.0","GULLHOLMEN, NO","  61.5","19","9999.9"," 0","9999.9"," 0","999.9"," 0","999.9"," 0"," 11.2","19"," 21.4","999.9","  68.9"," ","  55.9"," "," 0.00","I","999.9","000000"
"01460099999","2025-07-04","59.4333333","10.5833333","14.0","GULLHOLMEN, NO","  60.4","20","9999.9"," 0","9999.9"," 0","999.9"," 0","999.9"," 0"," 12.4","20"," 21.4","999.9","  65.7"," ","  56.5"," "," 0.00","I","999.9","000000"
"01460099999","2025-07-05","59.4333333","10.5833333","14.0","GULLHOLMEN, NO","  59.3","20","9999.9"," 0","9999.9"," 0","999.9"," 0","999.9"," 0"," 11.2","20"," 17.5","999.9","  62.4"," ","  54.5"," "," 0.00","I","999.9","000000"
"01460099999","2025-07-06","59.4333333","10.5833333","14.0","GULLHOLMEN, NO","  62.0","20","9999.9"," 0","9999.9"," 0","999.9"," 0","999.9"," 0"," 12.1","20"," 21.4","999.9","  67.6"," ","  58.8"," "," 0.00","I","999.9","000000"
"01460099999","2025-07-07","59.4333333","10.5833333","14.0","GULLHOLMEN, NO","  60.0","20","9999.9"," 0","9999.9"," 0","999.9"," 0","999.9"," 0","  8.4","20"," 13.6","999.9","  63.7"," ","  56.8"," "," 0.00","I","999.9","000000"
"01460099999","2025-07-08","59.4333333","10.5833333","14.0","GULLHOLMEN, NO","  64.5","20","9999.9"," 0","9999.9"," 0","999.9"," 0","999.9"," 0","  7.9","20"," 15.5","999.9","  74.8"," ","  56.7"," "," 0.00","I","999.9","000000"
"01460099999","2025-07-09","59.4333333","10.5833333","14.0","GULLHOLMEN, NO","  63.0","20","9999.9"," 0","9999.9"," 0","999.9"," 0","999.9"," 0"," 11.6","20"," 19.4","999.9","  66.9"," ","  58.8"," "," 0.00","I","999.9","000000"
"01460099999","2025-07-10","59.4333333","10.5833333","14.0","GULLHOLMEN, NO","  63.9","20","9999.9"," 0","9999.9"," 0","999.9"," 0","999.9"," 0","  7.1","20"," 13.6","999.9","  69.8"," ","  58.1"," "," 0.00","I","999.9","000000"
"01460099999","2025-07-11","59.4333333","10.5833333","14.0","GULLHOLMEN, NO","  69.4","20","9999.9"," 0","9999.9"," 0","999.9"," 0","999.9"," 0","  5.5","20"," 11.7","999.9","  80.4"," ","  58.1"," "," 0.00","I","999.9","000000"
"01460099999","2025-07-12","59.4333333","10.5833333","14.0","GULLHOLMEN, NO","  71.4","20","9999.9"," 0","9999.9"," 0","999.9"," 0","999.9"," 0","  9.7","20"," 15.5","999.9","  80.4"," ","  64.2"," "," 0.00","I","999.9","000000"
"01460099999","2025-07-13","59.4333333","10.5833333","14.0","GULLHOLMEN, NO","  69.6","20","9999.9"," 0","9999.9"," 0","999.9"," 0","999.9"," 0","  6.1","20"," 13.6","999.9","  75.6"," ","  65.1"," "," 0.00","I","999.9","000000"
"01460099999","2025-07-14","59.4333333","10.5833333","14.0","GULLHOLMEN, NO","  67.8","17","9999.9"," 0","9999.9"," 0","999.9"," 0","999.9"," 0","  6.7","17","  9.7","999.9","  73.4"," ","  66.2"," "," 0.00","I","999.9","000000"
"01460099999","2025-07-15","59.4333333","10.5833333","14.0","GULLHOLMEN, NO","  70.4","20","9999.9"," 0","9999.9"," 0","999.9"," 0","999.9"," 0","  5.4","20"," 11.7","999.9","  77.2"," ","  64.8"," "," 0.00","I","999.9","000000"
"01460099999","2025-07-16","59.4333333","10.5833333","14.0","GULLHOLMEN, NO","  69.7","20","9999.9"," 0","9999.9"," 0","999.9"," 0","999.9"," 0","  7.5","20"," 11.7"," 12.8","  77.7"," ","  65.1"," "," 0.00","I","999.9","000000"
"01460099999","2025-07-17","59.4333333","10.5833333","14.0","GULLHOLMEN, NO","  74.2","20","9999.9"," 0","9999.9"," 0","999.9"," 0","999.9"," 0","  6.6","20"," 11.7","999.9","  84.4"," ","  66.2"," "," 0.00","I","999.9","000000"
"01460099999","2025-07-18","59.4333333","10.5833333","14.0","GULLHOLMEN, NO","  73.4","20","9999.9"," 0","9999.9"," 0","999.9"," 0","999.9"," 0","  5.1","20"," 11.7","999.9","  82.8"," ","  66.2"," "," 0.00","I","999.9","000000"
"01460099999","2025-07-19","59.4333333","10.5833333","14.0","GULLHOLMEN, NO","  73.9","20","9999.9"," 0","9999.9"," 0","999.9"," 0","999.9"," 0","  3.8","20","  9.7","999.9","  83.8"," ","  65.7"," "," 0.00","I","999.9","000000"
"01460099999","2025-07-20","59.4333333","10.5833333","14.0","GULLHOLMEN, NO","  75.9","20","9999.9"," 0","9999.9"," 0","999.9"," 0","999.9"," 0","  4.7","20","  7.8","999.9","  84.4"," ","  66.9"," "," 0.00","I","999.9","000000"
"01460099999","2025-07-21","59.4333333","10.5833333","14.0","GULLHOLMEN, NO","  75.5","20","9999.9"," 0","9999.9"," 0","999.9"," 0","999.9"," 0","  7.1","20","  9.7","999.9","  83.1"," ","  69.4"," "," 0.00","I","999.9","000000"
"01460099999","2025-07-22","59.4333333","10.5833333","14.0","GULLHOLMEN, NO","  75.9","20","9999.9"," 0","9999.9"," 0","999.9"," 0","999.9"," 0","  8.3","20"," 11.7"," 17.3","  84.9"," ","  70.3"," "," 0.00","I","999.9","000000"
"01460099999","2025-07-23","59.4333333","10.5833333","14.0","GULLHOLMEN, NO","  73.8","20","9999.9"," 0","9999.9"," 0","999.9"," 0","999.9"," 0"," 10.6","20"," 19.4","999.9","  81.0"," ","  68.5"," "," 0.00","I","999.9","000000"
"01460099999","2025-07-24","59.4333333","10.5833333","14.0","GULLHOLMEN, NO","  75.8","20","9999.9"," 0","9999.9"," 0","999.9"," 0","999.9"," 0","  5.0","20","  9.7","999.9","  85.5"," ","  67.6"," "," 0.00","I","999.9","000000"
"01460099999","2025-07-25","59.4333333","10.5833333","14.0","GULLHOLMEN, NO","  71.5","20","9999.9"," 0","9999.9"," 0","999.9"," 0","999.9"," 0"," 11.5","20"," 19.4","999.9","  80.6"," ","  66.4"," "," 0.00","I","999.9","000000"
"01460099999","2025-07-26","59.4333333","10.5833333","14.0","GULLHOLMEN, NO","  70.4","20","9999.9"," 0","9999.9"," 0","999.9"," 0","999.9"," 0","  8.5","20"," 19.4","999.9","  76.8"," ","  67.3"," "," 0.00","I","999.9","000000"
"01460099999","2025-07-27","59.4333333","10.5833333","14.0","GULLHOLMEN, NO","  68.1","20","9999.9"," 0","9999.9"," 0","999.9"," 0","999.9"," 0","  8.5","20"," 13.6","999.9","  73.0"," ","  64.2"," "," 0.00","I","999.9","000000"
"01460099999","2025-07-28","59.4333333","10.5833333","14.0","GULLHOLMEN, NO","  67.6","20","9999.9"," 0","9999.9"," 0","999.9"," 0","999.9"," 0","  6.5","20"," 13.6","999.9","  75.9"," ","  61.0"," "," 0.00","I","999.9","000000"
"01460099999","2025-07-29","59.4333333","10.5833333","14.0","GULLHOLMEN, NO","  65.3","17","9999.9"," 0","9999.9"," 0","999.9"," 0","999.9"," 0"," 15.2","17"," 19.4","999.9","  71.4"," ","  60.3"," "," 0.00","I","999.9","000000"
"01460099999","2025-07-30","59.4333333","10.5833333","14.0","GULLHOLMEN, NO","  65.9","19","9999.9"," 0","9999.9"," 0","999.9"," 0","999.9"," 0","  6.8","19"," 13.6","999.9","  71.8"," ","  60.1"," "," 0.00","I","999.9","000000"
"01460099999","2025-07-31","59.4333333","10.5833333","14.0","GULLHOLMEN, NO","  67.0","20","9999.9"," 0","9999.9"," 0","999.9"," 0","999.9"," 0","  4.8","20","  7.8","999.9","  71.4"," ","  62.1"," "," 0.00","I","999.9","000000"
"01460099999","2025-08-01","59.4333333","10.5833333","14.0","GULLHOLMEN, NO","  68.8","20","9999.9"," 0","9999.9"," 0","999.9"," 0","999.9"," 0","  6.4","20"," 11.7","999.9","  75.0"," ","  64.4"," "," 0.00","I","999.9","000000"
"01460099999","2025-08-02","59.4333333","10.5833333","14.0","GULLHOLMEN, NO","  64.8","20","9999.9"," 0","9999.9"," 0","999.9"," 0","999.9"," 0","  8.2","20"," 17.5","999.9","  70.3"," ","  62.1"," "," 0.00","I","999.9","000000"
"01460099999","2025-08-03","59.4333333","10.5833333","14.0","GULLHOLMEN, NO","  66.1","20","9999.9"," 0","9999.9"," 0","999.9"," 0","999.9"," 0","  5.9","20"," 15.5","999.9","  72.7"," ","  59.9"," "," 0.00","I","999.9","000000"
"01460099999","2025-08-04","59.4333333","10.5833333","14.0","GULLHOLMEN, NO","  64.2","20","9999.9"," 0","9999.9"," 0","999.9"," 0","999.9"," 0"," 14.7","20"," 33.0","999.9","  68.7"," ","  56.3"," "," 0.00","I","999.9","000000"
"01460099999","2025-08-05","59.4333333","10.5833333","14.0","GULLHOLMEN, NO","  62.3","18","9999.9"," 0","9999.9"," 0","999.9"," 0","999.9"," 0"," 22.9","18"," 31.1","999.9","  65.5"," ","  56.3"," "," 0.00","I","999.9","000000"
"01460099999","2025-08-06","59.4333333","10.5833333","14.0","GULLHOLMEN, NO","  64.2","20","9999.9"," 0","9999.9"," 0","999.9"," 0","999.9"," 0"," 11.7","20"," 17.5","999.9","  72.5"," ","  58.5"," "," 0.00","I","999.9","000000"
"01460099999","2025-08-07","59.4333333","10.5833333","14.0","GULLHOLMEN, NO","  62.1","20","9999.9"," 0","9999.9"," 0","999.9"," 0","999.9"," 0"," 14.2","20"," 21.4","999.9","  68.4"," ","  58.3"," "," 0.00","I","999.9","000000"
"01460099999","2025-08-08","59.4333333","10.5833333","14.0","GULLHOLMEN, NO","  63.8","20","9999.9"," 0","9999.9"," 0","999.9"," 0","999.9"," 0"," 15.7","20"," 23.3","999.9","  68.0"," ","  60.3"," "," 0.00","I","999.9","000000"
"01460099999","2025-08-09","59.4333333","10.5833333","14.0","GULLHOLMEN, NO","  61.6","20","9999.9"," 0","9999.9"," 0","999.9"," 0","999.9"," 0"," 16.1","20"," 29.1","999.9","  66.9"," ","  57.4"," "," 0.00","I","999.9","000000"
"01460099999","2025-08-10","59.4333333","10.5833333","14.0","GULLHOLMEN, NO","  64.0","20","9999.9"," 0","9999.9"," 0","999.9"," 0","999.9"," 0"," 10.3","20"," 17.5","999.9","  72.5"," ","  55.9"," "," 0.00","I","999.9","000000"
"01460099999","2025-08-11","59.4333333","10.5833333","14.0","GULLHOLMEN, NO","  62.6","20","9999.9"," 0","9999.9"," 0","999.9"," 0","999.9"," 0","  8.3","20"," 19.4","999.9","  69.1"," ","  58.8"," "," 0.00","I","999.9","000000"
"01460099999","2025-08-12","59.4333333","10.5833333","14.0","GULLHOLMEN, NO","  63.6","20","9999.9"," 0","9999.9"," 0","999.9"," 0","999.9"," 0","  8.6","20"," 15.5","999.9","  70.0"," ","  59.9"," "," 0.00","I","999.9","000000"
"01460099999","2025-08-13","59.4333333","10.5833333","14.0","GULLHOLMEN, NO","  65.0","20","9999.9"," 0","9999.9"," 0","999.9"," 0","999.9"," 0"," 10.1","20"," 19.4","999.9","  68.2"," ","  60.6"," "," 0.00","I","999.9","000000"
"01460099999","2025-08-14","59.4333333","10.5833333","14.0","GULLHOLMEN, NO","  65.5","20","9999.9"," 0","9999.9"," 0","999.9"," 0","999.9"," 0","  5.1","20","  9.7","999.9","  72.0"," ","  61.7"," "," 0.00","I","999.9","000000"
"01460099999","2025-08-15","59.4333333","10.5833333","14.0","GULLHOLMEN, NO","  66.4","20","9999.9"," 0","9999.9"," 0","999.9"," 0","999.9"," 0"," 12.6","20"," 23.3","999.9","  74.5"," ","  60.1"," "," 0.00","I","999.9","000000"
"01460099999","2025-08-16","59.4333333","10.5833333","14.0","GULLHOLMEN, NO","  63.5","20","9999.9"," 0","9999.9"," 0","999.9"," 0","999.9"," 0","  8.1","20"," 15.5","999.9","  70.5"," ","  57.6"," "," 0.00","I","999.9","000000"
"01460099999","2025-08-17","59.4333333","10.5833333","14.0","GULLHOLMEN, NO","  66.4","20","9999.9"," 0","9999.9"," 0","999.9"," 0","999.9"," 0","  6.6","20"," 11.7","999.9","  77.4"," ","  58.6"," "," 0.00","I","999.9","000000"
"01460099999","2025-08-18","59.4333333","10.5833333","14.0","GULLHOLMEN, NO","  64.7","20","9999.9"," 0","9999.9"," 0","999.9"," 0","999.9"," 0"," 12.4","20"," 21.4","999.9","  70.2"," ","  57.6"," "," 0.00","I","999.9","000000"
"01460099999","2025-08-19","59.4333333","10.5833333","14.0","GULLHOLMEN, NO","  63.5","19","9999.9"," 0","9999.9"," 0","999.9"," 0","999.9"," 0"," 14.2","19"," 19.4","999.9","  67.5"," ","  58.3"," "," 0.00","I","999.9","000000"
"01460099999","2025-08-20","59.4333333","10.5833333","14.0","GULLHOLMEN, NO","  58.1","20","9999.9"," 0","9999.9"," 0","999.9"," 0","999.9"," 0","  8.1","20"," 13.6","999.9","  64.8"," ","  54.0"," "," 0.00","I","999.9","000000"
"01460099999","2025-08-21","59.4333333","10.5833333","14.0","GULLHOLMEN, NO","  58.3","20","9999.9"," 0","9999.9"," 0","999.9"," 0","999.9"," 0"," 12.1","20"," 21.4","999.9","  64.6"," ","  52.9"," "," 0.00","I","999.9","000000"
"01460099999","2025-08-22","59.4333333","10.5833333","14.0","GULLHOLMEN, NO","  57.5","20","9999.9"," 0","9999.9"," 0","999.9"," 0","999.9"," 0"," 10.5","20"," 17.5","999.9","  64.9"," ","  53.6"," "," 0.00","I","999.9","000000"
"01460099999","2025-08-23","59.4333333","10.5833333","14.0","GULLHOLMEN, NO","  59.0","20","9999.9"," 0","9999.9"," 0","999.9"," 0","999.9"," 0"," 11.1","20"," 23.3","999.9","  66.6"," ","  51.8"," "," 0.00","I","999.9","000000"
"01460099999","2025-08-24","59.4333333","10.5833333","14.0","GULLHOLMEN, NO","  62.1","13","9999.9"," 0","9999.9"," 0","999.9"," 0","999.9"," 0","  8.4","13"," 15.5","999.9","  68.7"," ","  54.9"," "," 0.00","I","999.9","000000"
