"STATION","DATE","LATITUDE","LONGITUDE","ELEVATION","NAME","TEMP","TEMP_ATTRIBUTES","DEWP","DEWP_ATTRIBUTES","SLP","SLP_ATTRIBUTES","STP","STP_ATTRIBUTES","VISIB","VISIB_ATTRIBUTES","WDSP","WDSP_ATTRIBUTES","MXSPD","GUST","MAX","MAX_ATTRIBUTES","MIN","MIN_ATTRIBUTES","PRCP","PRCP_ATTRIBUTES","SNDP","FRSHTT"
"41907099999","2025-01-01","24.1525","89.049446","13.71","ISHURDI, BG","  61.6"," 8","  55.2"," 8","1015.4"," 8","013.9"," 8","  2.1"," 8","  0.7"," 8","  1.9","999.9","  73.4","*","  53.6"," "," 0.00","G","999.9","000000"
"41907099999","2025-01-02","24.1525","89.049446","13.71","ISHURDI, BG","  57.3"," 8","  51.8"," 8","1016.1"," 8","014.6"," 8","  2.0"," 8","  1.4"," 8","  4.1","999.9","  68.0","*","  50.0"," "," 0.00","G","999.9","000000"
"41907099999","2025-01-03","24.1525","89.049446","13.71","ISHURDI, BG","  60.5"," 8","  55.6"," 8","1015.5"," 8","013.9"," 8","  1.7"," 8","  0.0"," 8","999.9","999.9","  72.9","*","  49.3"," "," 0.00","G","999.9","000000"
"41907099999","2025-01-04","24.1525","89.049446","13.71","ISHURDI, BG","  60.7"," 8","  57.4"," 8","1014.3"," 8","012.7"," 8","  1.4"," 8","  0.0"," 8","999.9","999.9","  70.3","*","  52.9"," "," 0.00","G","999.9","100000"
"41907099999","2025-01-05","24.1525","89.049446","13.71","ISHURDI, BG","  65.4"," 8","  60.6"," 8","1014.7"," 8","013.2"," 8","  1.7"," 8","  0.2"," 8","  1.9","999.9","  79.5","*","  54.0"," "," 0.00","G","999.9","100000"
"41907099999","2025-01-06","24.1525","89.049446","13.71","ISHURDI, BG","  66.1"," 8","  59.8"," 8","1013.2"," 8","011.7"," 8","  1.7"," 8","  0.0"," 8","999.9","999.9","  82.0"," ","  56.8"," "," 0.00","G","999.9","100000"
"41907099999","2025-01-07","24.1525","89.049446","13.71","ISHURDI, BG","  65.3"," 8","  59.5"," 8","1012.2"," 8","010.7"," 8","  2.0"," 8","  1.3"," 8","  2.9","999.9","  77.0","*","  54.7"," "," 0.00","G","999.9","000000"
"41907099999","2025-01-08","24.1525","89.049446","13.71","ISHURDI, BG","  60.8"," 8","  55.1"," 8","1015.7"," 8","014.2"," 8","  2.1"," 8","  1.6"," 8","  4.1","999.9","  69.4","*","  52.7","*"," 0.00","G","999.9","000000"
"41907099999","2025-01-09","24.1525","89.049446","13.71","ISHURDI, BG","  57.6"," 8","  51.5"," 8","1017.9"," 8","016.3"," 8","  2.2"," 8","  1.0"," 8","  4.1","999.9","  71.6"," ","  49.6"," "," 0.00","G","999.9","000000"
"41907099999","2025-01-10","24.1525","89.049446","13.71","ISHURDI, BG","  60.0"," 8","  53.4"," 8","1018.6"," 8","017.0"," 8","  2.2"," 8","  0.2"," 8","  1.9","999.9","  75.2"," ","  47.5"," "," 0.00","G","999.9","000000"
"41907099999","2025-01-11","24.1525","89.049446","13.71","ISHURDI, BG","  62.2"," 8","  55.2"," 8","1018.0"," 8","016.5"," 8","  1.7"," 8","  0.0"," 8","999.9","999.9","  77.7","*","  50.9"," "," 0.00","G","999.9","100000"
"41907099999","2025-01-12","24.1525","89.049446","13.71","ISHURDI, BG","  64.7"," 8","  56.3"," 8","1016.6"," 8","015.1"," 8","  2.1"," 8","  0.2"," 8","  1.9","999.9","  79.3","*","  51.8"," "," 0.00","G","999.9","000000"
"41907099999","2025-01-13","24.1525","89.049446","13.71","ISHURDI, BG","  64.4"," 8","  58.1"," 8","1015.0"," 8","013.5"," 8","  1.7"," 8","  0.5"," 8","  1.9","999.9","  77.9"," ","  53.6"," "," 0.00","G","999.9","100000"
"41907099999","2025-01-14","24.1525","89.049446","13.71","ISHURDI, BG","  62.0"," 7","  57.7"," 7","1018.2"," 7","016.7"," 7","  1.9"," 7","  1.2"," 7","  4.1","999.9","  72.5","*","  54.9"," "," 0.00","G","999.9","000000"
"41907099999","2025-01-15","24.1525","89.049446","13.71","ISHURDI, BG","  63.6"," 8","  57.2"," 8","1018.1"," 8","016.6"," 8","  2.1"," 8","  1.1"," 8","  4.1","999.9","  75.6"," ","  54.0"," "," 0.00","G","999.9","000000"
"41907099999","2025-01-16","24.1525","89.049446","13.71","ISHURDI, BG","  64.1"," 8","  58.3"," 8","1017.6"," 8","016.1"," 8","  2.2"," 8","  0.2"," 8","  1.9","999.9","  77.0","*","  53.6"," "," 0.00","G","999.9","000000"
"41907099999","2025-01-17","24.1525","89.049446","13.71","ISHURDI, BG","  64.5"," 8","  57.4"," 8","1016.1"," 8","014.5"," 8","  1.8"," 8","  0.2"," 8","  1.9","999.9","  77.9","*","  53.2"," "," 0.00","G","999.9","000000"
"41907099999","2025-01-18","24.1525","89.049446","13.71","ISHURDI, BG","  63.7"," 8","  56.5"," 8","1015.6"," 8","014.1"," 8","  1.8"," 8","  0.5"," 8","  1.9","999.9","  78.4","*","  52.7"," "," 0.00","G","999.9","100000"
"41907099999","2025-01-19","24.1525","89.049446","13.71","ISHURDI, BG","  61.7"," 8","  52.9"," 8","1014.0"," 8","012.5"," 8","  2.2"," 8","  0.7"," 8","  1.9","999.9","  77.0"," ","  51.3"," "," 0.00","G","999.9","000000"
"41907099999","2025-01-20","24.1525","89.049446","13.71","ISHURDI, BG","  61.3"," 8","  54.9"," 8","1012.5"," 8","010.9"," 8","  1.8"," 8","  0.8"," 8","  4.1","999.9","  73.0","*","  50.9"," "," 0.00","G","999.9","100000"
"41907099999","2025-01-21","24.1525","89.049446","13.71","ISHURDI, BG","  62.9"," 8","  58.1"," 8","1012.0"," 8","010.4"," 8","  1.7"," 8","  0.6"," 8","  2.9","999.9","  76.1"," ","  53.2"," "," 0.00","G","999.9","100000"
"41907099999","2025-01-22","24.1525","89.049446","13.71","ISHURDI, BG","  59.8"," 8","  56.1"," 8","1013.2"," 8","011.7"," 8","  1.5"," 8","  0.8"," 8","  4.1","999.9","  71.6"," ","  52.3","*"," 0.00","G","999.9","100000"
"41907099999","2025-01-23","24.1525","89.049446","13.71","ISHURDI, BG","  61.6"," 8","  55.8"," 8","1013.5"," 8","012.0"," 8","  2.0"," 8","  0.7"," 8","  1.9","999.9","  73.4","*","  51.8"," "," 0.00","G","999.9","000000"
"41907099999","2025-01-24","24.1525","89.049446","13.71","ISHURDI, BG","  59.9"," 8","  56.1"," 8","1013.4"," 8","011.9"," 8","  1.0"," 8","  0.0"," 8","999.9","999.9","  71.6"," ","  50.4"," "," 0.00","G","999.9","100000"
"41907099999","2025-01-25","24.1525","89.049446","13.71","ISHURDI, BG","  61.7"," 8","  55.7"," 8","1014.1"," 8","012.6"," 8","  1.2"," 8","  0.2"," 8","  1.9","999.9","  76.1"," ","  52.0"," "," 0.00","G","999.9","100000"
"41907099999","2025-01-26","24.1525","89.049446","13.71","ISHURDI, BG","  61.1"," 8","  54.7"," 8","1013.0"," 8","011.5"," 8","  1.7"," 8","  0.5"," 8","  1.9","999.9","  75.7","*","  49.6"," "," 0.00","G","999.9","100000"
"41907099999","2025-01-27","24.1525","89.049446","13.71","ISHURDI, BG","  62.0"," 8","  55.0"," 8","1011.2"," 8","009.7"," 8","  1.2"," 8","  0.5"," 8","  4.1","999.9","  76.5"," ","  52.2"," "," 0.00","G","999.9","100000"
"41907099999","2025-01-28","24.1525","89.049446","13.71","ISHURDI, BG","  62.8"," 7","  53.3"," 7","1013.4"," 7","011.9"," 7","  1.8"," 7","  0.0"," 7","999.9","999.9","  77.4"," ","  50.5"," "," 0.00","G","999.9","100000"
"41907099999","2025-01-29","24.1525","89.049446","13.71","ISHURDI, BG","  64.5"," 8","  56.8"," 8","1014.5"," 8","013.0"," 8","  1.6"," 8","  0.0"," 8","999.9","999.9","  80.6","*","  50.4"," "," 0.00","G","999.9","100000"
"41907099999","2025-01-30","24.1525","89.049446","13.71","ISHURDI, BG","  69.4"," 8","  64.6"," 8","1010.3"," 8","008.8"," 8","  1.9"," 8","  0.2"," 8","  1.9","999.9","  78.8","*","  59.0"," "," 0.00","G","999.9","000000"
"41907099999","2025-01-31","24.1525","89.049446","13.71","ISHURDI, BG","  69.4"," 8","  61.0"," 8","1011.4"," 8","009.9"," 8","  1.9"," 8","  0.0"," 8","999.9","999.9","  82.4","*","  60.4","*"," 0.00","G","999.9","100000"
"41907099999","2025-02-01","24.1525","89.049446","13.71","ISHURDI, BG","  69.1"," 8","  62.4"," 8","1012.0"," 8","010.5"," 8","  1.6"," 8","  0.2"," 8","  1.9","999.9","  83.3","*","  56.8"," "," 0.00","G","999.9","100000"
"41907099999","2025-02-02","24.1525","89.049446","13.71","ISHURDI, BG","  68.2"," 8","  61.7"," 8","1012.0"," 8","010.5"," 8","  1.7"," 8","  0.6"," 8","  2.9","999.9","  82.4","*","  59.5","*"," 0.00","G","999.9","100000"
"41907099999","2025-02-03","24.1525","89.049446","13.71","ISHURDI, BG","  66.8"," 7","  56.4"," 7","1013.0"," 7","011.5"," 7","  1.7"," 7","  0.6"," 7","  1.9","999.9","  82.4","*","  55.4"," "," 0.00","G","999.9","000000"
"41907099999","2025-02-04","24.1525","89.049446","13.71","ISHURDI, BG","  64.9"," 8","  59.0"," 8","1012.1"," 8","010.6"," 8","  1.7"," 8","  0.8"," 8","  4.1","999.9","  78.8","*","  53.8"," "," 0.00","G","999.9","100000"
"41907099999","2025-02-05","24.1525","89.049446","13.71","ISHURDI, BG","  68.2"," 8","  59.4"," 8","1010.7"," 8","009.2"," 8","  1.9"," 8","  0.5"," 8","  1.9","999.9","  81.7","*","  56.5"," "," 0.00","G","999.9","100000"
"41907099999","2025-02-06","24.1525","89.049446","13.71","ISHURDI, BG","  67.9"," 8","  57.7"," 8","1012.2"," 8","010.7"," 8","  1.9"," 8","  0.6"," 8","  2.9","999.9","  83.1","*","  54.5","*"," 0.00","G","999.9","100000"
"41907099999","2025-02-07","24.1525","89.049446","13.71","ISHURDI, BG","  62.4"," 8","  51.6"," 8","1014.3"," 8","012.7"," 8","  2.3"," 8","  0.5"," 8","  1.9","999.9","  79.3","*","  50.4"," "," 0.00","G","999.9","000000"
"41907099999","2025-02-08","24.1525","89.049446","13.71","ISHURDI, BG","  61.7"," 8","  50.7"," 8","1014.4"," 8","012.8"," 8","  2.3"," 8","  1.0"," 8","  4.1","999.9","  77.0","*","  49.1"," "," 0.00","G","999.9","000000"
"41907099999","2025-02-09","24.1525","89.049446","13.71","ISHURDI, BG","  63.0"," 8","  52.0"," 8","1013.3"," 8","011.7"," 8","  2.2"," 8","  1.0"," 8","  4.1","999.9","  77.4","*","  50.9"," "," 0.00","G","999.9","000000"
"41907099999","2025-02-10","24.1525","89.049446","13.71","ISHURDI, BG","  65.5"," 8","  56.2"," 8","1013.0"," 8","011.5"," 8","  2.4"," 8","  0.7"," 8","  2.9","999.9","  81.5"," ","  51.8"," "," 0.00","G","999.9","000000"
"41907099999","2025-02-11","24.1525","89.049446","13.71","ISHURDI, BG","  68.1"," 7","  57.7"," 7","1012.1"," 7","010.5"," 7","  2.1"," 7","  0.6"," 7","  1.9","999.9","  83.8","*","  55.4"," "," 0.00","G","999.9","000000"
"41907099999","2025-02-12","24.1525","89.049446","13.71","ISHURDI, BG","  69.6"," 8","  57.4"," 8","1012.0"," 8","010.5"," 8","  2.3"," 8","  0.5"," 8","  1.9","999.9","  87.8"," ","  54.5"," "," 0.00","G","999.9","000000"
"41907099999","2025-02-13","24.1525","89.049446","13.71","ISHURDI, BG","  71.1"," 7","  60.5"," 7","1011.1"," 7","009.6"," 7","  1.8"," 7","  0.7"," 7","  2.9","999.9","  86.5"," ","  59.4"," "," 0.00","G","999.9","100000"
"41907099999","2025-02-14","24.1525","89.049446","13.71","ISHURDI, BG","  65.5"," 8","  51.1"," 8","1012.0"," 8","010.5"," 8","  2.2"," 8","  1.0"," 8","  4.1","999.9","  79.7","*","  51.8"," "," 0.00","G","999.9","100000"
"41907099999","2025-02-15","24.1525","89.049446","13.71","ISHURDI, BG","  66.4"," 8","  51.8"," 8","1011.7"," 8","010.1"," 8","  2.4"," 8","  0.5"," 8","  1.9","999.9","  82.8"," ","  52.3"," "," 0.00","G","999.9","000000"
"41907099999","2025-02-16","24.1525","89.049446","13.71","ISHURDI, BG","  69.6"," 8","  55.6"," 8","1012.4"," 8","010.8"," 8","  2.3"," 8","  0.5"," 8","  1.9","999.9","  86.9"," ","  53.6"," "," 0.00","G","999.9","000000"
"41907099999","2025-02-17","24.1525","89.049446","13.71","ISHURDI, BG","  72.7"," 8","  65.8"," 8","1013.4"," 8","011.9"," 8","  2.3"," 8","  0.7"," 8","  1.9","999.9","  86.0","*","  59.0"," "," 0.00","G","999.9","000000"
"41907099999","2025-02-18","24.1525","89.049446","13.71","ISHURDI, BG","  71.5"," 8","  62.4"," 8","1013.1"," 8","011.6"," 8","  2.3"," 8","  0.5"," 8","  1.9","999.9","  84.2","*","  62.6"," "," 0.00","G","999.9","000000"
"41907099999","2025-02-19","24.1525","89.049446","13.71","ISHURDI, BG","  70.8"," 8","  60.6"," 8","1012.8"," 8","011.3"," 8","  2.3"," 8","  0.6"," 8","  2.9","999.9","  85.5","*","  59.0"," "," 0.00","G","999.9","000000"
"41907099999","2025-02-20","24.1525","89.049446","13.71","ISHURDI, BG","  71.0"," 7","  63.4"," 7","1014.4"," 7","012.9"," 7","  2.2"," 7","  0.0"," 7","999.9","999.9","  81.0","*","  60.8"," "," 0.00","G","999.9","000000"
"41907099999","2025-02-21","24.1525","89.049446","13.71","ISHURDI, BG","  71.8"," 7","  64.9"," 7","1014.2"," 7","012.7"," 7","  1.6"," 7","  0.6"," 7","  1.9","999.9","  87.8","*","  58.3"," "," 0.00","G","999.9","100000"
"41907099999","2025-02-22","24.1525","89.049446","13.71","ISHURDI, BG","  71.4"," 8","  66.0"," 8","1014.7"," 8","013.2"," 8","  1.9"," 8","  0.5"," 8","  1.9","999.9","  85.1","*","  63.5"," "," 0.16","G","999.9","000010"
"41907099999","2025-02-23","24.1525","89.049446","13.71","ISHURDI, BG","  69.7"," 7","  63.4"," 7","1016.2"," 7","014.7"," 7","  2.2"," 7","  1.2"," 7","  4.1","999.9","  78.8","*","  61.7"," "," 0.18","G","999.9","000000"
"41907099999","2025-02-24","24.1525","89.049446","13.71","ISHURDI, BG","  70.7"," 8","  61.7"," 8","1017.0"," 8","015.5"," 8","  2.3"," 8","  0.6"," 8","  2.9","999.9","  85.1","*","  60.1"," "," 0.00","G","999.9","000000"
"41907099999","2025-02-25","24.1525","89.049446","13.71","ISHURDI, BG","  69.9"," 8","  61.9"," 8","1018.3"," 8","016.7"," 8","  2.4"," 8","  0.2"," 8","  1.9","999.9","  84.2"," ","  59.9"," "," 0.00","G","999.9","000000"
"41907099999","2025-02-26","24.1525","89.049446","13.71","ISHURDI, BG","  70.4"," 8","  59.7"," 8","1017.2"," 8","015.7"," 8","  2.5"," 8","  1.0"," 8","  4.1","999.9","  86.0"," ","  58.1"," "," 0.00","G","999.9","000000"
"41907099999","2025-02-27","24.1525","89.049446","13.71","ISHURDI, BG","  71.9"," 8","  64.4"," 8","1014.6"," 8","013.1"," 8","  2.3"," 8","  0.2"," 8","  1.9","999.9","  83.3","*","  59.9"," "," 0.00","G","999.9","000000"
"41907099999","2025-02-28","24.1525","89.049446","13.71","ISHURDI, BG","  71.0"," 4","  64.4"," 4","1014.2"," 4","012.7"," 4","  2.1"," 4","  0.0"," 4","999.9","999.9","  83.3","*","  63.7"," "," 0.00","G","999.9","000000"
"41907099999","2025-03-01","24.1525","89.049446","13.71","ISHURDI, BG","  77.4"," 8","  69.8"," 8","1010.0"," 8","008.5"," 8","  2.3"," 8","  0.2"," 8","  1.9","999.9","  91.4","*","  63.5"," "," 0.00","G","999.9","000000"
"41907099999","2025-03-02","24.1525","89.049446","13.71","ISHURDI, BG","  77.0"," 8","  63.7"," 8","1008.4"," 8","006.9"," 8","  2.3"," 8","  0.6"," 8","  2.9","999.9","  91.4","*","  68.0","*"," 0.00","G","999.9","000000"
"41907099999","2025-03-03","24.1525","89.049446","13.71","ISHURDI, BG","  75.9"," 8","  60.3"," 8","1009.8"," 8","008.3"," 8","  2.5"," 8","  0.5"," 8","  1.9","999.9","  90.5","*","  64.4","*"," 0.00","G","999.9","000000"
"41907099999","2025-03-04","24.1525","89.049446","13.71","ISHURDI, BG","  74.4"," 8","  58.3"," 8","1009.6"," 8","008.2"," 8","  2.7"," 8","  1.1"," 8","  4.1","999.9","  88.7","*","  59.0"," "," 0.00","G","999.9","000000"
"41907099999","2025-03-05","24.1525","89.049446","13.71","ISHURDI, BG","  73.2"," 7","  52.1"," 7","1009.4"," 7","007.9"," 7","  2.9"," 7","  1.9"," 7","  5.1","999.9","  87.4"," ","  58.1","*"," 0.00","G","999.9","000000"
"41907099999","2025-03-06","24.1525","89.049446","13.71","ISHURDI, BG","  69.7"," 8","  51.1"," 8","1011.6"," 8","010.1"," 8","  3.0"," 8","  0.7"," 8","  2.9","999.9","  83.8","*","  55.9"," "," 0.00","G","999.9","000000"
"41907099999","2025-03-07","24.1525","89.049446","13.71","ISHURDI, BG","  69.7"," 8","  54.1"," 8","1009.3"," 8","007.8"," 8","  2.7"," 8","  1.1"," 8","  6.0","999.9","  84.6"," ","  55.0"," "," 0.00","G","999.9","000000"
"41907099999","2025-03-08","24.1525","89.049446","13.71","ISHURDI, BG","  71.8"," 8","  54.7"," 8","1009.1"," 8","007.6"," 8","  2.7"," 8","  1.4"," 8","  5.1","999.9","  89.2","*","  56.3"," "," 0.00","G","999.9","000000"
"41907099999","2025-03-09","24.1525","89.049446","13.71","ISHURDI, BG","  75.0"," 8","  62.8"," 8","1013.5"," 8","012.0"," 8","  2.8"," 8","  0.5"," 8","  1.9","999.9","  88.7","*","  59.4"," "," 0.00","G","999.9","000000"
"41907099999","2025-03-10","24.1525","89.049446","13.71","ISHURDI, BG","  78.2"," 7","  64.7"," 7","1014.6"," 7","013.1"," 7","  2.8"," 7","  0.8"," 7","  1.9","999.9","  92.3","*","  64.9"," "," 0.00","G","999.9","000000"
"41907099999","2025-03-11","24.1525","89.049446","13.71","ISHURDI, BG","  78.3"," 8","  64.4"," 8","1011.6"," 8","010.2"," 8","  2.9"," 8","  1.2"," 8","  4.1","999.9","  91.4"," ","  66.7"," "," 0.00","G","999.9","000000"
"41907099999","2025-03-12","24.1525","89.049446","13.71","ISHURDI, BG","  78.6"," 8","  64.6"," 8","1007.7"," 8","006.3"," 8","  2.6"," 8","  0.7"," 8","  1.9","999.9","  93.2","*","  65.8"," "," 0.00","G","999.9","000000"
"41907099999","2025-03-13","24.1525","89.049446","13.71","ISHURDI, BG","  79.8"," 8","  65.8"," 8","1006.2"," 8","004.8"," 8","  2.6"," 8","  0.7"," 8","  1.9","999.9","  95.7","*","  68.0"," "," 0.00","G","999.9","000000"
"41907099999","2025-03-14","24.1525","89.049446","13.71","ISHURDI, BG","  82.2"," 8","  72.5"," 8","1008.3"," 8","006.8"," 8","  2.6"," 8","  1.1"," 8","  2.9","999.9","  94.1","*","  71.1"," "," 0.00","G","999.9","100000"
"41907099999","2025-03-15","24.1525","89.049446","13.71","ISHURDI, BG","  85.0"," 8","  72.5"," 8","1009.5"," 8","008.0"," 8","  2.8"," 8","  1.2"," 8","  2.9","999.9","  97.5","*","  74.3"," "," 0.00","G","999.9","000000"
"41907099999","2025-03-16","24.1525","89.049446","13.71","ISHURDI, BG","  83.9"," 8","  65.8"," 8","1008.4"," 8","006.9"," 8","  3.0"," 8","  1.5"," 8","  4.1","999.9","  99.0"," ","  75.0","*"," 0.00","G","999.9","000000"
"41907099999","2025-03-17","24.1525","89.049446","13.71","ISHURDI, BG","  81.2"," 8","  62.2"," 8","1008.2"," 8","006.8"," 8","  2.8"," 8","  2.0"," 8","  4.1","999.9","  91.4","*","  73.9","*"," 0.00","G","999.9","000000"
"41907099999","2025-03-18","24.1525","89.049446","13.71","ISHURDI, BG","  79.7"," 8","  54.3"," 8","1009.9"," 8","008.5"," 8","  3.0"," 8","  1.1"," 8","  4.1","999.9","  95.0"," ","  68.0","*"," 0.00","G","999.9","000000"
"41907099999","2025-03-19","24.1525","89.049446","13.71","ISHURDI, BG","  79.4"," 8","  58.3"," 8","1012.9"," 8","011.4"," 8","  3.0"," 8","  1.0"," 8","  1.9","999.9","  95.4","*","  63.0"," "," 0.00","G","999.9","000000"
"41907099999","2025-03-20","24.1525","89.049446","13.71","ISHURDI, BG","  72.6"," 8","  67.3"," 8","1014.0"," 8","012.4"," 8","  2.5"," 8","  1.0"," 8","  4.1","999.9","  76.1","*","  57.6"," "," 0.04","G","999.9","010000"
"41907099999","2025-03-21","24.1525","89.049446","13.71","ISHURDI, BG","  72.7"," 5","  66.9"," 5","1015.4"," 5","013.9"," 5","  2.7"," 5","  0.8"," 5","  4.1","999.9","  76.1","*","  69.8"," "," 0.06","G","999.9","010000"
"41907099999","2025-03-22","24.1525","89.049446","13.71","ISHURDI, BG","  72.5"," 7","  64.7"," 7","1015.2"," 7","013.7"," 7","  2.8"," 7","  1.2"," 7","  2.9","999.9","  81.9"," ","  64.4"," "," 0.00","G","999.9","000000"
"41907099999","2025-03-23","24.1525","89.049446","13.71","ISHURDI, BG","  72.8"," 8","  64.2"," 8","1015.1"," 8","013.6"," 8","  2.8"," 8","  0.7"," 8","  1.9","999.9","  85.1"," ","  63.5"," "," 0.00","G","999.9","000000"
"41907099999","2025-03-24","24.1525","89.049446","13.71","ISHURDI, BG","  75.0"," 8","  61.3"," 8","1013.2"," 8","011.7"," 8","  3.0"," 8","  1.1"," 8","  5.1","999.9","  89.6","*","  61.5"," "," 0.00","G","999.9","000000"
"41907099999","2025-03-25","24.1525","89.049446","13.71","ISHURDI, BG","  79.2"," 7","  61.1"," 7","1008.4"," 7","007.0"," 7","  3.0"," 7","  1.4"," 7","  4.1","999.9","  92.8","*","  64.4"," "," 0.00","G","999.9","000000"
"41907099999","2025-03-26","24.1525","89.049446","13.71","ISHURDI, BG","  81.8"," 8","  66.0"," 8","1006.3"," 8","004.9"," 8","  2.9"," 8","  0.8"," 8","  4.1","999.9","  93.6","*","  67.1"," "," 0.00","G","999.9","000000"
"41907099999","2025-03-27","24.1525","89.049446","13.71","ISHURDI, BG","  82.9"," 8","  69.6"," 8","1003.7"," 8","002.2"," 8","  2.9"," 8","  0.7"," 8","  1.9","999.9","  98.6"," ","  73.0"," "," 0.00","G","999.9","000000"
"41907099999","2025-03-28","24.1525","89.049446","13.71","ISHURDI, BG","  82.9"," 8","  59.5"," 7","1003.0"," 8","001.6"," 8","  3.0"," 8","  2.4"," 8","  6.0","999.9"," 103.6"," ","  72.5"," "," 0.00","G","999.9","000000"
"41907099999","2025-03-29","24.1525","89.049446","13.71","ISHURDI, BG","  83.3"," 8","  54.7"," 8","1005.8"," 8","004.4"," 8","  3.0"," 8","  1.8"," 8","  4.1","999.9"," 101.3","*","  67.1","*"," 0.00","G","999.9","000000"
"41907099999","2025-03-30","24.1525","89.049446","13.71","ISHURDI, BG","  81.6"," 8","  58.3"," 8","1008.9"," 8","007.4"," 8","  3.0"," 8","  0.7"," 8","  1.9","999.9","  99.0"," ","  62.6"," "," 0.00","G","999.9","000000"
"41907099999","2025-03-31","24.1525","89.049446","13.71","ISHURDI, BG","  86.3"," 8","  73.4"," 8","1007.9"," 8","006.4"," 8","  2.9"," 8","  1.5"," 8","  2.9","999.9","  97.7","*","  72.3"," "," 0.00","G","999.9","000000"
"41907099999","2025-04-01","24.1525","89.049446","13.71","ISHURDI, BG","  86.6"," 8","  74.8"," 8","1007.9"," 8","006.4"," 8","  3.0"," 8","  1.5"," 8","  4.1","999.9","  98.2","*","  79.3"," "," 0.00","G","999.9","000000"
"41907099999","2025-04-02","24.1525","89.049446","13.71","ISHURDI, BG","  85.8"," 8","  75.0"," 8","1009.6"," 8","008.2"," 8","  2.9"," 8","  1.7"," 8","  1.9","999.9","  98.6","*","  76.1"," "," 0.00","G","999.9","000000"
"41907099999","2025-04-03","24.1525","89.049446","13.71","ISHURDI, BG","  85.8"," 8","  65.3"," 8","1010.2"," 8","008.8"," 8","  3.0"," 8","  1.0"," 8","  1.9","999.9","  98.6","*","  76.1"," "," 0.00","G","999.9","000000"
"41907099999","2025-04-04","24.1525","89.049446","13.71","ISHURDI, BG","  83.8"," 8","  70.9"," 8","1008.8"," 8","007.3"," 8","  2.8"," 8","  0.2"," 8","  1.9","999.9","  93.6","*","  75.7"," "," 0.00","G","999.9","000000"
"41907099999","2025-04-05","24.1525","89.049446","13.71","ISHURDI, BG","  84.4"," 8","  66.7"," 8","1007.1"," 8","005.6"," 8","  2.9"," 8","  1.2"," 8","  1.9","999.9"," 100.4"," ","  74.1"," "," 0.00","G","999.9","000000"
"41907099999","2025-04-06","24.1525","89.049446","13.71","ISHURDI, BG","  83.5"," 8","  71.8"," 8","1007.8"," 8","006.3"," 8","  2.6"," 8","  2.1"," 8","  2.9","999.9"," 100.0","*","  74.5"," "," 0.83","G","999.9","010110"
"41907099999","2025-04-07","24.1525","89.049446","13.71","ISHURDI, BG","  82.5"," 8","  70.2"," 8","1010.9"," 8","009.5"," 8","  3.0"," 8","  1.5"," 8","  4.1","999.9","  91.4","*","  73.9"," "," 0.00","G","999.9","000000"
"41907099999","2025-04-08","24.1525","89.049446","13.71","ISHURDI, BG","  84.7"," 8","  71.6"," 8","1012.8"," 8","011.3"," 8","  2.9"," 8","  0.5"," 8","  1.9","999.9","  95.4"," ","  73.4"," "," 0.00","G","999.9","000000"
"41907099999","2025-04-09","24.1525","89.049446","13.71","ISHURDI, BG","  83.8"," 8","  73.4"," 8","1010.4"," 8","008.9"," 8","  2.8"," 8","  0.5"," 8","  1.9","999.9","  94.1","*","  74.7"," "," 0.00","G","999.9","000000"
"41907099999","2025-04-10","24.1525","89.049446","13.71","ISHURDI, BG","  80.0"," 7","  72.1"," 7","1006.9"," 7","005.4"," 7","  2.7"," 7","  2.3"," 7","  8.0","999.9","  93.2","*","  70.2","*"," 0.24","G","999.9","010000"
"41907099999","2025-04-11","24.1525","89.049446","13.71","ISHURDI, BG","  82.5"," 7","  72.1"," 7","1005.3"," 7","003.8"," 7","  3.0"," 7","  0.8"," 7","  1.9","999.9","  90.0","*","  68.9"," "," 0.00","G","999.9","000000"
"41907099999","2025-04-12","24.1525","89.049446","13.71","ISHURDI, BG","  84.1"," 8","  74.5"," 8","1006.5"," 8","005.0"," 8","  2.8"," 8","  0.7"," 8","  1.9","999.9","  92.3","*","  73.4"," "," 0.00","G","999.9","000000"
"41907099999","2025-04-13","24.1525","89.049446","13.71","ISHURDI, BG","  81.9"," 8","  70.5"," 8","1009.0"," 8","007.6"," 8","  2.9"," 8","  1.5"," 8","  4.1","999.9","  91.4"," ","  75.2"," "," 0.00","G","999.9","000000"
"41907099999","2025-04-14","24.1525","89.049446","13.71","ISHURDI, BG","  82.0"," 8","  70.7"," 8","1009.9"," 8","008.4"," 8","  2.7"," 8","  1.6"," 8","  8.0","999.9","  94.6"," ","  69.8","*"," 0.18","G","999.9","000010"
"41907099999","2025-04-15","24.1525","89.049446","13.71","ISHURDI, BG","  81.3"," 8","  71.2"," 8","1009.7"," 8","008.2"," 8","  2.9"," 8","  0.5"," 8","  1.9","999.9","  91.0","*","  69.4"," "," 0.00","G","999.9","000000"
"41907099999","2025-04-16","24.1525","89.049446","13.71","ISHURDI, BG","  81.5"," 8","  73.4"," 8","1008.4"," 8","007.0"," 8","  2.7"," 8","  0.7"," 8","  1.9","999.9","  94.6"," ","  75.2"," "," 0.00","G","999.9","000000"
"41907099999","2025-04-17","24.1525","89.049446","13.71","ISHURDI, BG","  75.4"," 8","  71.4"," 8","1007.7"," 8","006.2"," 8","  2.3"," 8","  1.5"," 8","  4.1","999.9","  82.4"," ","  70.3","*"," 0.71","G","999.9","000010"
"41907099999","2025-04-18","24.1525","89.049446","13.71","ISHURDI, BG","  76.9"," 8","  71.9"," 8","1007.4"," 8","005.9"," 8","  2.7"," 8","  0.2"," 8","  1.9","999.9","  82.4","*","  69.3"," "," 0.00","G","999.9","000000"
"41907099999","2025-04-19","24.1525","89.049446","13.71","ISHURDI, BG","  82.9"," 8","  75.2"," 8","1006.2"," 8","004.7"," 8","  2.9"," 8","  0.5"," 8","  1.9","999.9","  91.4"," ","  71.6"," "," 0.00","G","999.9","000000"
"41907099999","2025-04-20","24.1525","89.049446","13.71","ISHURDI, BG","  86.2"," 8","  79.2"," 8","1006.9"," 8","004.2"," 8","  2.8"," 8","  0.7"," 8","  1.9","999.9","  95.9"," ","  75.7"," "," 0.00","G","999.9","000000"
"41907099999","2025-04-21","24.1525","89.049446","13.71","ISHURDI, BG","  86.2"," 8","  78.6"," 8","1007.2"," 8","005.7"," 8","  2.9"," 8","  3.1"," 8","  6.0","999.9","  95.0","*","  81.5","*"," 0.00","G","999.9","000000"
"41907099999","2025-04-22","24.1525","89.049446","13.71","ISHURDI, BG","  89.4"," 8","  81.1"," 8","1005.8"," 8","004.3"," 8","  2.9"," 8","  2.4"," 8","  4.1","999.9","  97.7","*","  79.9"," "," 0.00","G","999.9","000000"
"41907099999","2025-04-23","24.1525","89.049446","13.71","ISHURDI, BG","  90.4"," 8","  74.1"," 8","1002.9"," 8","001.4"," 8","  2.8"," 8","  2.7"," 8","  5.1","999.9"," 103.3","*","  83.3"," "," 0.00","G","999.9","000000"
"41907099999","2025-04-24","24.1525","89.049446","13.71","ISHURDI, BG","  90.5"," 8","  78.8"," 8","1003.7"," 8","002.3"," 8","  2.9"," 8","  3.5"," 8","  5.1","999.9"," 100.9","*","  81.5"," "," 0.00","G","999.9","000000"
"41907099999","2025-04-25","24.1525","89.049446","13.71","ISHURDI, BG","  89.8"," 8","  79.9"," 8","1004.4"," 8","002.9"," 8","  3.0"," 8","  3.5"," 8","  5.1","999.9"," 100.0","*","  82.8"," "," 0.00","G","999.9","000000"
"41907099999","2025-04-26","24.1525","89.049446","13.71","ISHURDI, BG","  89.2"," 8","  77.9"," 8","1005.3"," 8","003.9"," 8","  3.0"," 8","  3.8"," 8","  5.1","999.9"," 100.4","*","  80.6","*"," 0.00","G","999.9","000000"
"41907099999","2025-04-27","24.1525","89.049446","13.71","ISHURDI, BG","  86.2"," 8","  74.5"," 8","1007.9"," 8","006.4"," 8","  2.9"," 8","  1.1"," 8","  5.1","999.9","  95.4","*","  78.4"," "," 0.00","G","999.9","000000"
"41907099999","2025-04-28","24.1525","89.049446","13.71","ISHURDI, BG","  79.5"," 8","  71.6"," 8","1007.9"," 8","006.4"," 8","  2.8"," 8","  1.7"," 8","  6.0","999.9","  86.9"," ","  73.4","*"," 0.00","G","999.9","000000"
"41907099999","2025-04-29","24.1525","89.049446","13.71","ISHURDI, BG","  77.2"," 8","  69.6"," 8","1008.6"," 8","007.1"," 8","  3.0"," 8","  0.5"," 8","  1.9","999.9","  90.5"," ","  71.6","*"," 2.01","G","999.9","000010"
"41907099999","2025-04-30","24.1525","89.049446","13.71","ISHURDI, BG","  77.3"," 7","  72.1"," 7","1009.4"," 7","007.9"," 7","  2.2"," 7","  0.6"," 7","  1.9","999.9","  91.0","*","  67.6"," "," 0.12","G","999.9","000010"
"41907099999","2025-05-01","24.1525","89.049446","13.71","ISHURDI, BG","  78.0"," 8","  68.4"," 8","1010.5"," 8","009.0"," 8","  2.7"," 8","  1.0"," 8","  4.1","999.9","  94.1"," ","  69.8"," "," 0.22","G","999.9","010000"
"41907099999","2025-05-02","24.1525","89.049446","13.71","ISHURDI, BG","  80.8"," 8","  72.3"," 8","1008.4"," 8","006.9"," 8","  3.0"," 8","  0.5"," 8","  1.9","999.9","  92.5"," ","  70.2"," "," 0.00","G","999.9","000000"
"41907099999","2025-05-03","24.1525","89.049446","13.71","ISHURDI, BG","  84.0"," 8","  73.4"," 8","1006.5"," 8","005.0"," 8","  2.8"," 8","  0.0"," 8","999.9","999.9","  94.1","*","  73.4"," "," 0.00","G","999.9","000000"
"41907099999","2025-05-04","24.1525","89.049446","13.71","ISHURDI, BG","  82.5"," 5","  74.8"," 5","1006.1"," 5","004.7"," 5","  2.9"," 5","  0.0"," 5","999.9","999.9","  92.8","*","  74.3"," "," 0.15","G","999.9","010010"
"41907099999","2025-05-05","24.1525","89.049446","13.71","ISHURDI, BG","  81.0"," 8","  75.4"," 8","1006.5"," 8","005.0"," 8","  2.7"," 8","  0.0"," 8","999.9","999.9","  94.1","*","  74.7","*"," 0.26","G","999.9","010110"
"41907099999","2025-05-06","24.1525","89.049446","13.71","ISHURDI, BG","  82.4"," 8","  75.2"," 8","1006.8"," 8","005.3"," 8","  2.7"," 8","  0.5"," 8","  1.9","999.9","  91.8"," ","  74.3"," "," 0.12","G","999.9","000010"
"41907099999","2025-05-07","24.1525","89.049446","13.71","ISHURDI, BG","  85.7"," 8","  74.6"," 8","1005.1"," 8","003.6"," 8","  3.0"," 8","  1.0"," 8","  1.9","999.9","  95.9","*","  74.3"," "," 0.00","G","999.9","000000"
"41907099999","2025-05-08","24.1525","89.049446","13.71","ISHURDI, BG","  86.3"," 8","  74.5"," 8","1005.3"," 8","003.8"," 8","  2.8"," 8","  0.7"," 8","  1.9","999.9","  99.5"," ","  75.2"," "," 0.04","G","999.9","000010"
"41907099999","2025-05-09","24.1525","89.049446","13.71","ISHURDI, BG","  89.0"," 8","  76.5"," 8","1005.2"," 8","003.8"," 8","  2.9"," 8","  0.2"," 8","  1.9","999.9"," 102.2"," ","  77.0"," "," 0.00","G","999.9","000000"
"41907099999","2025-05-10","24.1525","89.049446","13.71","ISHURDI, BG","  90.5"," 8","  75.6"," 8","1004.6"," 8","003.2"," 8","  3.0"," 8","  0.5"," 8","  1.9","999.9"," 103.1","*","  81.5"," "," 0.00","G","999.9","000000"
"41907099999","2025-05-11","24.1525","89.049446","13.71","ISHURDI, BG","  89.8"," 8","  74.5"," 8","1003.2"," 8","001.7"," 8","  3.0"," 8","  1.6"," 8","  4.1","999.9"," 104.0"," ","  78.8","*"," 0.00","G","999.9","000000"
"41907099999","2025-05-12","24.1525","89.049446","13.71","ISHURDI, BG","  82.7"," 8","  75.9"," 8","1003.2"," 8","001.7"," 8","  2.8"," 8","  2.7"," 8","  5.1","999.9","  89.2"," ","  77.9"," "," 0.01","G","999.9","000000"
"41907099999","2025-05-13","24.1525","89.049446","13.71","ISHURDI, BG","  88.7"," 8","  77.2"," 8","1003.0"," 8","001.6"," 8","  2.9"," 8","  0.8"," 8","  2.9","999.9","  99.5"," ","  77.4"," "," 0.00","G","999.9","000000"
"41907099999","2025-05-14","24.1525","89.049446","13.71","ISHURDI, BG","  92.3"," 7","  77.3"," 7","1003.8"," 7","002.4"," 7","  2.9"," 7","  2.0"," 7","  4.1","999.9"," 102.0"," ","  82.0"," "," 0.00","G","999.9","000000"
"41907099999","2025-05-15","24.1525","89.049446","13.71","ISHURDI, BG","  83.0"," 8","  78.1"," 8","1005.3"," 8","003.9"," 8","  2.7"," 8","  2.2"," 8","  6.0","999.9","  91.9"," ","  77.4","*"," 0.00","G","999.9","000010"
"41907099999","2025-05-16","24.1525","89.049446","13.71","ISHURDI, BG","  81.7"," 7","  76.7"," 6","1004.7"," 7","003.2"," 7","  2.7"," 7","  1.6"," 7","  4.1","999.9","  96.8"," ","  73.4","*"," 0.00","G","999.9","000000"
"41907099999","2025-05-17","24.1525","89.049446","13.71","ISHURDI, BG","  80.7"," 8","  74.8"," 8","1005.6"," 8","004.1"," 8","  2.6"," 8","  2.0"," 8","  4.1","999.9","  91.8"," ","  69.8"," "," 0.72","G","999.9","010010"
"41907099999","2025-05-18","24.1525","89.049446","13.71","ISHURDI, BG","  84.7"," 8","  77.5"," 8","1006.6"," 8","005.1"," 8","  2.8"," 8","  1.3"," 8","  4.1","999.9","  94.1"," ","  73.4"," "," 0.00","G","999.9","000000"
"41907099999","2025-05-19","24.1525","89.049446","13.71","ISHURDI, BG","  83.1"," 7","  76.0"," 7","1005.8"," 7","004.4"," 7","  2.8"," 7","  0.8"," 7","  1.9","999.9","  89.6"," ","  77.4"," "," 0.00","G","999.9","000000"
"41907099999","2025-05-20","24.1525","89.049446","13.71","ISHURDI, BG","  81.7"," 8","  77.0"," 8","1003.8"," 8","002.3"," 8","  2.8"," 8","  1.5"," 8","  5.1","999.9","  95.4"," ","  76.1"," "," 0.00","G","999.9","000010"
"41907099999","2025-05-21","24.1525","89.049446","13.71","ISHURDI, BG","  83.7"," 8","  76.3"," 8","1005.3"," 8","003.9"," 8","  2.6"," 8","  1.5"," 8","  4.1","999.9","  96.8"," ","  73.0","*"," 1.34","G","999.9","010000"
"41907099999","2025-05-22","24.1525","89.049446","13.71","ISHURDI, BG","  84.0"," 8","  76.5"," 8","1004.3"," 8","002.9"," 8","  2.8"," 8","  0.5"," 8","  1.9","999.9","  91.4","*","  72.5"," "," 0.00","G","999.9","000000"
"41907099999","2025-05-23","24.1525","89.049446","13.71","ISHURDI, BG","  81.7"," 8","  79.2"," 8","1002.7"," 8","001.3"," 8","  2.6"," 8","  0.2"," 8","  1.9","999.9","  90.3"," ","  78.4","*"," 0.29","G","999.9","010000"
"41907099999","2025-05-24","24.1525","89.049446","13.71","ISHURDI, BG","  84.6"," 7","  79.3"," 7","1002.8"," 7","001.5"," 7","  2.6"," 7","  0.6"," 7","  4.1","999.9","  93.2","*","  77.5"," "," 0.30","G","999.9","010000"
"41907099999","2025-05-25","24.1525","89.049446","13.71","ISHURDI, BG","  82.4"," 8","  79.9"," 8","1003.8"," 8","002.3"," 8","  2.4"," 8","  0.2"," 8","  1.9","999.9","  89.1","*","  78.4"," "," 1.02","G","999.9","010000"
"41907099999","2025-05-26","24.1525","89.049446","13.71","ISHURDI, BG","  82.3"," 8","  80.0"," 8","1002.3"," 8","000.8"," 8","  2.5"," 8","  0.0"," 8","999.9","999.9","  87.8"," ","  77.4"," "," 2.05","G","999.9","010010"
"41907099999","2025-05-27","24.1525","89.049446","13.71","ISHURDI, BG","  87.2"," 7","  79.8"," 7"," 998.7"," 6","997.4"," 7","  3.0"," 7","  0.4"," 7","  2.9","999.9","  95.0","*","  79.0","*"," 0.00","G","999.9","000000"
"41907099999","2025-05-28","24.1525","89.049446","13.71","ISHURDI, BG","  85.1"," 8","  79.0"," 8"," 996.4"," 8","995.1"," 8","  2.7"," 8","  1.5"," 8","  2.9","999.9","  95.4"," ","  79.7"," "," 0.24","G","999.9","010000"
"41907099999","2025-05-29","24.1525","89.049446","13.71","ISHURDI, BG","  80.9"," 8","  77.9"," 8"," 991.5"," 8","990.1"," 8","  2.3"," 8","  4.9"," 8","  8.0","999.9","  86.0"," ","  78.8","*"," 0.76","G","999.9","010000"
"41907099999","2025-05-30","24.1525","89.049446","13.71","ISHURDI, BG","  81.2"," 8","  78.8"," 8"," 994.8"," 8","993.3"," 8","  2.5"," 8","  1.8"," 8","  6.0","999.9","  84.6","*","  77.9"," "," 0.18","G","999.9","010000"
"41907099999","2025-05-31","24.1525","89.049446","13.71","ISHURDI, BG","  87.0"," 8","  81.3"," 8"," 998.7"," 8","997.2"," 8","  2.9"," 8","  2.5"," 8","  4.1","999.9","  95.4"," ","  77.9"," "," 0.02","G","999.9","010000"
"41907099999","2025-06-01","24.1525","89.049446","13.71","ISHURDI, BG","  86.0"," 8","  79.9"," 8"," 998.5"," 8","997.0"," 8","  2.8"," 8","  1.5"," 8","  6.0","999.9","  97.7"," ","  78.4","*"," 0.47","G","999.9","000010"
"41907099999","2025-06-02","24.1525","89.049446","13.71","ISHURDI, BG","  83.9"," 8","  78.1"," 8"," 999.1"," 8","997.6"," 8","  2.7"," 8","  1.1"," 8","  2.9","999.9","  95.0","*","  75.2","*"," 0.56","G","999.9","010010"
"41907099999","2025-06-03","24.1525","89.049446","13.71","ISHURDI, BG","  85.8"," 8","  77.9"," 8","1001.0"," 8","999.5"," 8","  3.0"," 8","  1.0"," 8","  1.9","999.9","  98.2","*","  74.8"," "," 0.00","G","999.9","000000"
"41907099999","2025-06-04","24.1525","89.049446","13.71","ISHURDI, BG","  84.0"," 8","  77.7"," 8","1004.6"," 8","003.2"," 8","  2.7"," 8","  1.0"," 8","  1.9","999.9","  91.4","*","  77.9"," "," 0.11","G","999.9","000000"
"41907099999","2025-06-05","24.1525","89.049446","13.71","ISHURDI, BG","  84.0"," 8","  78.3"," 8","1006.1"," 8","004.6"," 8","  3.0"," 8","  0.2"," 8","  1.9","999.9","  94.1"," ","  75.6"," "," 0.00","G","999.9","000000"
"41907099999","2025-06-06","24.1525","89.049446","13.71","ISHURDI, BG","  85.1"," 8","  78.6"," 8","1005.7"," 8","004.3"," 8","  2.6"," 8","  0.6"," 8","  2.9","999.9","  96.1"," ","  77.9","*"," 0.24","G","999.9","010010"
"41907099999","2025-06-07","24.1525","89.049446","13.71","ISHURDI, BG","  85.5"," 7","  78.8"," 7","1004.8"," 7","003.4"," 7","  2.8"," 7","  0.3"," 7","  1.9","999.9","  95.0","*","  78.8"," "," 0.00","I","999.9","000000"
"41907099999","2025-06-08","24.1525","89.049446","13.71","ISHURDI, BG","  86.3"," 7","  78.4"," 7","1003.4"," 7","001.9"," 7","  2.8"," 7","  0.0"," 7","999.9","999.9","  96.8","*","  77.9"," "," 0.00","G","999.9","000000"
"41907099999","2025-06-09","24.1525","89.049446","13.71","ISHURDI, BG","  88.6"," 8","  80.2"," 8","1001.4"," 8","000.0"," 8","  3.0"," 8","  0.0"," 8","999.9","999.9","  96.8","*","  79.2"," "," 0.00","G","999.9","000000"
"41907099999","2025-06-10","24.1525","89.049446","13.71","ISHURDI, BG","  88.9"," 8","  81.9"," 8","1001.1"," 8","999.7"," 8","  2.9"," 8","  0.5"," 8","  1.9","999.9","  99.5"," ","  80.6"," "," 0.00","G","999.9","000000"
"41907099999","2025-06-11","24.1525","89.049446","13.71","ISHURDI, BG","  89.0"," 7","  79.1"," 7","1002.0"," 7","000.5"," 7","  3.1"," 7","  0.8"," 7","  1.9","999.9","  98.6"," ","  76.5"," "," 0.00","G","999.9","000000"
"41907099999","2025-06-12","24.1525","89.049446","13.71","ISHURDI, BG","  90.2"," 7","  80.6"," 7","1002.1"," 7","000.7"," 7","  3.1"," 7","  0.3"," 7","  1.9","999.9","  97.9","*","  81.3"," "," 0.00","G","999.9","000000"
"41907099999","2025-06-13","24.1525","89.049446","13.71","ISHURDI, BG","  89.8"," 8","  81.1"," 8","1001.8"," 8","000.4"," 8","  2.9"," 8","  0.0"," 8","999.9","999.9"," 100.0"," ","  81.9"," "," 0.00","G","999.9","000000"
"41907099999","2025-06-14","24.1525","89.049446","13.71","ISHURDI, BG","  88.7"," 8","  81.3"," 8","1000.9"," 8","999.4"," 8","  2.8"," 8","  0.5"," 8","  1.9","999.9","  97.7","*","  82.4","*"," 0.00","G","999.9","000000"
"41907099999","2025-06-15","24.1525","89.049446","13.71","ISHURDI, BG","  87.3"," 8","  80.8"," 8","1000.1"," 8","998.6"," 8","  2.8"," 8","  0.2"," 8","  1.9","999.9","  95.0","*","  81.9"," "," 0.00","G","999.9","000000"
"41907099999","2025-06-16","24.1525","89.049446","13.71","ISHURDI, BG","  87.6"," 8","  80.2"," 8"," 999.0"," 8","997.5"," 8","  2.9"," 8","  1.1"," 8","  2.9","999.9","  97.0"," ","  80.6"," "," 0.00","G","999.9","000000"
"41907099999","2025-06-17","24.1525","89.049446","13.71","ISHURDI, BG","  81.2"," 8","  79.9"," 8"," 997.2"," 8","995.8"," 8","  2.2"," 8","  1.7"," 8","  4.1","999.9","  82.8","*","  80.1"," "," 1.89","G","999.9","010000"
"41907099999","2025-06-18","24.1525","89.049446","13.71","ISHURDI, BG","  82.0"," 8","  79.6"," 8"," 995.9"," 8","994.5"," 8","  2.3"," 8","  1.5"," 8","  1.9","999.9","  89.6"," ","  78.8","*"," 1.26","G","999.9","010000"
"41907099999","2025-06-19","24.1525","89.049446","13.71","ISHURDI, BG","  78.2"," 6","  77.2"," 6"," 998.3"," 6","996.8"," 6","  2.1"," 6","  3.0"," 6","  5.1","999.9","  79.7","*","  76.6"," "," 0.33","G","999.9","010000"
"41907099999","2025-06-20","24.1525","89.049446","13.71","ISHURDI, BG","  81.7"," 8","  79.9"," 8","1000.1"," 8","998.7"," 8","  2.6"," 8","  0.0"," 8","999.9","999.9","  86.0","*","  77.0"," "," 1.53","G","999.9","010000"
"41907099999","2025-06-21","24.1525","89.049446","13.71","ISHURDI, BG","  84.0"," 8","  79.9"," 8","1000.6"," 8","999.2"," 8","  2.6"," 8","  0.0"," 8","999.9","999.9","  95.9"," ","  79.7"," "," 0.30","G","999.9","010010"
"41907099999","2025-06-22","24.1525","89.049446","13.71","ISHURDI, BG","  87.0"," 8","  81.5"," 8"," 999.7"," 8","998.2"," 8","  2.9"," 8","  0.4"," 8","  2.9","999.9","  95.0"," ","  81.0"," "," 0.00","G","999.9","000000"
"41907099999","2025-06-23","24.1525","89.049446","13.71","ISHURDI, BG","  85.1"," 8","  80.7"," 8"," 998.1"," 8","996.7"," 8","  2.6"," 8","  0.7"," 8","  1.9","999.9","  95.0"," ","  79.5","*"," 1.02","G","999.9","010000"
"41907099999","2025-06-24","24.1525","89.049446","13.71","ISHURDI, BG","  85.3"," 8","  80.9"," 8"," 998.2"," 8","996.7"," 8","  2.8"," 8","  0.7"," 8","  1.9","999.9","  94.1"," ","  78.8"," "," 0.13","G","999.9","010000"
"41907099999","2025-06-25","24.1525","89.049446","13.71","ISHURDI, BG","  85.3"," 8","  80.4"," 8","1000.4"," 8","999.0"," 8","  2.8"," 8","  2.2"," 8","  4.1","999.9","  91.4"," ","  81.1"," "," 0.16","G","999.9","000000"
"41907099999","2025-06-26","24.1525","89.049446","13.71","ISHURDI, BG","  84.7"," 8","  79.7"," 8","1001.8"," 8","000.4"," 8","  2.9"," 8","  2.7"," 8","  4.1","999.9","  91.4","*","  80.2"," "," 0.14","G","999.9","000000"
"41907099999","2025-06-27","24.1525","89.049446","13.71","ISHURDI, BG","  86.6"," 7","  80.1"," 7","1000.5"," 7","999.1"," 7","  3.0"," 7","  2.1"," 7","  4.1","999.9","  93.2"," ","  79.7"," "," 0.00","G","999.9","000000"
"41907099999","2025-06-28","24.1525","89.049446","13.71","ISHURDI, BG","  86.1"," 6","  80.9"," 6"," 997.8"," 6","996.3"," 6","  3.0"," 6","  2.3"," 6","  5.1","999.9","  91.4","*","  80.6"," "," 0.22","G","999.9","010000"
"41907099999","2025-06-29","24.1525","89.049446","13.71","ISHURDI, BG","  84.8"," 8","  78.9"," 8"," 996.1"," 8","994.7"," 8","  2.8"," 8","  1.3"," 8","  2.9","999.9","  90.9","*","  79.7"," "," 0.00","G","999.9","000000"
"41907099999","2025-06-30","24.1525","89.049446","13.71","ISHURDI, BG","  83.8"," 8","  80.2"," 8"," 997.0"," 8","995.5"," 8","  2.8"," 8","  1.0"," 8","  1.9","999.9","  87.8","*","  80.6"," "," 0.11","G","999.9","010010"
"41907099999","2025-07-01","24.1525","89.049446","13.71","ISHURDI, BG","  85.9"," 7","  80.1"," 7"," 998.4"," 7","996.9"," 7","  3.0"," 7","  1.7"," 7","  4.1","999.9","  94.1"," ","  80.6"," "," 0.00","G","999.9","000000"
"41907099999","2025-07-02","24.1525","89.049446","13.71","ISHURDI, BG","  85.9"," 8","  80.4"," 8"," 999.4"," 8","998.0"," 8","  2.9"," 8","  1.7"," 8","  4.1","999.9","  91.4","*","  81.1"," "," 0.00","G","999.9","000000"
"41907099999","2025-07-03","24.1525","89.049446","13.71","ISHURDI, BG","  83.2"," 8","  81.3"," 8"," 999.9"," 8","998.4"," 8","  2.8"," 8","  0.5"," 8","  1.9","999.9","  88.7"," ","  80.6"," "," 1.19","G","999.9","010010"
"41907099999","2025-07-04","24.1525","89.049446","13.71","ISHURDI, BG","  82.5"," 8","  80.3"," 8"," 999.3"," 8","997.8"," 8","  2.8"," 8","  0.5"," 8","  1.9","999.9","  87.4","*","  80.2"," "," 1.37","G","999.9","010000"
"41907099999","2025-07-05","24.1525","89.049446","13.71","ISHURDI, BG","  83.5"," 8","  80.8"," 8"," 997.9"," 8","996.4"," 7","  2.6"," 8","  0.5"," 8","  1.9","999.9","  90.5"," ","  79.3"," "," 0.63","G","999.9","000000"
"41907099999","2025-07-06","24.1525","89.049446","13.71","ISHURDI, BG","  84.1"," 8","  80.1"," 8"," 997.2"," 8","995.8"," 8","  2.8"," 8","  1.3"," 8","  2.9","999.9","  90.0"," ","  79.7"," "," 0.59","G","999.9","010000"
"41907099999","2025-07-07","24.1525","89.049446","13.71","ISHURDI, BG","  81.9"," 8","  79.0"," 8"," 996.7"," 8","995.3"," 8","  2.8"," 8","  1.0"," 8","  1.9","999.9","  87.8"," ","  79.2","*"," 0.08","G","999.9","010000"
"41907099999","2025-07-08","24.1525","89.049446","13.71","ISHURDI, BG","  81.4"," 7","  79.3"," 7"," 997.5"," 7","996.0"," 7","  2.3"," 7","  2.8"," 7","  5.1","999.9","  86.0"," ","  78.3"," "," 0.83","G","999.9","010000"
"41907099999","2025-07-09","24.1525","89.049446","13.71","ISHURDI, BG","  79.8"," 8","  79.1"," 8","1000.1"," 8","998.7"," 8","  2.3"," 8","  2.3"," 8","  4.1","999.9","  82.4"," ","  77.9"," "," 1.20","G","999.9","010000"
"41907099999","2025-07-10","24.1525","89.049446","13.71","ISHURDI, BG","  80.5"," 8","  78.5"," 8","1001.4"," 8","000.0"," 8","  2.6"," 8","  0.7"," 8","  1.9","999.9","  85.1"," ","  77.9"," "," 0.79","G","999.9","010000"
"41907099999","2025-07-11","24.1525","89.049446","13.71","ISHURDI, BG","  85.9"," 8","  80.0"," 8","1000.7"," 8","999.2"," 8","  2.7"," 8","  1.0"," 8","  1.9","999.9","  94.1"," ","  78.8"," "," 0.00","G","999.9","000000"
"41907099999","2025-07-12","24.1525","89.049446","13.71","ISHURDI, BG","  88.5"," 8","  81.6"," 8","1000.8"," 8","999.4"," 8","  2.9"," 8","  0.5"," 8","  1.9","999.9","  95.9"," ","  81.3"," "," 0.00","G","999.9","000000"
"41907099999","2025-07-13","24.1525","89.049446","13.71","ISHURDI, BG","  86.5"," 8","  80.3"," 8","1000.5"," 8","999.1"," 8","  3.0"," 8","  0.7"," 8","  1.9","999.9","  97.2","*","  80.6","*"," 0.06","G","999.9","000010"
"41907099999","2025-07-14","24.1525","89.049446","13.71","ISHURDI, BG","  81.6"," 8","  78.6"," 8"," 999.8"," 8","998.3"," 8","  2.4"," 8","  3.0"," 8","  6.0","999.9","  86.9"," ","  79.2","*"," 0.67","G","999.9","010000"
"41907099999","2025-07-15","24.1525","89.049446","13.71","ISHURDI, BG","  81.7"," 8","  79.5"," 8","1001.2"," 8","999.7"," 8","  2.6"," 8","  1.8"," 8","  4.1","999.9","  86.9"," ","  78.4"," "," 1.10","G","999.9","010000"
"41907099999","2025-07-16","24.1525","89.049446","13.71","ISHURDI, BG","  83.2"," 7","  80.8"," 6","1003.2"," 7","001.8"," 7","  2.3"," 7","  2.0"," 7","  4.1","999.9","  93.2"," ","  79.5"," "," 1.42","G","999.9","010010"
"41907099999","2025-07-17","24.1525","89.049446","13.71","ISHURDI, BG","  85.1"," 8","  81.5"," 8","1004.4"," 8","003.0"," 8","  2.8"," 8","  0.0"," 8","999.9","999.9","  92.3"," ","  78.8"," "," 0.00","G","999.9","000000"
"41907099999","2025-07-18","24.1525","89.049446","13.71","ISHURDI, BG","  87.3"," 8","  81.0"," 8","1002.3"," 8","000.8"," 8","  3.3"," 8","  1.2"," 8","  4.1","999.9","  97.5"," ","  81.0"," "," 0.00","G","999.9","000000"
"41907099999","2025-07-19","24.1525","89.049446","13.71","ISHURDI, BG","  87.5"," 8","  81.7"," 8"," 998.8"," 8","997.4"," 8","  2.8"," 8","  0.2"," 8","  1.9","999.9","  96.3"," ","  81.5"," "," 0.00","G","999.9","000000"
"41907099999","2025-07-20","24.1525","89.049446","13.71","ISHURDI, BG","  85.3"," 8","  82.2"," 8","1001.1"," 8","998.4"," 8","  2.8"," 8","  0.5"," 8","  1.9","999.9","  90.0"," ","  82.8"," "," 0.00","G","999.9","000000"
"41907099999","2025-07-21","24.1525","89.049446","13.71","ISHURDI, BG","  86.5"," 8","  81.9"," 8","1000.2"," 8","998.8"," 8","  2.8"," 8","  0.0"," 8","999.9","999.9","  90.9","*","  81.3"," "," 0.00","G","999.9","000000"
"41907099999","2025-07-22","24.1525","89.049446","13.71","ISHURDI, BG","  87.6"," 8","  82.2"," 8"," 998.4"," 8","997.0"," 8","  2.8"," 8","  0.2"," 8","  1.9","999.9","  95.4"," ","  82.0"," "," 0.00","G","999.9","000000"
"41907099999","2025-07-23","24.1525","89.049446","13.71","ISHURDI, BG","  90.1"," 8","  83.3"," 8"," 995.0"," 8","993.5"," 8","  2.9"," 8","  0.0"," 8","999.9","999.9","  99.0"," ","  81.5"," "," 0.00","G","999.9","000000"
"41907099999","2025-07-24","24.1525","89.049446","13.71","ISHURDI, BG","  83.2"," 8","  80.3"," 8"," 993.5"," 8","992.1"," 8","  2.6"," 8","  0.2"," 8","  1.9","999.9","  88.2","*","  77.9"," "," 0.61","G","999.9","010010"
"41907099999","2025-07-25","24.1525","89.049446","13.71","ISHURDI, BG","  85.8"," 8","  78.8"," 8"," 993.5"," 8","992.1"," 8","  2.7"," 8","  5.0"," 8","  8.0","999.9","  93.6"," ","  81.1"," "," 0.04","G","999.9","000000"
"41907099999","2025-07-26","24.1525","89.049446","13.71","ISHURDI, BG","  83.8"," 8","  80.6"," 8"," 998.2"," 8","996.7"," 8","  2.6"," 8","  0.5"," 8","  4.1","999.9","  94.1"," ","  78.8"," "," 0.59","G","999.9","010000"
"41907099999","2025-07-27","24.1525","89.049446","13.71","ISHURDI, BG","  85.4"," 7","  81.1"," 7"," 998.0"," 7","996.6"," 7","  2.8"," 7","  0.0"," 7","999.9","999.9","  93.7"," ","  81.7"," "," 0.08","G","999.9","000000"
"41907099999","2025-07-28","24.1525","89.049446","13.71","ISHURDI, BG","  83.4"," 8","  81.3"," 8"," 998.3"," 8","996.9"," 8","  2.5"," 8","  0.2"," 8","  1.9","999.9","  90.0"," ","  80.6"," "," 0.93","G","999.9","010000"
"41907099999","2025-07-29","24.1525","89.049446","13.71","ISHURDI, BG","  81.8"," 7","  80.6"," 7"," 999.2"," 7","997.7"," 7","  2.1"," 7","  0.0"," 7","999.9","999.9","  86.0"," ","  80.6","*"," 2.22","G","999.9","010000"
"41907099999","2025-07-30","24.1525","89.049446","13.71","ISHURDI, BG","  83.3"," 8","  80.2"," 8"," 999.9"," 8","998.4"," 8","  2.8"," 8","  1.5"," 8","  5.1","999.9","  91.4"," ","  79.2"," "," 0.12","G","999.9","010000"
"41907099999","2025-07-31","24.1525","89.049446","13.71","ISHURDI, BG","  82.3"," 8","  80.3"," 8"," 999.2"," 8","997.7"," 8","  2.5"," 8","  1.0"," 8","  1.9","999.9","  86.7"," ","  79.7"," "," 0.39","G","999.9","010000"
"41907099999","2025-08-01","24.1525","89.049446","13.71","ISHURDI, BG","  83.2"," 7","  80.6"," 7"," 999.9"," 7","998.4"," 7","  2.4"," 7","  0.3"," 7","  1.9","999.9","  90.5","*","  79.2","*"," 1.91","G","999.9","010010"
"41907099999","2025-08-02","24.1525","89.049446","13.71","ISHURDI, BG","  82.8"," 8","  80.4"," 8","1001.7"," 8","000.2"," 8","  2.7"," 8","  0.2"," 8","  1.9","999.9","  89.6"," ","  78.8"," "," 0.81","G","999.9","010010"
"41907099999","2025-08-03","24.1525","89.049446","13.71","ISHURDI, BG","  84.1"," 8","  80.8"," 8","1004.6"," 8","003.2"," 8","  2.7"," 8","  1.2"," 8","  4.1","999.9","  91.9","*","  79.2"," "," 0.10","G","999.9","010000"
"41907099999","2025-08-04","24.1525","89.049446","13.71","ISHURDI, BG","  82.2"," 8","  80.9"," 8","1005.3"," 8","003.8"," 8","  2.4"," 8","  0.2"," 8","  1.9","999.9","  88.0"," ","  78.1","*"," 0.57","G","999.9","010010"
"41907099999","2025-08-05","24.1525","89.049446","13.71","ISHURDI, BG","  83.5"," 8","  79.7"," 8","1005.3"," 8","003.8"," 8","  2.8"," 8","  0.0"," 8","999.9","999.9","  88.7","*","  76.1"," "," 0.10","G","999.9","010000"
"41907099999","2025-08-06","24.1525","89.049446","13.71","ISHURDI, BG","  83.6"," 8","  78.3"," 8","1003.5"," 8","002.0"," 7","  2.8"," 8","  0.7"," 8","  1.9","999.9","  92.3"," ","  78.8"," "," 0.16","G","999.9","000000"
"41907099999","2025-08-07","24.1525","89.049446","13.71","ISHURDI, BG","  83.5"," 8","  80.1"," 8","1003.0"," 8","001.5"," 8","  2.6"," 8","  0.0"," 8","999.9","999.9","  92.3"," ","  78.8"," "," 0.69","G","999.9","010000"
"41907099999","2025-08-08","24.1525","89.049446","13.71","ISHURDI, BG","  81.7"," 8","  78.8"," 8","1006.4"," 8","004.9"," 8","  2.5"," 8","  0.2"," 8","  1.9","999.9","  85.6"," ","  79.5","*"," 0.06","G","999.9","010000"
"41907099999","2025-08-09","24.1525","89.049446","13.71","ISHURDI, BG","  84.9"," 8","  79.5"," 8","1006.5"," 8","005.1"," 8","  2.8"," 8","  1.2"," 8","  1.9","999.9","  93.2","*","  79.2"," "," 0.00","G","999.9","000000"
"41907099999","2025-08-10","24.1525","89.049446","13.71","ISHURDI, BG","  86.9"," 8","  80.8"," 8","1004.7"," 8","003.3"," 8","  2.8"," 8","  1.5"," 8","  1.9","999.9","  95.9"," ","  81.5"," "," 0.00","G","999.9","000000"
"41907099999","2025-08-11","24.1525","89.049446","13.71","ISHURDI, BG","  86.7"," 8","  81.1"," 8","1003.2"," 8","001.7"," 8","  2.8"," 8","  1.0"," 8","  1.9","999.9","  95.7"," ","  81.7"," "," 0.04","G","999.9","010000"
"41907099999","2025-08-12","24.1525","89.049446","13.71","ISHURDI, BG","  84.2"," 8","  81.7"," 8","1001.8"," 8","000.4"," 8","  2.5"," 8","  0.2"," 8","  1.9","999.9","  92.8"," ","  81.7","*"," 2.28","G","999.9","010010"
"41907099999","2025-08-13","24.1525","89.049446","13.71","ISHURDI, BG","  82.5"," 8","  81.0"," 8","1004.9"," 8","003.4"," 8","  2.7"," 8","  0.0"," 8","999.9","999.9","  86.5"," ","  79.7"," "," 0.20","G","999.9","010000"
"41907099999","2025-08-14","24.1525","89.049446","13.71","ISHURDI, BG","  82.4"," 8","  79.8"," 8","1004.7"," 8","003.2"," 8","  2.6"," 8","  0.0"," 8","999.9","999.9","  91.4"," ","  79.7","*"," 0.71","G","999.9","010010"
"41907099999","2025-08-15","24.1525","89.049446","13.71","ISHURDI, BG","  86.0"," 8","  79.5"," 8","1002.3"," 8","000.9"," 8","  2.8"," 8","  0.2"," 8","  1.9","999.9","  95.0"," ","  78.8"," "," 0.00","G","999.9","000000"
"41907099999","2025-08-16","24.1525","89.049446","13.71","ISHURDI, BG","  87.3"," 8","  81.0"," 8","1001.3"," 8","999.9"," 8","  2.9"," 8","  0.2"," 8","  1.9","999.9","  95.0","*","  79.7"," "," 0.00","G","999.9","000000"
"41907099999","2025-08-17","24.1525","89.049446","13.71","ISHURDI, BG","  83.5"," 8","  81.1"," 8","1003.3"," 8","001.8"," 8","  2.6"," 8","  0.0"," 8","999.9","999.9","  88.7"," ","  80.6","*"," 0.16","G","999.9","010010"
"41907099999","2025-08-18","24.1525","89.049446","13.71","ISHURDI, BG","  86.2"," 8","  79.2"," 8","1004.3"," 8","002.8"," 8","  2.7"," 8","  1.0"," 8","  1.9","999.9","  94.6"," ","  80.2"," "," 0.00","G","999.9","000000"
"41907099999","2025-08-19","24.1525","89.049446","13.71","ISHURDI, BG","  84.3"," 8","  78.3"," 8","1004.1"," 8","002.6"," 8","  2.8"," 8","  2.3"," 8","  6.0","999.9","  92.5"," ","  79.9"," "," 0.08","G","999.9","000000"
"41907099999","2025-08-20","24.1525","89.049446","13.71","ISHURDI, BG","  84.2"," 8","  79.2"," 8","1003.9"," 8","002.4"," 8","  2.8"," 8","  1.2"," 8","  5.1","999.9","  90.0"," ","  79.2"," "," 0.06","G","999.9","000000"
"41907099999","2025-08-21","24.1525","89.049446","13.71","ISHURDI, BG","  82.5"," 8","  79.9"," 8","1002.9"," 8","001.5"," 8","  2.6"," 8","  0.5"," 8","  1.9","999.9","  88.7","*","  79.3","*"," 1.93","G","999.9","010110"
"41907099999","2025-08-22","24.1525","89.049446","13.71","ISHURDI, BG","  82.6"," 8","  78.8"," 8","1000.2"," 8","998.7"," 8","  2.6"," 8","  0.5"," 8","  1.9","999.9","  94.1"," ","  78.3"," "," 0.85","G","999.9","010000"
"41907099999","2025-08-23","24.1525","89.049446","13.71","ISHURDI, BG","  82.6"," 7","  79.6"," 7","1000.4"," 7","998.9"," 7","  2.8"," 7","  2.0"," 7","  6.0","999.9","  87.8","*","  78.8"," "," 0.98","G","999.9","010000"
"41907099999","2025-08-24","24.1525","89.049446","13.71","ISHURDI, BG","  84.3"," 6","  79.1"," 6","1003.0"," 6","001.5"," 6","  2.8"," 6","  1.0"," 6","  1.9","999.9","  91.4"," ","  80.6","*"," 0.08","G","999.9","000000"
