"STATION","DATE","LATITUDE","LONGITUDE","ELEVATION","NAME","TEMP","TEMP_ATTRIBUTES","DEWP","DEWP_ATTRIBUTES","SLP","SLP_ATTRIBUTES","STP","STP_ATTRIBUTES","VISIB","VISIB_ATTRIBUTES","WDSP","WDSP_ATTRIBUTES","MXSPD","GUST","MAX","MAX_ATTRIBUTES","MIN","MIN_ATTRIBUTES","PRCP","PRCP_ATTRIBUTES","SNDP","FRSHTT"
"48386099999","2025-01-01","16.3333333","100.3666666","39.36","PICHIT AGROMET, TH","  75.6","24","  67.5","18","1010.4","14","006.3","14","  2.4"," 8","  2.0","24","  6.0","999.9","  87.1"," ","  66.4"," "," 0.01","G","999.9","000000"
"48386099999","2025-01-02","16.3333333","100.3666666","39.36","PICHIT AGROMET, TH","  76.1","24","  67.4","16","1010.7","16","006.7","16","  2.3"," 8","  0.9","24","  5.1","999.9","  90.1"," ","  65.1"," "," 0.01","G","999.9","000000"
"48386099999","2025-01-03","16.3333333","100.3666666","39.36","PICHIT AGROMET, TH","  75.0","24","  67.0","17","1011.5","15","007.5","15","  2.8"," 8","  1.7","24","  4.1","999.9","  90.1"," ","  63.5"," "," 0.00","G","999.9","100000"
"48386099999","2025-01-04","16.3333333","100.3666666","39.36","PICHIT AGROMET, TH","  73.7","24","  64.0","18","1012.1","14","008.0","14","  2.2"," 8","  1.7","24","  6.0","999.9","  88.5"," ","  63.1"," "," 0.00","I","999.9","100000"
"48386099999","2025-01-05","16.3333333","100.3666666","39.36","PICHIT AGROMET, TH","  72.7","24","  63.4","18","1012.6","14","008.5","14","  2.4"," 8","  2.0","24","  7.0","999.9","  86.9"," ","  62.2"," "," 0.00","I","999.9","100000"
"48386099999","2025-01-06","16.3333333","100.3666666","39.36","PICHIT AGROMET, TH","  72.2","24","  61.9","15","1011.3","17","007.2","17","  2.5"," 8","  1.8","24","  6.0","999.9","  85.3"," ","  61.7"," "," 0.00","I","999.9","100000"
"48386099999","2025-01-07","16.3333333","100.3666666","39.36","PICHIT AGROMET, TH","  73.7","23","  63.8","16","1010.4","14","006.4","14","  2.1"," 7","  0.9","23","  4.1","999.9","  86.7"," ","  62.2"," "," 0.00","I","999.9","100000"
"48386099999","2025-01-08","16.3333333","100.3666666","39.36","PICHIT AGROMET, TH","  76.2","24","  66.6","17","1010.4","15","006.3","15","  1.7"," 8","  1.2","24","  4.1","999.9","  88.9"," ","  63.3"," "," 0.00","I","999.9","100000"
"48386099999","2025-01-09","16.3333333","100.3666666","39.36","PICHIT AGROMET, TH","  78.0","23","  68.4","18","1012.6","12","008.5","12","  2.4"," 7","  1.5","23","  5.1","999.9","  89.1"," ","  67.1"," "," 0.00","I","999.9","100000"
"48386099999","2025-01-10","16.3333333","100.3666666","39.36","PICHIT AGROMET, TH","  78.0","24","  65.5","22","1015.1","10","010.8","10","  2.4"," 8","  2.4","24","  6.0","999.9","  90.3"," ","  65.8"," "," 0.00","I","999.9","000000"
"48386099999","2025-01-11","16.3333333","100.3666666","39.36","PICHIT AGROMET, TH","  72.0","24","  62.1","19","1017.5","13","013.3","13","  2.5"," 8","  1.9","24","  5.1","999.9","  85.3"," ","  60.3"," "," 0.00","I","999.9","000000"
"48386099999","2025-01-12","16.3333333","100.3666666","39.36","PICHIT AGROMET, TH","  66.8","24","  57.8","17","1016.7","15","012.6","15","  2.4"," 8","  1.7","24","  5.1","999.9","  85.3"," ","  57.2"," "," 0.00","I","999.9","000000"
"48386099999","2025-01-13","16.3333333","100.3666666","39.36","PICHIT AGROMET, TH","  67.7","24","  56.7","16","1014.2","16","010.1","16","  2.2"," 8","  1.1","24","  4.1","999.9","  79.9"," ","  55.6"," "," 0.00","I","999.9","100000"
"48386099999","2025-01-14","16.3333333","100.3666666","39.36","PICHIT AGROMET, TH","  69.2","23","  59.8","16","1014.1","15","010.0","15","  2.5"," 8","  1.7","23","  4.1","999.9","  83.1"," ","  58.1"," "," 0.00","I","999.9","100000"
"48386099999","2025-01-15","16.3333333","100.3666666","39.36","PICHIT AGROMET, TH","  73.7","24","  63.0","20","1014.0","12","009.8","12","  3.0"," 8","  2.1","24","  6.0","999.9","  87.3"," ","  59.4"," "," 0.00","I","999.9","000000"
"48386099999","2025-01-16","16.3333333","100.3666666","39.36","PICHIT AGROMET, TH","  75.0","24","  66.9","17","1014.1","15","010.1","15","  3.1"," 8","  2.2","24","  6.0","999.9","  87.3"," ","  64.9"," "," 0.00","I","999.9","000000"
"48386099999","2025-01-17","16.3333333","100.3666666","39.36","PICHIT AGROMET, TH","  74.6","23","  65.7","17","1012.4","14","008.3","14","  2.1"," 8","  1.9","23","  5.1","999.9","  87.1"," ","  63.9"," "," 0.00","I","999.9","000000"
"48386099999","2025-01-18","16.3333333","100.3666666","39.36","PICHIT AGROMET, TH","  73.5","24","  64.5","16","1010.5","16","006.4","16","  2.8"," 8","  2.2","24","  6.0","999.9","  86.9"," ","  63.1"," "," 0.00","I","999.9","100000"
"48386099999","2025-01-19","16.3333333","100.3666666","39.36","PICHIT AGROMET, TH","  73.8","24","  65.0","15","1009.3","17","005.3","17","  2.6"," 8","  1.4","24","  5.1","999.9","  86.9"," ","  62.4"," "," 0.00","I","999.9","100000"
"48386099999","2025-01-20","16.3333333","100.3666666","39.36","PICHIT AGROMET, TH","  72.2","24","  64.4","15","1009.2","17","005.1","17","  1.6"," 8","  1.1","24","  6.0","999.9","  87.8"," ","  61.9"," "," 0.01","G","999.9","100000"
"48386099999","2025-01-21","16.3333333","100.3666666","39.36","PICHIT AGROMET, TH","  73.8","24","  64.5","17","1008.8","15","004.8","15","  2.6"," 8","  1.7","24","  4.1","999.9","  88.5"," ","  62.2"," "," 0.00","I","999.9","100000"
"48386099999","2025-01-22","16.3333333","100.3666666","39.36","PICHIT AGROMET, TH","  75.8","22","  66.1","15","1009.2","14","005.2","14","  2.1"," 7","  1.3","22","  6.0","999.9","  90.1"," ","  62.2"," "," 0.00","I","999.9","100000"
"48386099999","2025-01-23","16.3333333","100.3666666","39.36","PICHIT AGROMET, TH","  75.1","18","  67.9","11","1008.6","12","004.6","12","  1.5"," 5","  0.9","18","  4.1","999.9","  90.5"," ","  62.6"," "," 0.00","I","999.9","100000"
"48386099999","2025-01-24","16.3333333","100.3666666","39.36","PICHIT AGROMET, TH","  76.9","24","  66.8","16","1007.5","16","003.5","16","  2.4"," 8","  1.2","24","  6.0","999.9","  91.9"," ","  64.6"," "," 0.00","I","999.9","000000"
"48386099999","2025-01-25","16.3333333","100.3666666","39.36","PICHIT AGROMET, TH","  76.7","24","  68.9","15","1007.2","17","003.2","17","  1.7"," 8","  1.3","24","  6.0","999.9","  92.8"," ","  64.4"," "," 0.00","I","999.9","000000"
"48386099999","2025-01-26","16.3333333","100.3666666","39.36","PICHIT AGROMET, TH","  78.8","21","  67.5","20","1008.2"," 9","003.9"," 9","  1.9"," 8","  4.2","21"," 12.0","999.9","  92.5"," ","  64.0"," "," 0.00","I","999.9","100000"
"48386099999","2025-01-27","16.3333333","100.3666666","39.36","PICHIT AGROMET, TH","  72.4","24","  61.7","19","1011.6","13","007.5","13","  3.8"," 8","  2.6","24","  8.9","999.9","  82.9"," ","  61.9"," "," 0.00","I","999.9","000000"
"48386099999","2025-01-28","16.3333333","100.3666666","39.36","PICHIT AGROMET, TH","  69.9","20","  61.1","15","1014.2","13","010.0","13","  3.0"," 8","  1.9","20","  5.1","999.9","  84.2"," ","  61.3"," "," 0.00","I","999.9","000000"
"48386099999","2025-01-29","16.3333333","100.3666666","39.36","PICHIT AGROMET, TH","  72.2","23","  62.6","16","1013.1","15","009.0","15","  2.5"," 8","  1.2","23","  5.1","999.9","  84.2"," ","  60.8"," "," 0.00","I","999.9","000000"
"48386099999","2025-01-30","16.3333333","100.3666666","39.36","PICHIT AGROMET, TH","  73.1","23","  64.7","15","1009.7","16","005.6","16","  2.3"," 8","  1.6","23","  6.0","999.9","  86.0"," ","  62.6"," "," 0.00","I","999.9","100000"
"48386099999","2025-01-31","16.3333333","100.3666666","39.36","PICHIT AGROMET, TH","  77.9","21","  66.3","16","1008.6","12","004.5","12","  2.6"," 7","  1.8","21","  6.0","999.9","  90.9"," ","  63.5"," "," 0.00","I","999.9","000000"
"48386099999","2025-02-01","16.3333333","100.3666666","39.36","PICHIT AGROMET, TH","  78.4","23","  68.9","16","1006.8","15","002.8","15","  2.2"," 8","  1.2","23","  4.1","999.9","  93.0","*","  64.4"," "," 0.00","I","999.9","000000"
"48386099999","2025-02-02","16.3333333","100.3666666","39.36","PICHIT AGROMET, TH","  78.1","24","  69.6","16","1006.7","16","002.7","16","  2.6"," 8","  1.0","24","  4.1","999.9","  94.1"," ","  65.3"," "," 0.00","I","999.9","100000"
"48386099999","2025-02-03","16.3333333","100.3666666","39.36","PICHIT AGROMET, TH","  80.0","24","  69.1","22","1007.9","10","003.7","10","  2.7"," 8","  2.8","24","  9.9","999.9","  94.5"," ","  63.7"," "," 0.01","G","999.9","000000"
"48386099999","2025-02-04","16.3333333","100.3666666","39.36","PICHIT AGROMET, TH","  77.7","24","  67.4","22","1010.0","10","005.8","10","  2.9"," 8","  5.0","24"," 15.9","999.9","  87.4"," ","  69.8"," "," 0.00","G","999.9","000000"
"48386099999","2025-02-05","16.3333333","100.3666666","39.36","PICHIT AGROMET, TH","  78.2","24","  68.8","19","1008.3","13","004.1","13","  3.3"," 8","  2.6","24","  7.0","999.9","  88.2"," ","  70.0"," "," 0.00","I","999.9","000000"
"48386099999","2025-02-06","16.3333333","100.3666666","39.36","PICHIT AGROMET, TH","  79.5","24","  71.0","16","1007.2","16","003.2","16","  3.1"," 8","  2.3","24","  8.9","999.9","  91.4"," ","  69.1"," "," 0.00","I","999.9","000000"
"48386099999","2025-02-07","16.3333333","100.3666666","39.36","PICHIT AGROMET, TH","  81.8","23","  71.8","20","1009.1","10","005.0","10","  2.3"," 7","  3.3","23","  7.0","999.9","  93.7"," ","  68.5"," "," 0.00","I","999.9","000000"
"48386099999","2025-02-08","16.3333333","100.3666666","39.36","PICHIT AGROMET, TH","  79.2","24","  67.3","24","1010.9"," 8","006.5"," 8","  3.0"," 8","  4.5","24","  9.9","999.9","  91.2"," ","  68.5","*"," 0.00","I","999.9","000000"
"48386099999","2025-02-09","16.3333333","100.3666666","39.36","PICHIT AGROMET, TH","  76.3","21","  64.2","19","1011.9"," 9","007.6"," 9","  3.0"," 7","  2.4","21","  8.0","999.9","  88.7"," ","  65.3"," "," 0.00","I","999.9","000000"
"48386099999","2025-02-10","16.3333333","100.3666666","39.36","PICHIT AGROMET, TH","  75.6","23","  65.2","16","1011.1","14","007.0","14","  3.1"," 7","  1.6","23","  5.1","999.9","  88.7"," ","  63.0"," "," 0.00","I","999.9","000000"
"48386099999","2025-02-11","16.3333333","100.3666666","39.36","PICHIT AGROMET, TH","  77.8","21","  67.5","15","1010.2","12","006.1","12","  3.1"," 6","  1.8","21","  6.0","999.9","  91.4"," ","  65.1"," "," 0.00","I","999.9","100000"
"48386099999","2025-02-12","16.3333333","100.3666666","39.36","PICHIT AGROMET, TH","  78.5","24","  67.3","17","1009.3","15","005.3","15","  2.4"," 8","  1.7","24","  6.0","999.9","  93.2"," ","  65.3"," "," 0.01","G","999.9","100000"
"48386099999","2025-02-13","16.3333333","100.3666666","39.36","PICHIT AGROMET, TH","  79.6","24","  69.6","18","1008.5","14","004.4","14","  2.2"," 8","  1.4","24","  5.1","999.9","  93.9"," ","  64.6"," "," 0.00","G","999.9","000000"
"48386099999","2025-02-14","16.3333333","100.3666666","39.36","PICHIT AGROMET, TH","  80.6","24","  69.4","18","1007.8","14","003.8","14","  2.6"," 8","  2.2","24","  7.0","999.9","  97.0"," ","  68.2"," "," 0.00","I","999.9","100000"
"48386099999","2025-02-15","16.3333333","100.3666666","39.36","PICHIT AGROMET, TH","  83.0","18","  68.0","15","1007.5","11","003.4","11","  2.5"," 8","  1.6","18","  5.1","999.9","  97.0"," ","  68.5"," "," 0.00","I","999.9","000000"
"48386099999","2025-02-16","16.3333333","100.3666666","39.36","PICHIT AGROMET, TH","  78.9","20","  69.6","14","1008.3","14","004.3","14","  2.4"," 8","  1.7","20","  5.1","999.9","  96.8"," ","  67.8"," "," 0.00","I","999.9","000000"
"48386099999","2025-02-17","16.3333333","100.3666666","39.36","PICHIT AGROMET, TH","  82.3","23","  74.1","18","1009.5","13","005.4","13","  3.0"," 8","  3.7","23","  8.0","999.9","  94.6"," ","  68.9"," "," 0.00","I","999.9","000000"
"48386099999","2025-02-18","16.3333333","100.3666666","39.36","PICHIT AGROMET, TH","  82.1","24","  75.7","16","1010.1","16","006.1","16","  2.4"," 8","  3.8","24","  8.9","999.9","  93.9"," ","  75.2"," "," 0.00","I","999.9","000000"
"48386099999","2025-02-19","16.3333333","100.3666666","39.36","PICHIT AGROMET, TH","  81.8","24","  74.9","17","1010.0","15","006.0","15","  3.0"," 8","  2.2","24","  6.0","999.9","  92.7"," ","  73.9"," "," 0.00","I","999.9","000000"
"48386099999","2025-02-20","16.3333333","100.3666666","39.36","PICHIT AGROMET, TH","  84.6","19","  75.3","18","1010.5"," 8","006.3"," 8","  2.2"," 7","  2.2","19","  6.0","999.9","  94.3"," ","  74.5"," "," 0.00","G","999.9","010000"
"48386099999","2025-02-21","16.3333333","100.3666666","39.36","PICHIT AGROMET, TH","  80.8","22","  74.8","16","1011.0","14","006.9","14","  3.3"," 8","  2.7","22","  7.0","999.9","  89.2"," ","  70.9"," "," 0.54","G","999.9","000000"
"48386099999","2025-02-22","16.3333333","100.3666666","39.36","PICHIT AGROMET, TH","  83.2","24","  76.8","17","1011.2","15","007.2","15","  1.9"," 8","  1.7","24","  7.0","999.9","  93.7"," ","  74.8"," "," 0.00","G","999.9","000000"
"48386099999","2025-02-23","16.3333333","100.3666666","39.36","PICHIT AGROMET, TH","  83.9","24","  73.8","20","1012.4","12","008.3","12","  2.4"," 8","  2.9","24","  8.0","999.9","  94.6"," ","  76.1","*"," 0.00","I","999.9","000000"
"48386099999","2025-02-24","16.3333333","100.3666666","39.36","PICHIT AGROMET, TH","  77.5","24","  70.0","14","1014.9","18","010.9","18","  4.0"," 8","  3.1","24","  9.9","999.9","  90.7"," ","  73.2"," "," 0.00","G","999.9","010000"
"48386099999","2025-02-25","16.3333333","100.3666666","39.36","PICHIT AGROMET, TH","  71.8","18","  70.3"," 9","1017.4","17","013.3","17","  2.4"," 8","  2.1","18","  5.1","999.9","  88.3"," ","  70.2"," "," 0.82","G","999.9","010000"
"48386099999","2025-02-26","16.3333333","100.3666666","39.36","PICHIT AGROMET, TH","  76.2","22","  72.6","12","1013.6","18","009.6","18","  3.5"," 8","  0.8","22","  4.1","999.9","  84.9"," ","  69.8"," "," 0.12","G","999.9","000000"
"48386099999","2025-02-27","16.3333333","100.3666666","39.36","PICHIT AGROMET, TH","  82.0","24","  74.2","16","1010.1","16","006.0","16","  4.4"," 8","  1.3","24","  5.1","999.9","  93.9"," ","  69.6"," "," 0.00","G","999.9","100000"
"48386099999","2025-02-28","16.3333333","100.3666666","39.36","PICHIT AGROMET, TH","  86.5","16","  74.7","12","1009.0"," 9","004.9"," 9","  3.1"," 5","  2.4","16","  5.1","999.9","  97.0"," ","  72.9"," "," 0.00","I","999.9","100000"
"48386099999","2025-03-01","16.3333333","100.3666666","39.36","PICHIT AGROMET, TH","  83.9","21","  76.5","15","1006.7","14","002.7","14","  3.3"," 8","  2.9","21","  6.0","999.9","  97.3"," ","  75.7"," "," 0.00","I","999.9","000000"
"48386099999","2025-03-02","16.3333333","100.3666666","39.36","PICHIT AGROMET, TH","  84.9","22","  78.0","16","1005.1","14","001.1","14","  3.8"," 8","  2.8","22","  7.0","999.9","  98.1"," ","  75.2"," "," 0.00","I","999.9","000000"
"48386099999","2025-03-03","16.3333333","100.3666666","39.36","PICHIT AGROMET, TH","  85.6","22","  78.0","16","1005.0","14","000.9","14","  2.6"," 8","  3.9","22","  7.0","999.9","  97.5"," ","  76.1"," "," 0.00","I","999.9","000000"
"48386099999","2025-03-04","16.3333333","100.3666666","39.36","PICHIT AGROMET, TH","  84.1","19","  77.6","15","1004.8","12","000.8","12","  3.0"," 8","  3.1","19","  8.0","999.9","  97.0"," ","  75.0"," "," 0.00","I","999.9","000000"
"48386099999","2025-03-05","16.3333333","100.3666666","39.36","PICHIT AGROMET, TH","  83.8","24","  74.5","19","1004.9","13","000.8","13","  3.3"," 8","  2.5","24","  8.9","999.9","  98.2"," ","  73.4"," "," 0.00","I","999.9","000000"
"48386099999","2025-03-06","16.3333333","100.3666666","39.36","PICHIT AGROMET, TH","  86.1","24","  77.4","23","1006.1"," 9","001.9"," 9","  2.6"," 8","  3.8","24","  8.0","999.9","  97.9"," ","  74.3"," "," 0.00","I","999.9","000000"
"48386099999","2025-03-07","16.3333333","100.3666666","39.36","PICHIT AGROMET, TH","  83.5","24","  72.1","23","1008.0"," 9","003.7"," 9","  3.4"," 8","  7.3","24"," 14.0","999.9","  95.4"," ","  73.8"," "," 0.00","I","999.9","000000"
"48386099999","2025-03-08","16.3333333","100.3666666","39.36","PICHIT AGROMET, TH","  75.2","24","  71.6","15","1010.8","17","006.8","17","  3.3"," 8","  1.4","24","  4.1","999.9","  95.4"," ","  71.4"," "," 0.00","I","999.9","000010"
"48386099999","2025-03-09","16.3333333","100.3666666","39.36","PICHIT AGROMET, TH","  80.9","24","  73.9","17","1011.3","15","007.2","15","  2.7"," 8","  2.3","24","  5.1","999.9","  91.0"," ","  71.4"," "," 0.00","I","999.9","000000"
"48386099999","2025-03-10","16.3333333","100.3666666","39.36","PICHIT AGROMET, TH","  84.9","24","  75.3","20","1010.1","12","005.9","12","  3.2"," 8","  1.4","24","  6.0","999.9","  96.6"," ","  73.6"," "," 0.00","I","999.9","100000"
"48386099999","2025-03-11","16.3333333","100.3666666","39.36","PICHIT AGROMET, TH","  86.8","24","  75.3","21","1007.4","11","003.3","11","  3.3"," 8","  3.2","24","  7.0","999.9","  99.5"," ","  74.3"," "," 0.00","I","999.9","000000"
"48386099999","2025-03-12","16.3333333","100.3666666","39.36","PICHIT AGROMET, TH","  86.4","22","  76.8","22","1006.0"," 7","001.7"," 7","  2.9"," 7","  4.4","22","  8.9","999.9","  98.4","*","  77.0","*"," 0.00","I","999.9","000000"
"48386099999","2025-03-13","16.3333333","100.3666666","39.36","PICHIT AGROMET, TH","  84.2","24","  75.5","19","1007.5","13","003.4","13","  3.6"," 8","  4.8","24","  9.9","999.9","  96.4"," ","  74.7"," "," 0.00","I","999.9","000000"
"48386099999","2025-03-14","16.3333333","100.3666666","39.36","PICHIT AGROMET, TH","  84.9","24","  76.1","20","1007.9","12","003.8","12","  3.8"," 8","  3.3","24","  7.0","999.9","  97.3"," ","  73.4"," "," 0.00","I","999.9","000000"
"48386099999","2025-03-15","16.3333333","100.3666666","39.36","PICHIT AGROMET, TH","  86.3","24","  77.2","19","1007.6","13","003.5","13","  3.7"," 8","  3.1","24","  7.0","999.9","  98.1"," ","  77.0"," "," 0.00","I","999.9","000000"
"48386099999","2025-03-16","16.3333333","100.3666666","39.36","PICHIT AGROMET, TH","  87.2","24","  77.2","24","1007.0"," 8","002.7"," 8","  3.6"," 8","  4.1","24","  8.0","999.9"," 100.0"," ","  76.1"," "," 0.00","I","999.9","000000"
"48386099999","2025-03-17","16.3333333","100.3666666","39.36","PICHIT AGROMET, TH","  86.5","24","  74.5","24","1008.4"," 8","004.1"," 8","  3.7"," 8","  6.6","24","  9.9","999.9","  97.5"," ","  77.0"," "," 0.00","I","999.9","000000"
"48386099999","2025-03-18","16.3333333","100.3666666","39.36","PICHIT AGROMET, TH","  84.7","24","  71.5","24","1010.2"," 8","005.9"," 8","  3.0"," 8","  6.2","24"," 12.0","999.9","  95.0"," ","  74.1","*"," 0.00","I","999.9","000000"
"48386099999","2025-03-19","16.3333333","100.3666666","39.36","PICHIT AGROMET, TH","  81.0","24","  68.9","24","1014.5"," 8","010.2"," 8","  3.0"," 8","  2.5","24","  5.1","999.9","  90.0"," ","  73.6","*"," 0.00","I","999.9","000000"
"48386099999","2025-03-20","16.3333333","100.3666666","39.36","PICHIT AGROMET, TH","  78.2","24","  67.9","21","1015.3","11","011.1","11","  2.6"," 8","  1.4","24","  2.9","999.9","  88.9"," ","  68.5"," "," 0.00","I","999.9","000000"
"48386099999","2025-03-21","16.3333333","100.3666666","39.36","PICHIT AGROMET, TH","  77.9","24","  66.1","22","1014.0","10","009.8","10","  2.2"," 8","  1.6","24","  4.1","999.9","  91.2"," ","  66.4"," "," 0.00","I","999.9","000000"
"48386099999","2025-03-22","16.3333333","100.3666666","39.36","PICHIT AGROMET, TH","  77.2","20","  67.3","14","1012.0","14","007.9","14","  1.9"," 8","  1.1","20","  5.1","999.9","  93.0"," ","  66.2"," "," 0.00","I","999.9","000000"
"48386099999","2025-03-23","16.3333333","100.3666666","39.36","PICHIT AGROMET, TH","  81.5","24","  67.4","18","1009.5","14","005.4","14","  2.6"," 8","  0.9","24","  4.1","999.9","  97.3"," ","  69.1"," "," 0.00","I","999.9","100000"
"48386099999","2025-03-24","16.3333333","100.3666666","39.36","PICHIT AGROMET, TH","  84.8","24","  70.8","24","1006.7"," 8","002.4"," 8","  1.9"," 8","  2.2","24","  6.0","999.9","  99.5"," ","  69.8"," "," 0.00","I","999.9","000000"
"48386099999","2025-03-25","16.3333333","100.3666666","39.36","PICHIT AGROMET, TH","  86.0","24","  75.8","20","1003.2","12","999.1","12","  2.5"," 8","  2.5","24","  5.1","999.9","  99.5"," ","  73.6"," "," 0.00","I","999.9","000000"
"48386099999","2025-03-26","16.3333333","100.3666666","39.36","PICHIT AGROMET, TH","  86.4","22","  77.3","17","1002.5","13","998.5","13","  2.3"," 8","  2.3","22","  6.0","999.9","  99.5"," ","  76.5"," "," 0.00","I","999.9","000000"
"48386099999","2025-03-27","16.3333333","100.3666666","39.36","PICHIT AGROMET, TH","  88.0","20","  74.6","19","1002.3"," 8","998.1"," 8","  2.1"," 7","  2.9","20","  7.0","999.9","  99.9"," ","  75.9"," "," 0.00","I","999.9","000000"
"48386099999","2025-03-28","16.3333333","100.3666666","39.36","PICHIT AGROMET, TH","  84.4","16","  66.5","12","1003.0"," 9","999.0"," 9","  2.5"," 5","  1.9","16","  6.0","999.9","  99.5"," ","  70.9"," "," 0.00","I","999.9","000000"
"48386099999","2025-03-29","16.3333333","100.3666666","39.36","PICHIT AGROMET, TH","  87.2","24","  73.0","24","1005.1"," 8","000.8"," 8","  2.7"," 8","  4.1","24","  7.0","999.9"," 100.0"," ","  69.8"," "," 0.00","I","999.9","000000"
"48386099999","2025-03-30","16.3333333","100.3666666","39.36","PICHIT AGROMET, TH","  86.5","24","  73.5","21","1007.8","11","003.7","11","  2.4"," 8","  7.0","24"," 12.0","999.9","  99.5"," ","  76.8"," "," 0.00","I","999.9","000000"
"48386099999","2025-03-31","16.3333333","100.3666666","39.36","PICHIT AGROMET, TH","  87.6","19","  74.8","19","1008.2"," 8","003.9"," 8","  2.5"," 8","  4.3","19","  7.0","999.9","  96.4"," ","  76.8"," "," 0.00","I","999.9","000000"
"48386099999","2025-04-01","16.3333333","100.3666666","39.36","PICHIT AGROMET, TH","  86.0","24","  74.2","21","1007.9","11","003.8","11","  2.9"," 8","  3.0","24","  7.0","999.9","  97.3"," ","  75.7"," "," 0.00","I","999.9","000000"
"48386099999","2025-04-02","16.3333333","100.3666666","39.36","PICHIT AGROMET, TH","  87.1","24","  72.2","24","1008.7"," 8","004.4"," 8","  2.5"," 8","  3.4","24","  7.0","999.9","  98.6"," ","  76.1"," "," 0.00","I","999.9","000000"
"48386099999","2025-04-03","16.3333333","100.3666666","39.36","PICHIT AGROMET, TH","  85.9","24","  70.8","24","1009.4"," 8","005.0"," 8","  2.4"," 8","  3.3","24","  8.0","999.9","  97.5"," ","  76.6","*"," 0.00","I","999.9","000000"
"48386099999","2025-04-04","16.3333333","100.3666666","39.36","PICHIT AGROMET, TH","  88.0","24","  74.6","24","1007.7"," 8","003.4"," 8","  2.7"," 8","  5.3","24"," 12.0","999.9","  98.2","*","  75.4"," "," 0.00","I","999.9","000000"
"48386099999","2025-04-05","16.3333333","100.3666666","39.36","PICHIT AGROMET, TH","  88.2","24","  75.5","23","1006.7"," 9","002.5"," 9","  3.2"," 8","  4.5","24","  9.9","999.9"," 100.4"," ","  78.4"," "," 0.00","I","999.9","000000"
"48386099999","2025-04-06","16.3333333","100.3666666","39.36","PICHIT AGROMET, TH","  87.7","23","  74.5","21","1007.8","10","003.6","10","  3.1"," 8","  4.7","23","  9.9","999.9"," 101.1"," ","  74.7"," "," 0.00","I","999.9","000000"
"48386099999","2025-04-07","16.3333333","100.3666666","39.36","PICHIT AGROMET, TH","  86.6","24","  73.7","21","1009.7","11","005.5","11","  3.3"," 8","  3.6","24"," 15.0","999.9"," 100.6"," ","  74.1"," "," 0.00","G","999.9","000000"
"48386099999","2025-04-08","16.3333333","100.3666666","39.36","PICHIT AGROMET, TH","  88.3","23","  73.4","23","1009.3"," 8","005.0"," 8","  3.1"," 8","  3.9","23"," 13.0","999.9"," 101.7"," ","  76.5"," "," 0.00","G","999.9","000010"
"48386099999","2025-04-09","16.3333333","100.3666666","39.36","PICHIT AGROMET, TH","  85.8","21","  75.6","16","1006.9","13","002.8","13","  2.6"," 8","  4.9","21"," 12.0","999.9"," 101.7"," ","  76.1"," "," 0.03","G","999.9","000000"
"48386099999","2025-04-10","16.3333333","100.3666666","39.36","PICHIT AGROMET, TH","  85.5","24","  75.4","19","1004.7","13","000.6","13","  3.0"," 8","  2.9","24","  8.0","999.9","  96.3"," ","  76.1"," "," 0.04","G","999.9","000000"
"48386099999","2025-04-11","16.3333333","100.3666666","39.36","PICHIT AGROMET, TH","  85.9","24","  75.6","18","1004.6","14","000.6","14","  3.0"," 8","  5.0","24","  9.9","999.9","  99.5"," ","  75.9"," "," 0.00","G","999.9","000010"
"48386099999","2025-04-12","16.3333333","100.3666666","39.36","PICHIT AGROMET, TH","  86.4","24","  77.1","20","1005.9","12","001.8","12","  3.6"," 8","  2.4","24","  8.0","999.9","  97.7"," ","  75.9"," "," 0.00","I","999.9","000000"
"48386099999","2025-04-13","16.3333333","100.3666666","39.36","PICHIT AGROMET, TH","  84.7","23","  77.1","17","1007.2","14","003.2","14","  3.3"," 8","  4.1","23"," 12.0","999.9","  97.7"," ","  77.0"," "," 0.06","G","999.9","000010"
"48386099999","2025-04-14","16.3333333","100.3666666","39.36","PICHIT AGROMET, TH","  84.3","24","  76.7","19","1008.9","13","004.8","13","  3.7"," 8","  3.0","24","  8.0","999.9","  97.7"," ","  77.5"," "," 0.00","I","999.9","000000"
"48386099999","2025-04-15","16.3333333","100.3666666","39.36","PICHIT AGROMET, TH","  88.0","23","  75.6","23","1008.0"," 8","003.7"," 8","  3.7"," 8","  3.5","23","  8.0","999.9","  99.3"," ","  76.6"," "," 0.00","I","999.9","000000"
"48386099999","2025-04-16","16.3333333","100.3666666","39.36","PICHIT AGROMET, TH","  85.8","24","  75.6","22","1007.1","10","002.9","10","  3.6"," 8","  3.9","24","  8.9","999.9","  98.1"," ","  77.5"," "," 0.00","I","999.9","000000"
"48386099999","2025-04-17","16.3333333","100.3666666","39.36","PICHIT AGROMET, TH","  86.8","22","  76.0","19","1005.5","11","001.4","11","  4.3"," 8","  3.4","22","  8.9","999.9"," 100.8"," ","  77.4"," "," 0.11","G","999.9","000010"
"48386099999","2025-04-18","16.3333333","100.3666666","39.36","PICHIT AGROMET, TH","  86.7","24","  76.9","19","1005.2","13","001.1","13","  3.7"," 8","  2.7","24","  6.0","999.9","  99.3"," ","  79.7"," "," 0.01","G","999.9","010000"
"48386099999","2025-04-19","16.3333333","100.3666666","39.36","PICHIT AGROMET, TH","  88.7","24","  76.9","23","1004.9"," 9","000.7"," 9","  4.6"," 8","  4.8","24","  8.0","999.9","  99.3"," ","  79.3"," "," 0.00","G","999.9","000000"
"48386099999","2025-04-20","16.3333333","100.3666666","39.36","PICHIT AGROMET, TH","  87.3","24","  79.1","20","1006.3","12","002.2","12","  3.2"," 8","  4.3","24","  9.9","999.9","  98.6"," ","  79.5"," "," 0.00","G","999.9","000010"
"48386099999","2025-04-21","16.3333333","100.3666666","39.36","PICHIT AGROMET, TH","  90.1","23","  76.3","23","1007.2"," 8","002.9"," 8","  4.2"," 8","  4.1","23","  9.9","999.9"," 102.0"," ","  79.7"," "," 0.00","I","999.9","000000"
"48386099999","2025-04-22","16.3333333","100.3666666","39.36","PICHIT AGROMET, TH","  89.5","23","  76.1","23","1006.9"," 8","002.6"," 8","  4.4"," 8","  4.9","23"," 12.0","999.9"," 102.0"," ","  79.5"," "," 0.00","I","999.9","000010"
"48386099999","2025-04-23","16.3333333","100.3666666","39.36","PICHIT AGROMET, TH","  91.4","24","  75.9","24","1005.0"," 8","000.8"," 8","  4.0"," 8","  4.5","24","  7.0","999.9"," 103.1"," ","  80.6"," "," 0.00","I","999.9","000000"
"48386099999","2025-04-24","16.3333333","100.3666666","39.36","PICHIT AGROMET, TH","  91.3","23","  77.7","22","1005.3"," 9","001.1"," 9","  3.9"," 8","  4.1","23","  8.0","999.9"," 102.4"," ","  80.2"," "," 0.00","I","999.9","000000"
"48386099999","2025-04-25","16.3333333","100.3666666","39.36","PICHIT AGROMET, TH","  92.0","23","  76.4","23","1004.9"," 8","000.7"," 8","  3.8"," 8","  3.6","23"," 11.1","999.9"," 103.5"," ","  80.6"," "," 0.00","I","999.9","000000"
"48386099999","2025-04-26","16.3333333","100.3666666","39.36","PICHIT AGROMET, TH","  89.4","24","  76.0","24","1006.2"," 8","002.0"," 8","  3.4"," 8","  6.0","24"," 15.9","999.9"," 101.7"," ","  77.7","*"," 0.00","I","999.9","000000"
"48386099999","2025-04-27","16.3333333","100.3666666","39.36","PICHIT AGROMET, TH","  87.2","24","  75.0","24","1007.1"," 8","002.8"," 8","  3.6"," 8","  3.8","24","  8.9","999.9","  99.1"," ","  77.7"," "," 0.00","I","999.9","000000"
"48386099999","2025-04-28","16.3333333","100.3666666","39.36","PICHIT AGROMET, TH","  83.4","23","  76.4","16","1007.2","15","003.2","15","  3.7"," 8","  3.1","23"," 22.0","999.9","  99.3"," ","  77.0"," "," 0.20","G","999.9","010010"
"48386099999","2025-04-29","16.3333333","100.3666666","39.36","PICHIT AGROMET, TH","  84.6","24","  77.4","19","1007.7","13","003.6","13","  3.0"," 8","  1.4","24","  4.1","999.9","  99.3"," ","  77.0"," "," 0.01","G","999.9","000000"
"48386099999","2025-04-30","16.3333333","100.3666666","39.36","PICHIT AGROMET, TH","  87.5","24","  76.4","20","1007.4","12","003.4","12","  3.7"," 8","  4.1","24","  9.9","999.9","  99.1"," ","  75.7"," "," 0.49","G","999.9","000010"
"48386099999","2025-05-01","16.3333333","100.3666666","39.36","PICHIT AGROMET, TH","  86.2","24","  77.4","17","1007.7","15","003.7","15","  3.8"," 8","  2.9","24","  8.0","999.9","  99.1"," ","  75.2"," "," 0.31","G","999.9","000000"
"48386099999","2025-05-02","16.3333333","100.3666666","39.36","PICHIT AGROMET, TH","  88.1","24","  77.4","24","1006.4"," 8","002.1"," 8","  3.0"," 8","  3.5","24","  8.0","999.9","  99.1"," ","  78.6","*"," 0.00","G","999.9","000000"
"48386099999","2025-05-03","16.3333333","100.3666666","39.36","PICHIT AGROMET, TH","  84.2","24","  76.7","18","1005.8","14","001.7","14","  3.1"," 8","  4.4","24"," 12.0","999.9","  97.7"," ","  78.3"," "," 0.00","I","999.9","000010"
"48386099999","2025-05-04","16.3333333","100.3666666","39.36","PICHIT AGROMET, TH","  87.1","24","  77.3","20","1004.9","12","000.8","12","  3.7"," 8","  2.9","24","  6.0","999.9","  98.4"," ","  76.5"," "," 0.00","I","999.9","000000"
"48386099999","2025-05-05","16.3333333","100.3666666","39.36","PICHIT AGROMET, TH","  87.8","24","  78.7","20","1003.9","12","999.8","12","  3.1"," 8","  3.5","24","  8.0","999.9"," 100.8"," ","  80.4"," "," 0.00","I","999.9","000010"
"48386099999","2025-05-06","16.3333333","100.3666666","39.36","PICHIT AGROMET, TH","  90.7","23","  78.9","22","1003.5"," 9","999.3"," 9","  4.0"," 8","  4.8","23","  8.0","999.9"," 101.1"," ","  81.5"," "," 0.00","I","999.9","000010"
"48386099999","2025-05-07","16.3333333","100.3666666","39.36","PICHIT AGROMET, TH","  88.6","24","  78.7","22","1003.2","10","999.0","10","  4.3"," 8","  5.8","24"," 12.0","999.9","  99.5"," ","  82.4"," "," 0.00","I","999.9","000010"
"48386099999","2025-05-08","16.3333333","100.3666666","39.36","PICHIT AGROMET, TH","  90.8","24","  78.9","24","1003.4"," 8","999.1"," 8","  4.0"," 8","  4.1","24","  8.0","999.9"," 100.4"," ","  82.0"," "," 0.00","I","999.9","000010"
"48386099999","2025-05-09","16.3333333","100.3666666","39.36","PICHIT AGROMET, TH","  85.2","24","  78.6","14","1003.9","18","999.9","18","  3.0"," 8","  2.7","24","  6.0","999.9"," 102.7"," ","  78.4"," "," 0.51","G","999.9","010010"
"48386099999","2025-05-10","16.3333333","100.3666666","39.36","PICHIT AGROMET, TH","  84.9","24","  78.1","16","1004.3","16","000.3","16","  4.1"," 8","  4.9","24"," 15.9","999.9"," 102.7"," ","  77.2"," "," 0.05","G","999.9","000010"
"48386099999","2025-05-11","16.3333333","100.3666666","39.36","PICHIT AGROMET, TH","  84.2","24","  77.3","16","1004.1","16","000.1","16","  3.7"," 8","  3.8","24","  8.9","999.9","  95.9"," ","  76.6"," "," 0.13","G","999.9","010010"
"48386099999","2025-05-12","16.3333333","100.3666666","39.36","PICHIT AGROMET, TH","  82.1","23","  77.4","13","1004.5","17","000.5","17","  3.5"," 7","  2.7","23","  9.9","999.9","  95.5"," ","  76.6"," "," 0.01","G","999.9","010010"
"48386099999","2025-05-13","16.3333333","100.3666666","39.36","PICHIT AGROMET, TH","  85.0","24","  77.7","18","1005.7","14","001.7","14","  4.5"," 8","  3.2","24","  7.0","999.9","  93.7"," ","  76.8"," "," 0.00","G","999.9","000000"
"48386099999","2025-05-14","16.3333333","100.3666666","39.36","PICHIT AGROMET, TH","  82.2","24","  78.7","14","1006.8","18","002.9","18","  3.7"," 8","  4.0","24"," 12.0","999.9","  93.9"," ","  77.2"," "," 0.57","G","999.9","010010"
"48386099999","2025-05-15","16.3333333","100.3666666","39.36","PICHIT AGROMET, TH","  83.1","24","  78.8","16","1007.6","16","003.6","16","  4.3"," 8","  2.6","24"," 12.0","999.9","  93.9"," ","  76.5"," "," 0.30","G","999.9","010010"
"48386099999","2025-05-16","16.3333333","100.3666666","39.36","PICHIT AGROMET, TH","  84.2","24","  77.9","15","1007.2","17","003.2","17","  3.7"," 8","  2.4","24"," 15.9","999.9","  95.7"," ","  75.9"," "," 0.14","G","999.9","010010"
"48386099999","2025-05-17","16.3333333","100.3666666","39.36","PICHIT AGROMET, TH","  85.2","23","  79.1","16","1007.4","15","003.3","15","  4.1"," 8","  3.2","23"," 18.1","999.9","  96.1"," ","  75.9"," "," 0.09","G","999.9","000000"
"48386099999","2025-05-18","16.3333333","100.3666666","39.36","PICHIT AGROMET, TH","  85.3","24","  79.3","16","1006.1","16","002.1","16","  4.8"," 8","  1.9","24","  4.1","999.9","  96.1"," ","  78.3"," "," 0.00","G","999.9","000000"
"48386099999","2025-05-19","16.3333333","100.3666666","39.36","PICHIT AGROMET, TH","  85.2","24","  80.0","15","1005.3","17","001.4","17","  4.0"," 8","  2.8","24"," 11.1","999.9","  93.6"," ","  80.2"," "," 0.00","I","999.9","000010"
"48386099999","2025-05-20","16.3333333","100.3666666","39.36","PICHIT AGROMET, TH","  85.9","24","  80.5","17","1005.0","15","001.0","15","  3.3"," 8","  4.2","24","  6.0","999.9","  94.8"," ","  80.4"," "," 0.00","I","999.9","000000"
"48386099999","2025-05-21","16.3333333","100.3666666","39.36","PICHIT AGROMET, TH","  81.1","24","  78.6","13","1005.5","19","001.5","19","  4.0"," 8","  3.0","24","  6.0","999.9","  94.8"," ","  77.0"," "," 0.09","G","999.9","010010"
"48386099999","2025-05-22","16.3333333","100.3666666","39.36","PICHIT AGROMET, TH","  86.8","24","  79.1","17","1003.0","15","999.0","15","  4.6"," 8","  2.4","24","  4.1","999.9","  96.6"," ","  76.1"," "," 0.00","G","999.9","000000"
"48386099999","2025-05-23","16.3333333","100.3666666","39.36","PICHIT AGROMET, TH","  86.9","24","  79.6","18","1001.9","14","997.8","14","  3.7"," 8","  3.7","24","  8.9","999.9","  99.5"," ","  77.9"," "," 0.05","G","999.9","010010"
"48386099999","2025-05-24","16.3333333","100.3666666","39.36","PICHIT AGROMET, TH","  84.3","24","  79.4","15","1003.8","17","999.8","17","  4.5"," 8","  2.7","24","  6.0","999.9","  99.5"," ","  77.7"," "," 0.00","I","999.9","000010"
"48386099999","2025-05-25","16.3333333","100.3666666","39.36","PICHIT AGROMET, TH","  83.0","24","  79.3","14","1005.2","18","001.2","18","  3.9"," 8","  2.8","24"," 11.1","999.9","  93.9"," ","  78.1"," "," 0.88","G","999.9","010000"
"48386099999","2025-05-26","16.3333333","100.3666666","39.36","PICHIT AGROMET, TH","  82.9","24","  78.7","15","1004.7","17","000.7","17","  4.3"," 8","  6.3","24"," 15.9","999.9","  91.0"," ","  78.1"," "," 0.71","G","999.9","000000"
"48386099999","2025-05-27","16.3333333","100.3666666","39.36","PICHIT AGROMET, TH","  83.1","22","  79.4","13","1004.5","17","000.5","17","  4.8"," 8","  5.9","22"," 12.0","999.9","  91.0"," ","  78.3"," "," 0.20","G","999.9","010000"
"48386099999","2025-05-28","16.3333333","100.3666666","39.36","PICHIT AGROMET, TH","  86.5","24","  79.6","19","1003.7","13","999.7","13","  4.7"," 8","  4.3","24"," 11.1","999.9","  93.2"," ","  77.5"," "," 0.17","G","999.9","000000"
"48386099999","2025-05-29","16.3333333","100.3666666","39.36","PICHIT AGROMET, TH","  86.2","24","  79.6","20","1004.7","12","000.6","12","  4.4"," 8","  5.4","24"," 12.0","999.9","  92.5"," ","  80.8"," "," 0.00","G","999.9","000000"
"48386099999","2025-05-30","16.3333333","100.3666666","39.36","PICHIT AGROMET, TH","  83.5","24","  79.3","16","1006.2","16","002.2","16","  4.0"," 8","  5.6","24","  9.9","999.9","  93.6"," ","  77.9"," "," 0.10","G","999.9","010000"
"48386099999","2025-05-31","16.3333333","100.3666666","39.36","PICHIT AGROMET, TH","  81.5","24","  78.8","12","1006.4","20","002.4","20","  3.9"," 8","  5.6","24","  8.0","999.9","  93.6"," ","  76.1"," "," 0.06","G","999.9","010000"
"48386099999","2025-06-01","16.3333333","100.3666666","39.36","PICHIT AGROMET, TH","  84.0","24","  79.5","16","1005.1","16","001.1","16","  3.9"," 8","  4.5","24","  9.9","999.9","  93.2"," ","  77.0"," "," 1.26","G","999.9","010010"
"48386099999","2025-06-02","16.3333333","100.3666666","39.36","PICHIT AGROMET, TH","  82.9","23","  78.3","14","1004.9","16","000.9","16","  4.1"," 7","  5.3","23"," 15.0","999.9","  93.6"," ","  75.7"," "," 0.39","G","999.9","010010"
"48386099999","2025-06-03","16.3333333","100.3666666","39.36","PICHIT AGROMET, TH","  83.8","24","  79.4","14","1004.7","18","000.7","18","  4.3"," 8","  2.7","24","  6.0","999.9","  93.4"," ","  75.2"," "," 0.01","G","999.9","000000"
"48386099999","2025-06-04","16.3333333","100.3666666","39.36","PICHIT AGROMET, TH","  86.9","24","  79.5","18","1004.5","14","000.4","14","  4.0"," 8","  2.6","24","  7.0","999.9","  95.4"," ","  78.6"," "," 0.00","G","999.9","000000"
"48386099999","2025-06-05","16.3333333","100.3666666","39.36","PICHIT AGROMET, TH","  87.4","24","  78.8","18","1004.7","14","000.6","14","  4.7"," 8","  1.6","24","  8.0","999.9","  94.8"," ","  80.2"," "," 0.00","I","999.9","000000"
"48386099999","2025-06-06","16.3333333","100.3666666","39.36","PICHIT AGROMET, TH","  88.7","24","  80.9","19","1004.1","13","000.1","13","  4.8"," 8","  2.1","24","  7.0","999.9","  97.7"," ","  79.7"," "," 0.00","I","999.9","000000"
"48386099999","2025-06-07","16.3333333","100.3666666","39.36","PICHIT AGROMET, TH","  88.0","23","  80.0","18","1003.1","13","999.1","13","  4.7"," 8","  3.5","23","  6.0","999.9","  98.6"," ","  80.8"," "," 0.01","G","999.9","010000"
"48386099999","2025-06-08","16.3333333","100.3666666","39.36","PICHIT AGROMET, TH","  86.7","20","  79.4","17","1002.8","10","998.7","10","  4.7"," 7","  3.4","20","  8.0","999.9","  96.3"," ","  79.2"," "," 0.00","I","999.9","000000"
"48386099999","2025-06-09","16.3333333","100.3666666","39.36","PICHIT AGROMET, TH","  85.1","21","  79.2","16","1001.9","12","997.9","12","  4.8"," 7","  2.9","21","  8.0","999.9","  93.9"," ","  78.8"," "," 0.00","I","999.9","000010"
"48386099999","2025-06-10","16.3333333","100.3666666","39.36","PICHIT AGROMET, TH","  84.5","23","  79.0","13","1002.0","18","998.0","18","  3.9"," 8","  2.2","23","  6.0","999.9","  94.1"," ","  79.0"," "," 0.00","I","999.9","000000"
"48386099999","2025-06-11","16.3333333","100.3666666","39.36","PICHIT AGROMET, TH","  85.6","21","  78.7","16","1002.6","12","998.6","12","  4.1"," 7","  2.1","21","  7.0","999.9","  94.1"," ","  80.4"," "," 0.00","I","999.9","000010"
"48386099999","2025-06-12","16.3333333","100.3666666","39.36","PICHIT AGROMET, TH","  86.5","21","  79.1","15","1002.0","13","998.0","13","  4.5"," 7","  3.2","21","  6.0","999.9","  96.1"," ","  79.5"," "," 0.00","I","999.9","000000"
"48386099999","2025-06-13","16.3333333","100.3666666","39.36","PICHIT AGROMET, TH","  86.2","22","  78.6","18","1003.1","12","999.0","12","  4.7"," 8","  4.5","22","  8.9","999.9","  96.1"," ","  79.5"," "," 0.00","I","999.9","000000"
"48386099999","2025-06-14","16.3333333","100.3666666","39.36","PICHIT AGROMET, TH","  86.2","16","  78.1","16","1004.3"," 8","999.9"," 8","  6.6"," 8","  6.8","16"," 11.1","999.9","  93.4"," ","  80.2"," "," 0.00","I","999.9","000000"
"48386099999","2025-06-15","16.3333333","100.3666666","39.36","PICHIT AGROMET, TH","  84.8","20","  78.7","13","1004.6","15","000.6","15","  6.4"," 8","  4.8","20","  8.0","999.9","  93.7"," ","  78.8"," "," 0.01","G","999.9","000000"
"48386099999","2025-06-16","16.3333333","100.3666666","39.36","PICHIT AGROMET, TH","  85.9","23","  78.6","17","1005.4","13","001.4","13","  5.1"," 7","  4.1","23","  7.0","999.9","  93.6"," ","  78.6"," "," 0.01","G","999.9","000000"
"48386099999","2025-06-17","16.3333333","100.3666666","39.36","PICHIT AGROMET, TH","  84.6","24","  78.0","16","1005.6","16","001.6","16","  5.9"," 8","  2.4","24","  8.0","999.9","  94.8"," ","  78.1"," "," 0.02","G","999.9","010010"
"48386099999","2025-06-18","16.3333333","100.3666666","39.36","PICHIT AGROMET, TH","  86.2","24","  79.3","17","1005.4","15","001.4","15","  5.7"," 8","  2.9","24"," 17.1","999.9","  97.2"," ","  75.0"," "," 1.63","G","999.9","010010"
"48386099999","2025-06-19","16.3333333","100.3666666","39.36","PICHIT AGROMET, TH","  83.1","21","  78.0","10","1005.2","19","001.3","19","  4.7"," 8","  3.3","21"," 11.1","999.9","  97.2"," ","  75.0"," "," 0.03","G","999.9","000000"
"48386099999","2025-06-20","16.3333333","100.3666666","39.36","PICHIT AGROMET, TH","  85.5","24","  79.4","18","1004.1","14","000.1","14","  5.7"," 8","  1.6","24","  8.0","999.9","  96.1"," ","  79.3"," "," 0.00","G","999.9","010000"
"48386099999","2025-06-21","16.3333333","100.3666666","39.36","PICHIT AGROMET, TH","  85.3","23","  77.7","17","1003.4","13","999.4","13","  5.4"," 7","  2.6","23","  8.9","999.9","  97.2"," ","  77.9"," "," 0.02","G","999.9","000000"
"48386099999","2025-06-22","16.3333333","100.3666666","39.36","PICHIT AGROMET, TH","  84.1","24","  78.3","18","1003.6","14","999.5","14","  4.0"," 8","  3.4","24","  9.9","999.9","  91.4"," ","  78.8"," "," 0.01","G","999.9","010000"
"48386099999","2025-06-23","16.3333333","100.3666666","39.36","PICHIT AGROMET, TH","  82.6","23","  76.6","16","1003.5","15","999.5","15","  5.9"," 8","  4.4","23"," 12.0","999.9","  92.1"," ","  77.0"," "," 0.06","G","999.9","010000"
"48386099999","2025-06-24","16.3333333","100.3666666","39.36","PICHIT AGROMET, TH","  85.2","24","  76.3","20","1004.0","12","999.8","12","  5.8"," 8","  3.5","24","  7.0","999.9","  93.6"," ","  75.6"," "," 0.06","G","999.9","000000"
"48386099999","2025-06-25","16.3333333","100.3666666","39.36","PICHIT AGROMET, TH","  85.2","23","  77.2","18","1005.1","13","001.0","13","  4.6"," 8","  2.6","23"," 14.0","999.9","  95.2"," ","  77.5"," "," 0.02","G","999.9","010000"
"48386099999","2025-06-26","16.3333333","100.3666666","39.36","PICHIT AGROMET, TH","  83.6","24","  77.6","16","1004.7","16","000.7","16","  5.4"," 8","  2.7","24"," 15.9","999.9","  94.3"," ","  77.0"," "," 0.33","G","999.9","010010"
"48386099999","2025-06-27","16.3333333","100.3666666","39.36","PICHIT AGROMET, TH","  81.2","22","  77.2","14","1004.3","16","000.3","16","  5.5"," 8","  2.3","22","  5.1","999.9","  94.3"," ","  76.1"," "," 0.57","G","999.9","010010"
"48386099999","2025-06-28","16.3333333","100.3666666","39.36","PICHIT AGROMET, TH","  81.9","20","  77.2","13","1003.3","15","999.2","15","  3.8"," 8","  3.4","20","  6.0","999.9","  88.3"," ","  77.2"," "," 0.10","G","999.9","010000"
"48386099999","2025-06-29","16.3333333","100.3666666","39.36","PICHIT AGROMET, TH","  79.4","18","  76.2"," 8","1002.4","18","998.4","18","  5.8"," 8","  4.2","18","  7.0","999.9","  91.9"," ","  76.6"," "," 0.09","G","999.9","010000"
"48386099999","2025-06-30","16.3333333","100.3666666","39.36","PICHIT AGROMET, TH","  81.1","24","  77.7","13","1002.9","19","999.0","19","  4.7"," 8","  3.3","24","  8.0","999.9","  91.9"," ","  75.2"," "," 0.52","G","999.9","010000"
"48386099999","2025-07-01","16.3333333","100.3666666","39.36","PICHIT AGROMET, TH","  83.1","24","  77.8","14","1003.9","18","999.9","18","  4.0"," 8","  3.4","24","  6.0","999.9","  92.7"," ","  76.5"," "," 0.01","G","999.9","000000"
"48386099999","2025-07-02","16.3333333","100.3666666","39.36","PICHIT AGROMET, TH","  80.8","22","  77.2","13","1005.3","17","001.3","17","  4.1"," 8","  2.7","22","  6.0","999.9","  92.7"," ","  76.1"," "," 0.14","G","999.9","010000"
"48386099999","2025-07-03","16.3333333","100.3666666","39.36","PICHIT AGROMET, TH","  81.4","23","  78.0","14","1005.7","17","001.7","17","  4.3"," 8","  2.3","23","  6.0","999.9","  91.2"," ","  74.7"," "," 0.01","G","999.9","010000"
"48386099999","2025-07-04","16.3333333","100.3666666","39.36","PICHIT AGROMET, TH","  83.8","24","  78.3","18","1004.2","14","000.2","14","  4.6"," 8","  1.0","24","  2.9","999.9","  91.8"," ","  75.9"," "," 0.00","G","999.9","000000"
"48386099999","2025-07-05","16.3333333","100.3666666","39.36","PICHIT AGROMET, TH","  83.6","24","  77.7","15","1003.2","17","999.2","17","  5.0"," 8","  3.0","24","  8.9","999.9","  94.1"," ","  78.3"," "," 0.00","G","999.9","000000"
"48386099999","2025-07-06","16.3333333","100.3666666","39.36","PICHIT AGROMET, TH","  83.5","24","  78.4","15","1003.7","17","999.7","17","  4.4"," 8","  3.3","24","  7.0","999.9","  94.1"," ","  78.3"," "," 0.00","I","999.9","000000"
"48386099999","2025-07-07","16.3333333","100.3666666","39.36","PICHIT AGROMET, TH","  82.7","24","  78.0","13","1004.1","19","000.1","19","  4.8"," 8","  3.2","24","  7.0","999.9","  92.1"," ","  76.8"," "," 0.45","G","999.9","000000"
"48386099999","2025-07-08","16.3333333","100.3666666","39.36","PICHIT AGROMET, TH","  82.2","24","  78.7","14","1005.1","18","001.1","18","  4.7"," 8","  3.4","24","  8.0","999.9","  92.1"," ","  76.5"," "," 0.28","G","999.9","010000"
"48386099999","2025-07-09","16.3333333","100.3666666","39.36","PICHIT AGROMET, TH","  79.9","24","  77.3","12","1004.0","20","000.1","20","  4.7"," 8","  2.9","24"," 13.0","999.9","  91.8"," ","  74.7"," "," 0.94","G","999.9","010010"
"48386099999","2025-07-10","16.3333333","100.3666666","39.36","PICHIT AGROMET, TH","  82.4","10","  77.2"," 8","1002.1","10","998.0","10","  3.7"," 8","  2.2","10"," 18.1","999.9","  91.8"," ","  74.7"," "," 0.13","G","999.9","000000"
"48386099999","2025-07-11","16.3333333","100.3666666","39.36","PICHIT AGROMET, TH","  81.9","19","  78.1","11","1000.6","16","996.6","16","  4.5"," 8","  1.5","19","  6.0","999.9","  88.0"," ","  76.1"," "," 0.23","G","999.9","010000"
"48386099999","2025-07-12","16.3333333","100.3666666","39.36","PICHIT AGROMET, TH","  85.1"," 9","  77.1"," 9","1002.5"," 8","998.2"," 8","  4.9"," 8","  2.1"," 9","  6.0","999.9","  94.3"," ","  77.5"," "," 0.00","G","999.9","010010"
"48386099999","2025-07-13","16.3333333","100.3666666","39.36","PICHIT AGROMET, TH","  85.6","12","  78.1","11","1004.3"," 9","000.1"," 9","  5.1"," 8","  1.2","12","  4.1","999.9","  94.3"," ","  59.5"," "," 0.08","G","999.9","000000"
"48386099999","2025-07-14","16.3333333","100.3666666","39.36","PICHIT AGROMET, TH","  87.1","11","  79.3","10","1003.7"," 8","999.5"," 8","  3.9"," 7","  1.4","11","  6.0","999.9","  96.1"," ","  78.3"," "," 0.00","I","999.9","000010"
"48386099999","2025-07-15","16.3333333","100.3666666","39.36","PICHIT AGROMET, TH","  81.7","22","  78.3","11","1003.0","19","999.0","19","  3.9"," 8","  3.1","22","  8.0","999.9","  95.7"," ","  73.9"," "," 4.64","G","999.9","010010"
"48386099999","2025-07-16","16.3333333","100.3666666","39.36","PICHIT AGROMET, TH","  80.9","20","  78.4","10","1004.0","18","000.0","18","  5.6"," 8","  2.2","20","  6.0","999.9","  93.9"," ","  73.9"," "," 0.01","G","999.9","000000"
"48386099999","2025-07-17","16.3333333","100.3666666","39.36","PICHIT AGROMET, TH","  80.4","24","  77.7","13","1004.4","19","000.5","19","  4.8"," 8","  3.6","24"," 12.0","999.9","  91.0"," ","  75.2"," "," 0.06","G","999.9","000000"
"48386099999","2025-07-18","16.3333333","100.3666666","39.36","PICHIT AGROMET, TH","  81.7","23","  76.6","15","1002.3","16","998.3","16","  5.6"," 8","  3.2","23"," 15.9","999.9","  93.2"," ","  75.4"," "," 0.09","G","999.9","000010"
"48386099999","2025-07-19","16.3333333","100.3666666","39.36","PICHIT AGROMET, TH","  84.1","24","  77.9","15","1000.4","17","996.4","17","  5.7"," 8","  3.1","24","  6.0","999.9","  93.4"," ","  75.2"," "," 0.01","G","999.9","000010"
"48386099999","2025-07-20","16.3333333","100.3666666","39.36","PICHIT AGROMET, TH","  84.5","24","  77.9","17","1000.5","15","996.4","15","  5.0"," 8","  2.7","24","  8.0","999.9","  93.2"," ","  78.1"," "," 0.00","G","999.9","000010"
"48386099999","2025-07-21","16.3333333","100.3666666","39.36","PICHIT AGROMET, TH","  82.2","24","  78.0","15","1000.6","17","996.6","17","  5.4"," 8","  3.0","24","  5.1","999.9","  89.6"," ","  76.8"," "," 0.12","G","999.9","010000"
"48386099999","2025-07-22","16.3333333","100.3666666","39.36","PICHIT AGROMET, TH","  80.4","24","  77.9","12"," 998.9","20","995.0","20","  4.2"," 8","  3.2","24","  6.0","999.9","  89.6"," ","  76.1"," "," 0.20","G","999.9","010000"
"48386099999","2025-07-23","16.3333333","100.3666666","39.36","PICHIT AGROMET, TH","  79.4","24","  77.2"," 8"," 999.1","24","995.2","24","  4.1"," 8","  5.2","24","  7.0","999.9","  83.8"," ","  75.2"," "," 0.30","G","999.9","010000"
"48386099999","2025-07-24","16.3333333","100.3666666","39.36","PICHIT AGROMET, TH","  83.1","24","  78.9","14","1001.9","18","997.9","18","  3.7"," 8","  4.1","24","  9.9","999.9","  89.4"," ","  76.3"," "," 0.02","G","999.9","010000"
"48386099999","2025-07-25","16.3333333","100.3666666","39.36","PICHIT AGROMET, TH","  83.6","24","  78.9","15","1002.9","17","998.9","17","  4.7"," 8","  0.8","24","  4.1","999.9","  90.9"," ","  78.3"," "," 0.00","G","999.9","010010"
"48386099999","2025-07-26","16.3333333","100.3666666","39.36","PICHIT AGROMET, TH","  83.9","15","  78.4","13","1003.5","10","999.3","10","  4.6"," 8","  2.6","15","  6.0","999.9","  90.9"," ","  77.5"," "," 0.71","G","999.9","010010"
"48386099999","2025-07-27","16.3333333","100.3666666","39.36","PICHIT AGROMET, TH","  82.8","19","  79.0","12","1001.6","15","997.5","15","  3.7"," 8","  1.2","19","  6.0","999.9","  89.6"," ","  78.3","*"," 0.08","G","999.9","000000"
"48386099999","2025-07-28","16.3333333","100.3666666","39.36","PICHIT AGROMET, TH","  84.1","22","  78.6","15","1001.5","15","997.5","15","  4.6"," 8","  3.0","22","  7.0","999.9","  89.2"," ","  79.7","*"," 0.00","I","999.9","000000"
"48386099999","2025-07-29","16.3333333","100.3666666","39.36","PICHIT AGROMET, TH","  83.8","20","  79.9","14","1001.9","13","997.9","13","  4.7"," 7","  2.9","20","  8.9","999.9","  92.8"," ","  77.7"," "," 0.61","G","999.9","010010"
"48386099999","2025-07-30","16.3333333","100.3666666","39.36","PICHIT AGROMET, TH","  83.3","24","  78.8","14","1002.6","18","998.6","18","  3.6"," 8","  2.6","24","  6.0","999.9","  95.0"," ","  77.4"," "," 0.45","G","999.9","000010"
"48386099999","2025-07-31","16.3333333","100.3666666","39.36","PICHIT AGROMET, TH","  85.2","23","  78.6","18","1002.5","13","998.5","13","  4.7"," 8","  2.7","23","  6.0","999.9","  92.5"," ","  78.4"," "," 0.01","G","999.9","000000"
"48386099999","2025-08-01","16.3333333","100.3666666","39.36","PICHIT AGROMET, TH","  86.0","23","  78.5","16","1002.4","15","998.4","15","  4.5"," 8","  1.6","23","  5.1","999.9","  95.5"," ","  78.1"," "," 0.00","G","999.9","000000"
"48386099999","2025-08-02","16.3333333","100.3666666","39.36","PICHIT AGROMET, TH","  87.1","24","  79.2","16","1004.1","16","000.1","16","  4.0"," 8","  2.1","24","  5.1","999.9","  96.1"," ","  79.5"," "," 0.00","I","999.9","000000"
"48386099999","2025-08-03","16.3333333","100.3666666","39.36","PICHIT AGROMET, TH","  86.2","24","  78.2","18","1005.7","14","001.6","14","  4.8"," 8","  1.4","24","  7.0","999.9","  96.4"," ","  78.4"," "," 0.00","I","999.9","000000"
"48386099999","2025-08-04","16.3333333","100.3666666","39.36","PICHIT AGROMET, TH","  88.1","24","  78.8","18","1004.3","14","000.2","14","  5.2"," 8","  1.5","24","  4.1","999.9","  97.3"," ","  77.0"," "," 0.00","I","999.9","000000"
"48386099999","2025-08-05","16.3333333","100.3666666","39.36","PICHIT AGROMET, TH","  86.5","22","  78.5","16","1004.1","14","000.0","14","  4.0"," 8","  2.5","22"," 20.0","999.9","  96.1"," ","  78.8"," "," 0.00","I","999.9","000000"
"48386099999","2025-08-06","16.3333333","100.3666666","39.36","PICHIT AGROMET, TH","  83.3","23","  76.8","14","1004.5","17","000.5","17","  4.7"," 8","  4.3","23","  8.9","999.9","  96.1"," ","  76.6"," "," 0.00","G","999.9","010000"
"48386099999","2025-08-07","16.3333333","100.3666666","39.36","PICHIT AGROMET, TH","  83.1","24","  77.4","17","1006.8","15","002.7","15","  5.4"," 8","  3.1","24","  8.0","999.9","  93.9"," ","  74.8"," "," 0.00","G","999.9","000010"
"48386099999","2025-08-08","16.3333333","100.3666666","39.36","PICHIT AGROMET, TH","  85.6","24","  78.1","18","1007.8","14","003.8","14","  5.4"," 8","  1.5","24","  4.1","999.9","  95.9"," ","  77.4"," "," 0.00","I","999.9","000000"
"48386099999","2025-08-09","16.3333333","100.3666666","39.36","PICHIT AGROMET, TH","  87.3","24","  77.9","20","1005.9","12","001.9","12","  6.1"," 8","  2.3","24","  8.0","999.9","  97.5"," ","  78.6"," "," 0.00","I","999.9","000000"
"48386099999","2025-08-10","16.3333333","100.3666666","39.36","PICHIT AGROMET, TH","  85.2","24","  76.2","18","1004.3","14","000.3","14","  5.9"," 8","  3.8","24"," 13.0","999.9","  97.3"," ","  77.5"," "," 0.00","I","999.9","000000"
"48386099999","2025-08-11","16.3333333","100.3666666","39.36","PICHIT AGROMET, TH","  84.5","24","  76.6","17","1003.4","15","999.4","15","  4.7"," 8","  3.6","24"," 11.1","999.9","  94.1"," ","  77.4"," "," 0.00","G","999.9","010000"
"48386099999","2025-08-12","16.3333333","100.3666666","39.36","PICHIT AGROMET, TH","  86.2","22","  77.5","19","1004.4","11","000.3","11","  6.1"," 8","  2.7","22","  6.0","999.9","  94.1"," ","  77.4"," "," 0.00","I","999.9","000000"
"48386099999","2025-08-13","16.3333333","100.3666666","39.36","PICHIT AGROMET, TH","  84.6","21","  78.2","13","1005.0","16","001.0","16","  5.2"," 8","  1.5","21","  4.1","999.9","  91.9"," ","  77.2"," "," 0.00","I","999.9","000010"
"48386099999","2025-08-14","16.3333333","100.3666666","39.36","PICHIT AGROMET, TH","  84.2","24","  77.3","18","1003.3","14","999.3","14","  4.2"," 8","  3.4","24","  7.0","999.9","  95.9"," ","  74.7"," "," 0.87","G","999.9","010000"
"48386099999","2025-08-15","16.3333333","100.3666666","39.36","PICHIT AGROMET, TH","  82.0","24","  77.6","15","1002.1","17","998.1","17","  4.6"," 8","  3.1","24"," 11.1","999.9","  95.9"," ","  74.3"," "," 2.13","G","999.9","010010"
"48386099999","2025-08-16","16.3333333","100.3666666","39.36","PICHIT AGROMET, TH","  79.9","23","  77.3","13","1003.4","18","999.5","18","  5.6"," 8","  4.4","23"," 11.1","999.9","  90.7"," ","  73.2"," "," 0.14","G","999.9","010000"
"48386099999","2025-08-17","16.3333333","100.3666666","39.36","PICHIT AGROMET, TH","  80.8","23","  76.4","11","1005.8","20","001.9","20","  3.7"," 8","  2.1","23","  6.0","999.9","  88.9"," ","  75.6"," "," 0.01","G","999.9","010000"
"48386099999","2025-08-18","16.3333333","100.3666666","39.36","PICHIT AGROMET, TH","  83.2","24","  77.6","15","1006.1","17","002.1","17","  5.6"," 8","  1.8","24","  7.0","999.9","  92.1"," ","  77.4"," "," 0.14","G","999.9","010000"
"48386099999","2025-08-19","16.3333333","100.3666666","39.36","PICHIT AGROMET, TH","  82.3","24","  78.1","15","1006.1","17","002.1","17","  5.3"," 8","  2.0","24","  6.0","999.9","  92.1"," ","  77.0"," "," 0.01","G","999.9","000000"
"48386099999","2025-08-20","16.3333333","100.3666666","39.36","PICHIT AGROMET, TH","  86.2","24","  77.9","17","1006.2","15","002.2","15","  5.4"," 8","  0.8","24","  4.1","999.9","  95.9"," ","  77.7"," "," 0.00","G","999.9","000000"
"48386099999","2025-08-21","16.3333333","100.3666666","39.36","PICHIT AGROMET, TH","  84.5","24","  79.5","17","1005.9","15","001.9","15","  3.9"," 8","  3.0","24","  8.9","999.9","  93.2"," ","  78.1"," "," 0.30","G","999.9","010010"
"48386099999","2025-08-22","16.3333333","100.3666666","39.36","PICHIT AGROMET, TH","  82.2","24","  78.2","16","1005.8","16","001.8","16","  4.0"," 8","  3.6","24","  9.9","999.9","  93.2"," ","  77.0"," "," 0.04","G","999.9","000010"
"48386099999","2025-08-23","16.3333333","100.3666666","39.36","PICHIT AGROMET, TH","  80.6","24","  77.0","13","1005.6","19","001.6","19","  5.1"," 8","  2.3","24","  8.0","999.9","  91.6"," ","  76.1"," "," 0.80","G","999.9","000010"
"48386099999","2025-08-24","16.3333333","100.3666666","39.36","PICHIT AGROMET, TH","  83.9","18","  78.3","12","1003.8","13","999.8","13","  3.6"," 7","  2.4","18","  7.0","999.9","  94.3"," ","  75.6"," "," 0.24","G","999.9","010010"
