"STATION","DATE","LATITUDE","LONGITUDE","ELEVATION","NAME","TEMP","TEMP_ATTRIBUTES","DEWP","DEWP_ATTRIBUTES","SLP","SLP_ATTRIBUTES","STP","STP_ATTRIBUTES","VISIB","VISIB_ATTRIBUTES","WDSP","WDSP_ATTRIBUTES","MXSPD","GUST","MAX","MAX_ATTRIBUTES","MIN","MIN_ATTRIBUTES","PRCP","PRCP_ATTRIBUTES","SNDP","FRSHTT"
"65545099999","2025-01-01","8.05","-2.7833333","370.0","BONDOUKOU SOKO, IV","  81.7"," 8","  49.9"," 8","1009.3"," 8","968.3"," 8","  3.1"," 8","999.9"," 0","999.9","999.9","  98.6"," ","  70.2"," "," 0.00","I","999.9","000000"
"65545099999","2025-01-02","8.05","-2.7833333","370.0","BONDOUKOU SOKO, IV","  82.7"," 7","  47.7"," 7","1009.3"," 7","968.3"," 7","  2.5"," 7","999.9"," 0","999.9","999.9","  95.0"," ","  71.4","*"," 0.00","I","999.9","000000"
"65545099999","2025-01-03","8.05","-2.7833333","370.0","BONDOUKOU SOKO, IV","  79.4"," 7","  47.2"," 6","1010.9"," 7","969.6"," 7","  2.6"," 7","999.9"," 0","999.9","999.9","  96.3"," ","  69.8"," "," 0.00","I","999.9","000000"
"65545099999","2025-01-04","8.05","-2.7833333","370.0","BONDOUKOU SOKO, IV","  80.0"," 4","  45.7"," 4","1010.8"," 4","970.7"," 4","  2.5"," 4","999.9"," 0","999.9","999.9","  90.0","*","  72.5"," "," 0.00","I","999.9","000000"
"65545099999","2025-01-05","8.05","-2.7833333","370.0","BONDOUKOU SOKO, IV","  81.7"," 8","  49.0"," 8","1009.8"," 8","968.8"," 8","  2.5"," 8","999.9"," 0","999.9","999.9","  96.8"," ","  69.8"," "," 0.00","I","999.9","000000"
"65545099999","2025-01-06","8.05","-2.7833333","370.0","BONDOUKOU SOKO, IV","  82.9"," 7","  53.8"," 7","1009.2"," 7","968.3"," 7","  2.7"," 7","999.9"," 0","999.9","999.9","  97.9"," ","  70.2"," "," 0.00","I","999.9","000000"
"65545099999","2025-01-07","8.05","-2.7833333","370.0","BONDOUKOU SOKO, IV","  81.7"," 7","  54.6"," 7","1009.6"," 7","968.6"," 7","  2.8"," 7","999.9"," 0","999.9","999.9"," 100.8"," ","  68.4"," "," 0.00","I","999.9","000000"
"65545099999","2025-01-08","8.05","-2.7833333","370.0","BONDOUKOU SOKO, IV","  82.9"," 6","  45.4"," 6","1010.8"," 6","969.7"," 6","  2.5"," 6","999.9"," 0","999.9","999.9","  96.3"," ","  72.5","*"," 0.00","I","999.9","000000"
"65545099999","2025-01-09","8.05","-2.7833333","370.0","BONDOUKOU SOKO, IV","  83.2"," 5","  44.0"," 5","1010.6"," 5","969.6"," 5","  2.4"," 5","999.9"," 0","999.9","999.9","  95.0"," ","  71.6"," "," 0.00","I","999.9","000000"
"65545099999","2025-01-10","8.05","-2.7833333","370.0","BONDOUKOU SOKO, IV","  80.6"," 8","  46.1"," 8","1009.9"," 8","968.9"," 8","  2.5"," 8","999.9"," 0","999.9","999.9","  95.0"," ","  67.1"," "," 0.00","I","999.9","000000"
"65545099999","2025-01-11","8.05","-2.7833333","370.0","BONDOUKOU SOKO, IV","  78.6"," 5","  37.5"," 5","1010.9"," 5","969.5"," 5","  2.5"," 5","999.9"," 0","999.9","999.9","  95.9"," ","  72.5"," "," 0.00","I","999.9","000000"
"65545099999","2025-01-12","8.05","-2.7833333","370.0","BONDOUKOU SOKO, IV","  78.5"," 4","  45.6"," 4","1011.7"," 4","970.3"," 4","  2.5"," 4","999.9"," 0","999.9","999.9","  93.2"," ","  72.9","*"," 0.00","I","999.9","000000"
"65545099999","2025-01-13","8.05","-2.7833333","370.0","BONDOUKOU SOKO, IV","  83.6"," 6","  42.0"," 6","1009.1"," 6","968.2"," 6","  2.5"," 6","999.9"," 0","999.9","999.9"," 100.4"," ","  68.4"," "," 0.00","I","999.9","000000"
"65545099999","2025-01-14","8.05","-2.7833333","370.0","BONDOUKOU SOKO, IV","  81.2"," 8","  51.8"," 8","1008.5"," 8","967.4"," 8","  3.0"," 8","999.9"," 0","999.9","999.9","  97.5"," ","  68.7"," "," 0.00","I","999.9","000000"
"65545099999","2025-01-15","8.05","-2.7833333","370.0","BONDOUKOU SOKO, IV","  83.6"," 7","  55.7"," 7","1007.9"," 7","967.1"," 7","  2.8"," 7","999.9"," 0","999.9","999.9","  98.1"," ","  68.9"," "," 0.00","I","999.9","000000"
"65545099999","2025-01-16","8.05","-2.7833333","370.0","BONDOUKOU SOKO, IV","  80.4"," 6","  51.9"," 6","1008.7"," 6","967.6"," 6","  2.9"," 6","999.9"," 0","999.9","999.9","  97.0"," ","  70.7"," "," 0.00","I","999.9","000000"
"65545099999","2025-01-17","8.05","-2.7833333","370.0","BONDOUKOU SOKO, IV","  82.2"," 7","  40.9"," 7","1010.3"," 7","969.2"," 7","  3.0"," 7","999.9"," 0","999.9","999.9","  95.0"," ","  65.1","*"," 0.00","I","999.9","000000"
"65545099999","2025-01-18","8.05","-2.7833333","370.0","BONDOUKOU SOKO, IV","  83.5"," 6","  37.5"," 6","1010.8"," 6","969.8"," 6","  3.1"," 6","999.9"," 0","999.9","999.9","  96.6"," ","  73.8"," "," 0.00","I","999.9","000000"
"65545099999","2025-01-19","8.05","-2.7833333","370.0","BONDOUKOU SOKO, IV","  81.8"," 7","  39.1"," 7","1011.4"," 7","970.3"," 7","  3.2"," 7","999.9"," 0","999.9","999.9","  94.5"," ","  70.3"," "," 0.00","I","999.9","000000"
"65545099999","2025-01-20","8.05","-2.7833333","370.0","BONDOUKOU SOKO, IV","  79.1"," 6","  46.2"," 6","1011.7"," 6","970.4"," 6","  2.9"," 6","999.9"," 0","999.9","999.9","  98.2"," ","  67.1"," "," 0.00","I","999.9","000000"
"65545099999","2025-01-21","8.05","-2.7833333","370.0","BONDOUKOU SOKO, IV","  82.0"," 8","  52.5"," 8","1011.2"," 8","970.1"," 8","  3.6"," 8","999.9"," 0","999.9","999.9","  98.6"," ","  68.0"," "," 0.00","I","999.9","000000"
"65545099999","2025-01-22","8.05","-2.7833333","370.0","BONDOUKOU SOKO, IV","  78.2"," 4","  53.1"," 4","1011.2"," 4","969.9"," 4","  4.0"," 4","999.9"," 0","999.9","999.9","  87.8","*","  69.8","*"," 0.00","I","999.9","000000"
"65545099999","2025-01-23","8.05","-2.7833333","370.0","BONDOUKOU SOKO, IV","  81.7"," 6","  64.6"," 6","1009.3"," 6","968.5"," 6","  3.7"," 6","999.9"," 0","999.9","999.9","  98.6"," ","  72.3"," "," 0.00","I","999.9","000000"
"65545099999","2025-01-24","8.05","-2.7833333","370.0","BONDOUKOU SOKO, IV","  86.1"," 7","  64.7"," 7","1009.4"," 7","968.8"," 7","  3.7"," 7","999.9"," 0","999.9","999.9","  99.5"," ","  75.2"," "," 0.00","I","999.9","000000"
"65545099999","2025-01-25","8.05","-2.7833333","370.0","BONDOUKOU SOKO, IV","  85.6"," 8","  61.4"," 8","1010.2"," 8","969.5"," 8","  3.7"," 8","999.9"," 0","999.9","999.9"," 100.4"," ","  74.5"," "," 0.00","I","999.9","000000"
"65545099999","2025-01-26","8.05","-2.7833333","370.0","BONDOUKOU SOKO, IV","  85.6"," 7","  65.3"," 7","1010.2"," 7","969.6"," 7","  3.7"," 7","999.9"," 0","999.9","999.9","  98.6"," ","  77.0","*"," 0.00","I","999.9","000000"
"65545099999","2025-01-27","8.05","-2.7833333","370.0","BONDOUKOU SOKO, IV","  84.1"," 6","  63.2"," 6","1011.0"," 6","969.6"," 5","  4.8"," 6","999.9"," 0","999.9","999.9","  99.1"," ","  75.2"," "," 0.00","I","999.9","000000"
"65545099999","2025-01-28","8.05","-2.7833333","370.0","BONDOUKOU SOKO, IV","  81.2"," 8","  52.8"," 8","1010.7"," 8","969.5"," 8","  4.3"," 8","999.9"," 0","999.9","999.9","  97.7"," ","  68.9"," "," 0.00","I","999.9","100000"
"65545099999","2025-01-29","8.05","-2.7833333","370.0","BONDOUKOU SOKO, IV","  82.2"," 8","  47.5"," 8","1010.8"," 8","969.7"," 8","  3.6"," 8","999.9"," 0","999.9","999.9","  97.0"," ","  68.5"," "," 0.00","I","999.9","000000"
"65545099999","2025-01-30","8.05","-2.7833333","370.0","BONDOUKOU SOKO, IV","  77.5"," 5","  58.5"," 5","1011.5"," 5","970.2"," 5","  3.5"," 5","999.9"," 0","999.9","999.9","  91.4","*","  70.7"," "," 0.00","I","999.9","000000"
"65545099999","2025-02-01","8.05","-2.7833333","370.0","BONDOUKOU SOKO, IV","  89.2"," 5","  53.1"," 5","1008.6"," 5","968.2"," 5","  3.7"," 5","999.9"," 0","999.9","999.9","  99.0"," ","  77.9","*"," 0.00","I","999.9","000000"
"65545099999","2025-02-02","8.05","-2.7833333","370.0","BONDOUKOU SOKO, IV","  84.0"," 7","  50.1"," 7","1008.9"," 7","968.1"," 7","  3.7"," 7","999.9"," 0","999.9","999.9","  95.0"," ","  75.4","*"," 0.00","I","999.9","000000"
"65545099999","2025-02-03","8.05","-2.7833333","370.0","BONDOUKOU SOKO, IV","  83.9"," 7","  42.5"," 7","1008.1"," 7","967.2"," 7","  3.0"," 7","999.9"," 0","999.9","999.9","  95.4"," ","  74.3"," "," 0.00","I","999.9","000000"
"65545099999","2025-02-04","8.05","-2.7833333","370.0","BONDOUKOU SOKO, IV","  84.0"," 7","  41.4"," 6","1008.3"," 7","967.4"," 7","  2.5"," 7","999.9"," 0","999.9","999.9","  97.7"," ","  76.1"," "," 0.00","I","999.9","000000"
"65545099999","2025-02-05","8.05","-2.7833333","370.0","BONDOUKOU SOKO, IV","  84.3"," 6","  41.1"," 6","1008.6"," 6","967.7"," 6","  2.5"," 6","999.9"," 0","999.9","999.9","  99.3","*","  72.7"," "," 0.00","I","999.9","000000"
"65545099999","2025-02-06","8.05","-2.7833333","370.0","BONDOUKOU SOKO, IV","  83.8"," 8","  51.3"," 8","1007.3"," 8","966.5"," 8","  3.3"," 8","999.9"," 0","999.9","999.9"," 100.4"," ","  72.5","*"," 0.00","B","999.9","000000"
"65545099999","2025-02-07","8.05","-2.7833333","370.0","BONDOUKOU SOKO, IV","  83.2"," 7","  61.5"," 7","1007.1"," 7","966.4"," 7","  4.1"," 7","999.9"," 0","999.9","999.9","  98.6"," ","  73.2"," "," 0.00","G","999.9","000000"
"65545099999","2025-02-08","8.05","-2.7833333","370.0","BONDOUKOU SOKO, IV","  85.0"," 8","  61.7"," 8","1007.9"," 8","967.2"," 8","  4.0"," 8","999.9"," 0","999.9","999.9"," 100.8"," ","  73.4"," "," 0.00","E","999.9","000000"
"65545099999","2025-02-09","8.05","-2.7833333","370.0","BONDOUKOU SOKO, IV","  86.9"," 8","  63.4"," 8","1007.9"," 8","967.5"," 8","  4.0"," 8","999.9"," 0","999.9","999.9"," 100.4"," ","  77.0"," "," 0.00","G","999.9","000000"
"65545099999","2025-02-10","8.05","-2.7833333","370.0","BONDOUKOU SOKO, IV","  87.9"," 6","  64.3"," 6","1007.9"," 6","965.9"," 6","  3.3"," 6","999.9"," 0","999.9","999.9"," 101.3"," ","  75.9"," "," 0.00","E","999.9","000000"
"65545099999","2025-02-11","8.05","-2.7833333","370.0","BONDOUKOU SOKO, IV","  84.2"," 4","  67.3"," 4","1006.1"," 4","965.6"," 4","  3.7"," 4","999.9"," 0","999.9","999.9"," 101.3","*","  76.3"," "," 0.00","G","999.9","000000"
"65545099999","2025-02-12","8.05","-2.7833333","370.0","BONDOUKOU SOKO, IV","  89.3"," 5","  66.8"," 5","1006.3"," 5","966.1"," 5","  3.5"," 5","999.9"," 0","999.9","999.9"," 100.4"," ","  76.5"," "," 0.00","G","999.9","000000"
"65545099999","2025-02-13","8.05","-2.7833333","370.0","BONDOUKOU SOKO, IV","  86.7"," 8","  69.6"," 8","1007.9"," 8","967.5"," 8","  3.7"," 8","999.9"," 0","999.9","999.9","  99.5"," ","  76.1"," "," 0.00","G","999.9","000000"
"65545099999","2025-02-14","8.05","-2.7833333","370.0","BONDOUKOU SOKO, IV","  82.8"," 4","  73.7"," 4","1009.7"," 4","969.0"," 4","  4.3"," 4","999.9"," 0","999.9","999.9","  91.2","*","  77.0"," "," 0.00","G","999.9","000000"
"65545099999","2025-02-15","8.05","-2.7833333","370.0","BONDOUKOU SOKO, IV","  86.8"," 7","  62.8"," 7","1008.1"," 7","967.6"," 7","  4.3"," 7","999.9"," 0","999.9","999.9"," 100.6"," ","  74.7"," "," 0.00","G","999.9","000000"
"65545099999","2025-02-16","8.05","-2.7833333","370.0","BONDOUKOU SOKO, IV","  86.0"," 6","  63.4"," 6","1007.6"," 6","967.1"," 6","  3.9"," 6","999.9"," 0","999.9","999.9","  99.5","*","  75.7"," "," 0.00","G","999.9","000000"
"65545099999","2025-02-17","8.05","-2.7833333","370.0","BONDOUKOU SOKO, IV","  86.8"," 7","  69.7"," 6","1007.1"," 7","966.8"," 7","  4.8"," 7","999.9"," 0","999.9","999.9","  99.3"," ","  75.4","*"," 0.00","G","999.9","000000"
"65545099999","2025-02-18","8.05","-2.7833333","370.0","BONDOUKOU SOKO, IV","  85.2"," 7","  69.8"," 7","1007.5"," 7","967.0"," 7","  4.4"," 7","999.9"," 0","999.9","999.9"," 101.7"," ","  75.6"," "," 0.00","G","999.9","000000"
"65545099999","2025-02-19","8.05","-2.7833333","370.0","BONDOUKOU SOKO, IV","  88.1"," 6","  71.1"," 6","1008.3"," 6","967.8"," 5","  3.7"," 6","999.9"," 0","999.9","999.9","  99.5"," ","  78.8"," "," 0.00","G","999.9","000000"
"65545099999","2025-02-20","8.05","-2.7833333","370.0","BONDOUKOU SOKO, IV","  82.7"," 7","  71.9"," 7","1009.7"," 7","969.0"," 7","  4.1"," 7","999.9"," 0","999.9","999.9","  93.2","*","  75.2","*"," 0.00","G","999.9","010000"
"65545099999","2025-02-21","8.05","-2.7833333","370.0","BONDOUKOU SOKO, IV","  82.1"," 8","  68.7"," 8","1008.9"," 8","968.1"," 8","  5.3"," 8","999.9"," 0","999.9","999.9","  98.6"," ","  72.5"," "," 0.16","G","999.9","010000"
"65545099999","2025-02-22","8.05","-2.7833333","370.0","BONDOUKOU SOKO, IV","  88.7"," 6","  64.6"," 6","1008.0"," 6","967.7"," 6","  5.4"," 6","999.9"," 0","999.9","999.9","  99.5"," ","  80.8","*"," 0.00","G","999.9","000000"
"65545099999","2025-02-23","8.05","-2.7833333","370.0","BONDOUKOU SOKO, IV","  85.4"," 7","  60.0"," 7","1009.0"," 7","968.4"," 7","  5.1"," 7","999.9"," 0","999.9","999.9","  98.8"," ","  75.4"," "," 0.00","G","999.9","000000"
"65545099999","2025-02-24","8.05","-2.7833333","370.0","BONDOUKOU SOKO, IV","  88.1"," 7","  56.2"," 7","1009.7"," 7","969.2"," 7","  4.6"," 7","999.9"," 0","999.9","999.9"," 100.4"," ","  77.0"," "," 0.00","G","999.9","000000"
"65545099999","2025-02-25","8.05","-2.7833333","370.0","BONDOUKOU SOKO, IV","  86.4"," 7","  39.2"," 7","1010.3"," 7","969.5"," 7","  3.7"," 7","999.9"," 0","999.9","999.9"," 100.4"," ","  76.1"," "," 0.00","G","999.9","000000"
"65545099999","2025-02-26","8.05","-2.7833333","370.0","BONDOUKOU SOKO, IV","  85.5"," 6","  40.0"," 6","1010.2"," 6","969.4"," 6","  3.1"," 6","999.9"," 0","999.9","999.9","  98.6"," ","  73.4"," "," 0.00","G","999.9","000000"
"65545099999","2025-02-27","8.05","-2.7833333","370.0","BONDOUKOU SOKO, IV","  86.2"," 6","  45.7"," 5","1009.9"," 6","969.1"," 6","  2.9"," 6","999.9"," 0","999.9","999.9","  99.3"," ","  77.9","*"," 0.00","E","999.9","000000"
"65545099999","2025-02-28","8.05","-2.7833333","370.0","BONDOUKOU SOKO, IV","  80.7"," 4","  62.2"," 4","1009.6"," 4","968.7"," 4","  3.1"," 4","999.9"," 0","999.9","999.9","  88.7","*","  76.1"," "," 0.00","G","999.9","000000"
"65545099999","2025-03-01","8.05","-2.7833333","370.0","BONDOUKOU SOKO, IV","  89.0"," 5","  70.2"," 5","1007.4"," 5","967.2"," 5","  3.7"," 5","999.9"," 0","999.9","999.9"," 100.4"," ","  77.0"," "," 0.00","E","999.9","000000"
"65545099999","2025-03-02","8.05","-2.7833333","370.0","BONDOUKOU SOKO, IV","  88.0"," 8","  71.9"," 8","1007.1"," 8","966.8"," 8","  4.3"," 8","999.9"," 0","999.9","999.9"," 100.8"," ","  77.0"," "," 0.00","G","999.9","000000"
"65545099999","2025-03-03","8.05","-2.7833333","370.0","BONDOUKOU SOKO, IV","  88.2"," 8","  70.7"," 8","1006.8"," 8","966.5"," 8","  4.5"," 8","999.9"," 0","999.9","999.9"," 101.3"," ","  77.7"," "," 0.00","G","999.9","000000"
"65545099999","2025-03-04","8.05","-2.7833333","370.0","BONDOUKOU SOKO, IV","  87.4"," 6","  72.0"," 6","1005.9"," 6","965.6"," 6","  3.9"," 6","999.9"," 0","999.9","999.9"," 100.4","*","  77.9"," "," 0.00","G","999.9","000000"
"65545099999","2025-03-05","8.05","-2.7833333","370.0","BONDOUKOU SOKO, IV","  84.2"," 8","  71.4"," 8","1006.3"," 8","965.8"," 8","  5.4"," 8","999.9"," 0","999.9","999.9","  97.5"," ","  75.6"," "," 0.00","G","999.9","010110"
"65545099999","2025-03-06","8.05","-2.7833333","370.0","BONDOUKOU SOKO, IV","  81.9"," 7","  69.4"," 7","1008.0"," 7","967.6"," 7","  5.3"," 7","999.9"," 0","999.9","999.9","  99.0"," ","  70.7","*"," 0.16","G","999.9","010000"
"65545099999","2025-03-07","8.05","-2.7833333","370.0","BONDOUKOU SOKO, IV","  83.8"," 6","  71.6"," 6","1008.2"," 6","967.6"," 6","  5.8"," 6","999.9"," 0","999.9","999.9","  98.2"," ","  73.8"," "," 0.00","G","999.9","010010"
"65545099999","2025-03-08","8.05","-2.7833333","370.0","BONDOUKOU SOKO, IV","  81.1"," 6","  73.8"," 6","1008.5"," 6","967.7"," 6","  5.2"," 6","999.9"," 0","999.9","999.9","  88.5"," ","  74.3"," "," 0.91","G","999.9","000000"
"65545099999","2025-03-09","8.05","-2.7833333","370.0","BONDOUKOU SOKO, IV","  84.5"," 8","  72.0"," 8","1007.0"," 8","966.5"," 8","  4.8"," 8","999.9"," 0","999.9","999.9"," 100.2"," ","  75.4"," "," 0.00","G","999.9","010010"
"65545099999","2025-03-10","8.05","-2.7833333","370.0","BONDOUKOU SOKO, IV","  86.4"," 6","  72.0"," 6","1007.5"," 6","967.1"," 6","  5.4"," 6","999.9"," 0","999.9","999.9","  97.7"," ","  76.3"," "," 0.31","G","999.9","000000"
"65545099999","2025-03-11","8.05","-2.7833333","370.0","BONDOUKOU SOKO, IV","  82.2"," 7","  71.2"," 7","1009.5"," 7","968.7"," 7","  6.0"," 7","999.9"," 0","999.9","999.9","  92.5"," ","  72.7"," "," 0.55","G","999.9","000010"
"65545099999","2025-03-12","8.05","-2.7833333","370.0","BONDOUKOU SOKO, IV","  83.4"," 6","  71.0"," 6","1009.6"," 6","968.9"," 6","  6.2"," 6","999.9"," 0","999.9","999.9","  98.6"," ","  75.7"," "," 0.00","G","999.9","000000"
"65545099999","2025-03-13","8.05","-2.7833333","370.0","BONDOUKOU SOKO, IV","  85.1"," 8","  72.6"," 8","1007.2"," 8","966.6"," 8","  6.2"," 8","999.9"," 0","999.9","999.9","  98.6"," ","  72.5"," "," 0.00","G","999.9","000000"
"65545099999","2025-03-14","8.05","-2.7833333","370.0","BONDOUKOU SOKO, IV","  84.5"," 8","  73.3"," 8","1008.0"," 8","967.5"," 8","  6.1"," 8","999.9"," 0","999.9","999.9","  95.9"," ","  74.3","*"," 0.00","G","999.9","010010"
"65545099999","2025-03-15","8.05","-2.7833333","370.0","BONDOUKOU SOKO, IV","  86.0"," 7","  71.3"," 7","1009.7"," 7","969.2"," 7","  5.9"," 7","999.9"," 0","999.9","999.9","  98.6"," ","  72.5"," "," 0.16","G","999.9","000000"
"65545099999","2025-03-16","8.05","-2.7833333","370.0","BONDOUKOU SOKO, IV","  84.2"," 8","  71.4"," 8","1010.2"," 8","969.5"," 8","  5.9"," 8","999.9"," 0","999.9","999.9","  98.6"," ","  77.0"," "," 0.00","G","999.9","010010"
"65545099999","2025-03-17","8.05","-2.7833333","370.0","BONDOUKOU SOKO, IV","  82.9"," 6","  68.5"," 6","1008.9"," 6","968.1"," 6","  6.2"," 6","999.9"," 0","999.9","999.9","  99.5"," ","  73.4"," "," 0.08","G","999.9","000000"
"65545099999","2025-03-18","8.05","-2.7833333","370.0","BONDOUKOU SOKO, IV","  80.5"," 6","  70.1"," 6","1008.4"," 6","967.5"," 6","  6.0"," 6","999.9"," 0","999.9","999.9","  95.9"," ","  75.6"," "," 0.00","G","999.9","000000"
"65545099999","2025-03-19","8.05","-2.7833333","370.0","BONDOUKOU SOKO, IV","  82.7"," 7","  70.9"," 7","1009.1"," 7","968.4"," 7","  5.7"," 7","999.9"," 0","999.9","999.9","  97.2","*","  73.4"," "," 0.03","G","999.9","000000"
"65545099999","2025-03-20","8.05","-2.7833333","370.0","BONDOUKOU SOKO, IV","  83.4"," 8","  69.4"," 8","1011.0"," 8","970.2"," 8","  6.2"," 8","999.9"," 0","999.9","999.9","  95.5"," ","  73.4"," "," 0.00","G","999.9","000000"
"65545099999","2025-03-21","8.05","-2.7833333","370.0","BONDOUKOU SOKO, IV","  84.4"," 8","  72.5"," 8","1010.7"," 8","970.0"," 8","  6.2"," 8","999.9"," 0","999.9","999.9","  96.8"," ","  76.8"," "," 0.00","G","999.9","000010"
"65545099999","2025-03-22","8.05","-2.7833333","370.0","BONDOUKOU SOKO, IV","  83.9"," 7","  72.7"," 7","1009.9"," 7","969.2"," 7","  6.2"," 7","999.9"," 0","999.9","999.9","  97.7"," ","  76.1"," "," 0.12","G","999.9","000000"
"65545099999","2025-03-23","8.05","-2.7833333","370.0","BONDOUKOU SOKO, IV","  85.2"," 8","  72.4"," 8","1009.4"," 8","968.9"," 8","  6.2"," 8","999.9"," 0","999.9","999.9","  96.3"," ","  76.5"," "," 0.00","G","999.9","000000"
"65545099999","2025-03-24","8.05","-2.7833333","370.0","BONDOUKOU SOKO, IV","  84.4"," 7","  71.5"," 7","1010.2"," 6","969.6"," 7","  6.2"," 7","999.9"," 0","999.9","999.9","  94.6"," ","  80.1","*"," 0.00","E","999.9","000000"
"65545099999","2025-03-25","8.05","-2.7833333","370.0","BONDOUKOU SOKO, IV","  81.6"," 7","  71.3"," 7","1010.2"," 7","969.4"," 7","  5.9"," 7","999.9"," 0","999.9","999.9","  93.2","*","  74.1"," "," 0.00","G","999.9","100000"
"65545099999","2025-03-26","8.05","-2.7833333","370.0","BONDOUKOU SOKO, IV","  78.3"," 8","  72.6"," 8","1009.8"," 8","968.7"," 8","  6.2"," 8","999.9"," 0","999.9","999.9","  82.8"," ","  74.3"," "," 1.30","G","999.9","000010"
"65545099999","2025-03-27","8.05","-2.7833333","370.0","BONDOUKOU SOKO, IV","  86.4"," 5","  71.8"," 5","1007.0"," 5","966.6"," 5","  5.2"," 5","999.9"," 0","999.9","999.9","  97.0"," ","  75.9","*"," 0.00","G","999.9","000010"
"65545099999","2025-03-28","8.05","-2.7833333","370.0","BONDOUKOU SOKO, IV","  86.5"," 6","  72.5"," 6","1007.0"," 6","966.6"," 6","  5.6"," 6","999.9"," 0","999.9","999.9","  96.1"," ","  72.5"," "," 0.12","G","999.9","010000"
"65545099999","2025-03-29","8.05","-2.7833333","370.0","BONDOUKOU SOKO, IV","  84.6"," 5","  74.7"," 5","1008.1"," 5","967.6"," 5","  6.2"," 5","999.9"," 0","999.9","999.9","  89.6"," ","  78.8","*"," 0.00","G","999.9","000000"
"65545099999","2025-03-30","8.05","-2.7833333","370.0","BONDOUKOU SOKO, IV","  83.9"," 5","  74.7"," 5","1006.8"," 5","966.3"," 5","  6.2"," 5","999.9"," 0","999.9","999.9","  93.9"," ","  76.6"," "," 0.00","G","999.9","000000"
"65545099999","2025-03-31","8.05","-2.7833333","370.0","BONDOUKOU SOKO, IV","  89.5"," 5","  71.6"," 5","1007.1"," 5","966.9"," 5","  6.2"," 5","999.9"," 0","999.9","999.9","  96.8"," ","  81.3","*"," 0.00","E","999.9","000000"
"65545099999","2025-04-01","8.05","-2.7833333","370.0","BONDOUKOU SOKO, IV","  82.5"," 6","  72.3"," 6","1007.4"," 6","966.7"," 6","  6.2"," 6","999.9"," 0","999.9","999.9","  93.2"," ","  75.0"," "," 0.00","G","999.9","000000"
"65545099999","2025-04-02","8.05","-2.7833333","370.0","BONDOUKOU SOKO, IV","  83.0"," 8","  72.9"," 8","1007.0"," 8","966.4"," 8","  5.7"," 8","999.9"," 0","999.9","999.9","  94.1"," ","  75.0"," "," 0.00","G","999.9","000000"
"65545099999","2025-04-03","8.05","-2.7833333","370.0","BONDOUKOU SOKO, IV","  82.3"," 5","  71.2"," 5","1008.4"," 5","967.6"," 5","  5.5"," 5","999.9"," 0","999.9","999.9","  93.4"," ","  75.2"," "," 0.00","G","999.9","000010"
"65545099999","2025-04-04","8.05","-2.7833333","370.0","BONDOUKOU SOKO, IV","  84.7"," 7","  73.6"," 7","1009.4"," 7","968.9"," 7","  5.9"," 7","999.9"," 0","999.9","999.9","  97.5"," ","  76.1"," "," 0.00","G","999.9","000010"
"65545099999","2025-04-05","8.05","-2.7833333","370.0","BONDOUKOU SOKO, IV","  85.0"," 8","  73.3"," 8","1009.2"," 8","968.7"," 8","  6.2"," 8","999.9"," 0","999.9","999.9","  96.4"," ","  75.6"," "," 0.16","G","999.9","000000"
"65545099999","2025-04-06","8.05","-2.7833333","370.0","BONDOUKOU SOKO, IV","  83.5"," 6","  74.3"," 6","1008.8"," 6","968.0"," 6","  5.8"," 6","999.9"," 0","999.9","999.9","  94.1"," ","  75.9"," "," 0.00","G","999.9","000000"
"65545099999","2025-04-08","8.05","-2.7833333","370.0","BONDOUKOU SOKO, IV","  90.9"," 4","  72.3"," 4","1009.3"," 4","969.2"," 4","  6.2"," 4","999.9"," 0","999.9","999.9","  97.7"," ","  80.8","*"," 0.00","E","999.9","000000"
"65545099999","2025-04-09","8.05","-2.7833333","370.0","BONDOUKOU SOKO, IV","  78.2"," 7","  71.0"," 7","1012.0"," 7","971.1"," 6","  5.7"," 7","999.9"," 0","999.9","999.9","  88.7","*","  71.6"," "," 0.63","G","999.9","010010"
"65545099999","2025-04-10","8.05","-2.7833333","370.0","BONDOUKOU SOKO, IV","  83.9"," 7","  72.7"," 7","1008.8"," 7","968.4"," 7","  5.7"," 7","999.9"," 0","999.9","999.9","  95.7"," ","  74.7","*"," 0.00","G","999.9","000010"
"65545099999","2025-04-11","8.05","-2.7833333","370.0","BONDOUKOU SOKO, IV","  82.6"," 5","  73.5"," 5","1007.6"," 5","966.9"," 5","  6.0"," 5","999.9"," 0","999.9","999.9","  92.5"," ","  70.7"," "," 2.36","G","999.9","000010"
"65545099999","2025-04-12","8.05","-2.7833333","370.0","BONDOUKOU SOKO, IV","  78.1"," 6","  72.9"," 6","1008.9"," 6","967.9"," 6","  5.6"," 6","999.9"," 0","999.9","999.9","  89.6"," ","  70.5"," "," 0.63","G","999.9","010010"
"65545099999","2025-04-13","8.05","-2.7833333","370.0","BONDOUKOU SOKO, IV","  83.2"," 8","  74.4"," 8","1009.6"," 8","968.9"," 8","  6.2"," 8","999.9"," 0","999.9","999.9","  92.3"," ","  73.4"," "," 0.00","G","999.9","000000"
"65545099999","2025-04-14","8.05","-2.7833333","370.0","BONDOUKOU SOKO, IV","  82.6"," 8","  74.4"," 8","1009.5"," 7","968.7"," 8","  5.7"," 8","999.9"," 0","999.9","999.9","  92.3"," ","  76.1"," "," 0.00","G","999.9","000000"
"65545099999","2025-04-15","8.05","-2.7833333","370.0","BONDOUKOU SOKO, IV","  81.2"," 7","  73.5"," 7","1010.5"," 7","969.7"," 7","  5.7"," 7","999.9"," 0","999.9","999.9","  91.6"," ","  74.8"," "," 0.00","G","999.9","000000"
"65545099999","2025-04-16","8.05","-2.7833333","370.0","BONDOUKOU SOKO, IV","  83.2"," 6","  72.9"," 6","1009.6"," 6","968.9"," 6","  6.2"," 6","999.9"," 0","999.9","999.9","  94.1"," ","  75.2","*"," 0.00","E","999.9","000010"
"65545099999","2025-04-17","8.05","-2.7833333","370.0","BONDOUKOU SOKO, IV","  82.1"," 6","  74.3"," 6","1009.9"," 6","969.2"," 6","  6.0"," 6","999.9"," 0","999.9","999.9","  91.8"," ","  76.3"," "," 0.04","G","999.9","000000"
"65545099999","2025-04-18","8.05","-2.7833333","370.0","BONDOUKOU SOKO, IV","  86.6"," 7","  74.9"," 7","1008.6"," 7","968.2"," 7","  5.9"," 7","999.9"," 0","999.9","999.9","  96.6"," ","  76.8"," "," 0.00","G","999.9","000000"
"65545099999","2025-04-19","8.05","-2.7833333","370.0","BONDOUKOU SOKO, IV","  78.8"," 7","  71.7"," 7","1008.4"," 7","967.4"," 7","  6.0"," 7","999.9"," 0","999.9","999.9","  87.8"," ","  72.3"," "," 0.83","G","999.9","010010"
"65545099999","2025-04-20","8.05","-2.7833333","370.0","BONDOUKOU SOKO, IV","  84.0"," 7","  72.3"," 6","1007.5"," 7","967.0"," 7","  6.2"," 7","999.9"," 0","999.9","999.9","  94.1"," ","  73.4"," "," 0.00","G","999.9","000000"
"65545099999","2025-04-21","8.05","-2.7833333","370.0","BONDOUKOU SOKO, IV","  85.1"," 8","  72.3"," 8","1006.7"," 8","966.3"," 8","  6.2"," 8","999.9"," 0","999.9","999.9","  95.4"," ","  75.2"," "," 0.00","G","999.9","000000"
"65545099999","2025-04-22","8.05","-2.7833333","370.0","BONDOUKOU SOKO, IV","  83.2"," 4","  73.4"," 4","1007.4"," 4","966.8"," 4","  6.2"," 4","999.9"," 0","999.9","999.9","  95.0","*","  77.0"," "," 0.00","G","999.9","000000"
"65545099999","2025-04-23","8.05","-2.7833333","370.0","BONDOUKOU SOKO, IV","  79.1"," 7","  71.6"," 7","1008.3"," 7","967.3"," 7","  6.2"," 7","999.9"," 0","999.9","999.9","  85.6"," ","  75.2"," "," 0.00","G","999.9","000000"
"65545099999","2025-04-24","8.05","-2.7833333","370.0","BONDOUKOU SOKO, IV","  81.2"," 5","  72.5"," 5","1008.5"," 5","967.8"," 5","  6.0"," 5","999.9"," 0","999.9","999.9","  91.4","*","  74.5","*"," 0.00","H","999.9","010010"
"65545099999","2025-04-25","8.05","-2.7833333","370.0","BONDOUKOU SOKO, IV","  82.2"," 6","  72.1"," 6","1007.5"," 6","966.8"," 6","  6.2"," 6","999.9"," 0","999.9","999.9","  95.9"," ","  76.1"," "," 0.00","G","999.9","010010"
"65545099999","2025-04-26","8.05","-2.7833333","370.0","BONDOUKOU SOKO, IV","  80.8"," 8","  70.6"," 8","1008.3"," 8","967.5"," 8","  6.1"," 8","999.9"," 0","999.9","999.9","  91.8"," ","  73.8"," "," 0.12","G","999.9","000000"
"65545099999","2025-04-27","8.05","-2.7833333","370.0","BONDOUKOU SOKO, IV","  82.8"," 7","  72.3"," 7","1008.0"," 7","967.4"," 7","  6.2"," 7","999.9"," 0","999.9","999.9","  92.3"," ","  74.3"," "," 0.00","G","999.9","000000"
"65545099999","2025-04-28","8.05","-2.7833333","370.0","BONDOUKOU SOKO, IV","  85.3"," 8","  73.4"," 8","1007.7"," 8","967.3"," 8","  6.2"," 8","999.9"," 0","999.9","999.9","  96.8"," ","  76.1"," "," 0.00","G","999.9","000000"
"65545099999","2025-04-29","8.05","-2.7833333","370.0","BONDOUKOU SOKO, IV","  80.5"," 7","  72.4"," 7","1007.3"," 7","966.5"," 7","  6.0"," 7","999.9"," 0","999.9","999.9","  89.4"," ","  71.1","*"," 0.67","E","999.9","010000"
"65545099999","2025-04-30","8.05","-2.7833333","370.0","BONDOUKOU SOKO, IV","  79.8"," 7","  73.6"," 7","1007.9"," 7","967.0"," 7","  6.0"," 7","999.9"," 0","999.9","999.9","  86.0"," ","  74.1"," "," 0.00","E","999.9","000000"
"65545099999","2025-05-01","8.05","-2.7833333","370.0","BONDOUKOU SOKO, IV","  84.3"," 6","  73.5"," 6","1009.1"," 6","968.3"," 6","  6.0"," 6","999.9"," 0","999.9","999.9","  94.1","*","  75.2"," "," 0.00","G","999.9","000000"
"65545099999","2025-05-02","8.05","-2.7833333","370.0","BONDOUKOU SOKO, IV","  79.9"," 8","  71.0"," 8","1010.6"," 8","969.6"," 8","  6.2"," 8","999.9"," 0","999.9","999.9","  89.6"," ","  71.4"," "," 0.00","G","999.9","000000"
"65545099999","2025-05-03","8.05","-2.7833333","370.0","BONDOUKOU SOKO, IV","  83.3"," 8","  72.4"," 8","1010.7"," 7","970.0"," 7","  6.2"," 8","999.9"," 0","999.9","999.9","  95.0","*","  72.9"," "," 0.00","G","999.9","000000"
"65545099999","2025-05-04","8.05","-2.7833333","370.0","BONDOUKOU SOKO, IV","  83.7"," 8","  74.1"," 8","1009.9"," 8","969.1"," 8","  6.2"," 8","999.9"," 0","999.9","999.9","  92.5","*","  76.1"," "," 0.00","G","999.9","000000"
"65545099999","2025-05-05","8.05","-2.7833333","370.0","BONDOUKOU SOKO, IV","  83.5"," 8","  72.9"," 8","1009.3"," 8","968.7"," 8","  6.2"," 8","999.9"," 0","999.9","999.9","  94.8"," ","  74.1"," "," 0.00","G","999.9","000010"
"65545099999","2025-05-06","8.05","-2.7833333","370.0","BONDOUKOU SOKO, IV","  82.5"," 6","  73.4"," 6","1009.9"," 6","969.2"," 6","  6.2"," 6","999.9"," 0","999.9","999.9","  93.2","*","  77.0"," "," 0.00","G","999.9","000000"
"65545099999","2025-05-07","8.05","-2.7833333","370.0","BONDOUKOU SOKO, IV","  84.4"," 8","  73.8"," 8","1010.1"," 8","969.5"," 8","  6.1"," 8","999.9"," 0","999.9","999.9","  95.9"," ","  76.1"," "," 0.00","G","999.9","000010"
"65545099999","2025-05-08","8.05","-2.7833333","370.0","BONDOUKOU SOKO, IV","  82.2"," 7","  72.8"," 7","1010.1"," 7","969.3"," 7","  6.0"," 7","999.9"," 0","999.9","999.9","  92.7"," ","  71.6"," "," 0.43","G","999.9","000010"
"65545099999","2025-05-09","8.05","-2.7833333","370.0","BONDOUKOU SOKO, IV","  84.9"," 6","  75.0"," 6","1008.4"," 6","967.8"," 6","  6.2"," 6","999.9"," 0","999.9","999.9","  95.0"," ","  76.1"," "," 0.00","G","999.9","010000"
"65545099999","2025-05-10","8.05","-2.7833333","370.0","BONDOUKOU SOKO, IV","  80.3"," 8","  73.2"," 8","1011.5"," 8","970.5"," 8","  5.7"," 8","999.9"," 0","999.9","999.9","  89.4"," ","  73.2"," "," 0.20","G","999.9","000000"
"65545099999","2025-05-11","8.05","-2.7833333","370.0","BONDOUKOU SOKO, IV","  84.4"," 7","  75.1"," 7","1011.8"," 7","971.2"," 7","  6.0"," 7","999.9"," 0","999.9","999.9","  93.2"," ","  77.2","*"," 0.00","G","999.9","000000"
"65545099999","2025-05-12","8.05","-2.7833333","370.0","BONDOUKOU SOKO, IV","  87.9"," 4","  73.2"," 4","1010.6"," 4","970.3"," 4","  6.2"," 4","999.9"," 0","999.9","999.9","  93.2","*","  83.3","*"," 0.00","A","999.9","000000"
"65545099999","2025-05-13","8.05","-2.7833333","370.0","BONDOUKOU SOKO, IV","  80.0"," 6","  72.4"," 6","1010.2"," 6","969.2"," 6","  6.0"," 6","999.9"," 0","999.9","999.9","  89.2","*","  68.9"," "," 2.13","G","999.9","010010"
"65545099999","2025-05-14","8.05","-2.7833333","370.0","BONDOUKOU SOKO, IV","  81.6"," 8","  73.9"," 8","1009.7"," 8","968.9"," 8","  6.2"," 8","999.9"," 0","999.9","999.9","  90.5"," ","  73.2"," "," 0.16","G","999.9","000000"
"65545099999","2025-05-15","8.05","-2.7833333","370.0","BONDOUKOU SOKO, IV","  84.0"," 8","  74.2"," 8","1008.8"," 8","968.2"," 8","  6.2"," 8","999.9"," 0","999.9","999.9","  93.2"," ","  75.6"," "," 0.00","G","999.9","000000"
"65545099999","2025-05-16","8.05","-2.7833333","370.0","BONDOUKOU SOKO, IV","  80.3"," 6","  72.9"," 6","1009.3"," 6","968.5"," 6","  6.2"," 6","999.9"," 0","999.9","999.9","  90.3","*","  71.6"," "," 0.00","G","999.9","000000"
"65545099999","2025-05-17","8.05","-2.7833333","370.0","BONDOUKOU SOKO, IV","  82.2"," 4","  74.6"," 4","1009.0"," 4","968.3"," 4","  6.2"," 4","999.9"," 0","999.9","999.9","  88.7"," ","  77.2","*"," 0.00","E","999.9","000010"
"65545099999","2025-05-18","8.05","-2.7833333","370.0","BONDOUKOU SOKO, IV","  78.5"," 8","  71.7"," 8","1010.9"," 8","969.8"," 8","  6.1"," 8","999.9"," 0","999.9","999.9","  86.0"," ","  71.6"," "," 0.00","G","999.9","000000"
"65545099999","2025-05-19","8.05","-2.7833333","370.0","BONDOUKOU SOKO, IV","  81.1"," 8","  72.8"," 8","1011.2"," 8","970.3"," 8","  6.2"," 8","999.9"," 0","999.9","999.9","  90.7"," ","  73.9","*"," 0.00","G","999.9","000000"
"65545099999","2025-05-20","8.05","-2.7833333","370.0","BONDOUKOU SOKO, IV","  83.2"," 7","  72.8"," 7","1009.5"," 7","968.9"," 7","  5.9"," 7","999.9"," 0","999.9","999.9","  95.0"," ","  74.5"," "," 0.00","G","999.9","000000"
"65545099999","2025-05-21","8.05","-2.7833333","370.0","BONDOUKOU SOKO, IV","  83.2"," 5","  70.4"," 5","1010.7"," 5","969.9"," 5","  6.2"," 5","999.9"," 0","999.9","999.9","  89.6"," ","  77.9","*"," 0.00","E","999.9","000000"
"65545099999","2025-05-22","8.05","-2.7833333","370.0","BONDOUKOU SOKO, IV","  81.1"," 8","  74.0"," 8","1012.1"," 8","971.1"," 8","  6.2"," 8","999.9"," 0","999.9","999.9","  90.3"," ","  73.8"," "," 0.00","G","999.9","000000"
"65545099999","2025-05-23","8.05","-2.7833333","370.0","BONDOUKOU SOKO, IV","  80.4"," 6","  73.9"," 6","1012.0"," 6","971.0"," 6","  6.2"," 6","999.9"," 0","999.9","999.9","  91.4"," ","  75.2"," "," 0.00","G","999.9","000000"
"65545099999","2025-05-24","8.05","-2.7833333","370.0","BONDOUKOU SOKO, IV","  77.1"," 8","  69.2"," 8","1013.0"," 8","971.8"," 8","  6.1"," 8","999.9"," 0","999.9","999.9","  87.1"," ","  69.8"," "," 0.16","G","999.9","010000"
"65545099999","2025-05-25","8.05","-2.7833333","370.0","BONDOUKOU SOKO, IV","  79.8"," 4","  72.8"," 4","1013.4"," 4","972.3"," 4","  6.2"," 4","999.9"," 0","999.9","999.9","  89.8","*","  73.2"," "," 0.00","G","999.9","000000"
"65545099999","2025-05-26","8.05","-2.7833333","370.0","BONDOUKOU SOKO, IV","  82.4"," 6","  73.5"," 6","1012.2"," 6","971.4"," 6","  6.2"," 6","999.9"," 0","999.9","999.9","  89.6"," ","  74.3"," "," 0.00","G","999.9","000000"
"65545099999","2025-05-27","8.05","-2.7833333","370.0","BONDOUKOU SOKO, IV","  81.0"," 8","  74.1"," 8","1011.7"," 8","970.9"," 8","  5.7"," 8","999.9"," 0","999.9","999.9","  90.0"," ","  76.1"," "," 0.00","G","999.9","000000"
"65545099999","2025-05-28","8.05","-2.7833333","370.0","BONDOUKOU SOKO, IV","  81.7"," 8","  73.3"," 8","1012.1"," 8","971.2"," 8","  6.1"," 8","999.9"," 0","999.9","999.9","  92.3"," ","  74.3"," "," 0.00","G","999.9","000000"
"65545099999","2025-05-29","8.05","-2.7833333","370.0","BONDOUKOU SOKO, IV","  82.0"," 8","  73.3"," 8","1013.4"," 8","972.3"," 8","  5.7"," 8","999.9"," 0","999.9","999.9","  90.5","*","  69.8"," "," 0.31","G","999.9","010010"
"65545099999","2025-05-30","8.05","-2.7833333","370.0","BONDOUKOU SOKO, IV","  79.9"," 6","  72.3"," 6","1013.3"," 6","972.2"," 6","  6.0"," 6","999.9"," 0","999.9","999.9","  90.5"," ","  72.5"," "," 0.28","G","999.9","000000"
"65545099999","2025-05-31","8.05","-2.7833333","370.0","BONDOUKOU SOKO, IV","  81.6"," 7","  72.7"," 7","1013.0"," 7","972.1"," 7","  6.2"," 7","999.9"," 0","999.9","999.9","  89.1"," ","  75.6","*"," 0.00","G","999.9","000000"
"65545099999","2025-06-01","8.05","-2.7833333","370.0","BONDOUKOU SOKO, IV","  81.3"," 6","  73.9"," 6","1012.4"," 6","971.5"," 6","  6.0"," 6","999.9"," 0","999.9","999.9","  90.5"," ","  74.8"," "," 0.00","G","999.9","000000"
"65545099999","2025-06-02","8.05","-2.7833333","370.0","BONDOUKOU SOKO, IV","  80.5"," 7","  71.5"," 7","1012.6"," 7","971.8"," 6","  6.2"," 7","999.9"," 0","999.9","999.9","  90.7"," ","  71.4"," "," 0.00","G","999.9","000000"
"65545099999","2025-06-03","8.05","-2.7833333","370.0","BONDOUKOU SOKO, IV","  80.6"," 8","  72.8"," 8","1012.2"," 8","971.2"," 8","  5.7"," 8","999.9"," 0","999.9","999.9","  88.9"," ","  73.4"," "," 0.00","G","999.9","000000"
"65545099999","2025-06-04","8.05","-2.7833333","370.0","BONDOUKOU SOKO, IV","  80.8"," 7","  72.1"," 7","1013.0"," 7","972.0"," 7","  6.2"," 7","999.9"," 0","999.9","999.9","  92.1"," ","  72.5"," "," 0.00","G","999.9","000000"
"65545099999","2025-06-05","8.05","-2.7833333","370.0","BONDOUKOU SOKO, IV","  83.4"," 6","  70.9"," 6","1012.6"," 6","971.8"," 6","  5.8"," 6","999.9"," 0","999.9","999.9","  93.2"," ","  74.1"," "," 0.00","G","999.9","000000"
"65545099999","2025-06-06","8.05","-2.7833333","370.0","BONDOUKOU SOKO, IV","  80.9"," 8","  72.2"," 8","1013.1"," 8","972.1"," 8","  5.6"," 8","999.9"," 0","999.9","999.9","  91.4"," ","  73.4"," "," 0.00","G","999.9","000010"
"65545099999","2025-06-07","8.05","-2.7833333","370.0","BONDOUKOU SOKO, IV","  77.0"," 5","  70.1"," 5","1013.4"," 5","972.1"," 5","  5.7"," 5","999.9"," 0","999.9","999.9","  91.0"," ","  72.0"," "," 0.39","G","999.9","010010"
"65545099999","2025-06-08","8.05","-2.7833333","370.0","BONDOUKOU SOKO, IV","  78.4"," 5","  71.1"," 5","1012.1"," 5","970.9"," 5","  6.2"," 5","999.9"," 0","999.9","999.9","  92.3"," ","  69.8"," "," 0.00","G","999.9","000000"
"65545099999","2025-06-09","8.05","-2.7833333","370.0","BONDOUKOU SOKO, IV","  79.5"," 6","  72.5"," 6","1011.9"," 6","970.8"," 6","  6.0"," 6","999.9"," 0","999.9","999.9","  89.6","*","  75.2","*"," 0.00","G","999.9","000000"
"65545099999","2025-06-10","8.05","-2.7833333","370.0","BONDOUKOU SOKO, IV","  77.8"," 6","  72.5"," 6","1012.0"," 5","970.3"," 6","  5.8"," 6","999.9"," 0","999.9","999.9","  88.7"," ","  74.1"," "," 0.12","G","999.9","000000"
"65545099999","2025-06-11","8.05","-2.7833333","370.0","BONDOUKOU SOKO, IV","  79.6"," 7","  72.2"," 7","1011.2"," 7","970.1"," 7","  5.1"," 7","999.9"," 0","999.9","999.9","  89.8"," ","  71.6"," "," 0.12","G","999.9","010000"
"65545099999","2025-06-12","8.05","-2.7833333","370.0","BONDOUKOU SOKO, IV","  80.5"," 6","  71.3"," 6","1010.9"," 6","969.9"," 6","  5.8"," 6","999.9"," 0","999.9","999.9","  90.5"," ","  70.0"," "," 0.04","G","999.9","000000"
"65545099999","2025-06-13","8.05","-2.7833333","370.0","BONDOUKOU SOKO, IV","  81.5"," 7","  73.8"," 7","1011.5"," 7","970.6"," 7","  6.2"," 7","999.9"," 0","999.9","999.9","  91.4"," ","  74.3"," "," 0.00","G","999.9","000000"
"65545099999","2025-06-14","8.05","-2.7833333","370.0","BONDOUKOU SOKO, IV","  79.7"," 8","  72.4"," 8","1013.0"," 8","972.0"," 8","  5.9"," 8","999.9"," 0","999.9","999.9","  89.4"," ","  70.7","*"," 0.00","G","999.9","010010"
"65545099999","2025-06-15","8.05","-2.7833333","370.0","BONDOUKOU SOKO, IV","  76.3"," 7","  71.3"," 7","1014.5"," 7","973.2"," 7","  5.7"," 7","999.9"," 0","999.9","999.9","  82.9"," ","  70.0","*"," 0.00","E","999.9","000010"
"65545099999","2025-06-16","8.05","-2.7833333","370.0","BONDOUKOU SOKO, IV","  79.3"," 7","  72.9"," 7","1014.1"," 7","973.0"," 7","  5.7"," 7","999.9"," 0","999.9","999.9","  88.7"," ","  72.7"," "," 0.00","G","999.9","000000"
"65545099999","2025-06-17","8.05","-2.7833333","370.0","BONDOUKOU SOKO, IV","  77.6"," 8","  72.3"," 8","1014.0"," 8","972.7"," 8","  5.7"," 8","999.9"," 0","999.9","999.9","  86.9"," ","  70.3","*"," 0.59","G","999.9","000000"
"65545099999","2025-06-18","8.05","-2.7833333","370.0","BONDOUKOU SOKO, IV","  80.8"," 4","  73.1"," 4","1014.4"," 4","973.4"," 4","  5.6"," 4","999.9"," 0","999.9","999.9","  86.9","*","  74.5","*"," 0.00","G","999.9","000000"
"65545099999","2025-06-19","8.05","-2.7833333","370.0","BONDOUKOU SOKO, IV","  79.9"," 6","  72.1"," 6","1013.6"," 6","972.5"," 6","  5.8"," 6","999.9"," 0","999.9","999.9","  89.8"," ","  72.5"," "," 0.00","G","999.9","000000"
"65545099999","2025-06-20","8.05","-2.7833333","370.0","BONDOUKOU SOKO, IV","  77.6"," 8","  72.6"," 8","1014.1"," 8","972.8"," 8","  5.3"," 8","999.9"," 0","999.9","999.9","  87.1"," ","  70.5"," "," 0.20","G","999.9","010010"
"65545099999","2025-06-21","8.05","-2.7833333","370.0","BONDOUKOU SOKO, IV","  77.5"," 7","  72.4"," 7","1012.7"," 7","971.5"," 7","  5.5"," 7","999.9"," 0","999.9","999.9","  85.1"," ","  69.8","*"," 0.00","G","999.9","010000"
"65545099999","2025-06-22","8.05","-2.7833333","370.0","BONDOUKOU SOKO, IV","  80.2"," 6","  72.4"," 6","1012.2"," 6","971.2"," 6","  5.2"," 6","999.9"," 0","999.9","999.9","  88.0"," ","  71.6","*"," 0.00","H","999.9","010010"
"65545099999","2025-06-23","8.05","-2.7833333","370.0","BONDOUKOU SOKO, IV","  79.1"," 7","  72.5"," 7","1012.1"," 7","971.0"," 7","  5.7"," 7","999.9"," 0","999.9","999.9","  87.4"," ","  71.1"," "," 0.12","G","999.9","010000"
"65545099999","2025-06-24","8.05","-2.7833333","370.0","BONDOUKOU SOKO, IV","  81.0"," 7","  73.4"," 7","1010.9"," 7","970.0"," 7","  6.0"," 7","999.9"," 0","999.9","999.9","  88.7"," ","  75.2","*"," 0.00","G","999.9","000000"
"65545099999","2025-06-25","8.05","-2.7833333","370.0","BONDOUKOU SOKO, IV","  78.8"," 8","  72.3"," 8","1012.0"," 8","970.9"," 8","  5.6"," 8","999.9"," 0","999.9","999.9","  87.6"," ","  72.3"," "," 0.00","G","999.9","000000"
"65545099999","2025-06-26","8.05","-2.7833333","370.0","BONDOUKOU SOKO, IV","  75.1"," 6","  71.5"," 6","1013.0"," 6","971.9"," 6","  5.2"," 6","999.9"," 0","999.9","999.9","  81.5"," ","  70.5","*"," 0.00","G","999.9","010010"
"65545099999","2025-06-27","8.05","-2.7833333","370.0","BONDOUKOU SOKO, IV","  76.1"," 6","  72.3"," 6","1013.7"," 6","972.3"," 6","  5.8"," 6","999.9"," 0","999.9","999.9","  80.6"," ","  71.6"," "," 0.00","G","999.9","010000"
"65545099999","2025-06-28","8.05","-2.7833333","370.0","BONDOUKOU SOKO, IV","  78.1"," 6","  72.7"," 6","1012.7"," 6","971.5"," 6","  5.2"," 6","999.9"," 0","999.9","999.9","  84.9"," ","  72.5","*"," 0.00","E","999.9","100000"
"65545099999","2025-06-29","8.05","-2.7833333","370.0","BONDOUKOU SOKO, IV","  79.7"," 7","  72.4"," 7","1012.2"," 7","971.1"," 7","  4.8"," 7","999.9"," 0","999.9","999.9","  87.4"," ","  72.7"," "," 0.00","G","999.9","100000"
"65545099999","2025-06-30","8.05","-2.7833333","370.0","BONDOUKOU SOKO, IV","  78.3"," 8","  73.1"," 8","1011.5"," 8","970.3"," 8","  5.9"," 8","999.9"," 0","999.9","999.9","  85.3"," ","  70.9"," "," 1.06","G","999.9","010010"
"65545099999","2025-07-01","8.05","-2.7833333","370.0","BONDOUKOU SOKO, IV","  76.2"," 8","  72.4"," 7","1013.0"," 8","971.7"," 8","  5.4"," 8","999.9"," 0","999.9","999.9","  82.4"," ","  73.0","*"," 0.00","G","999.9","010000"
"65545099999","2025-07-02","8.05","-2.7833333","370.0","BONDOUKOU SOKO, IV","  77.7"," 7","  71.3"," 7","1013.5"," 7","972.2"," 7","  5.9"," 7","999.9"," 0","999.9","999.9","  85.1"," ","  71.6"," "," 0.02","G","999.9","000000"
"65545099999","2025-07-03","8.05","-2.7833333","370.0","BONDOUKOU SOKO, IV","  76.5"," 7","  72.0"," 7","1013.6"," 7","972.3"," 7","  5.3"," 7","999.9"," 0","999.9","999.9","  83.1"," ","  72.5"," "," 0.00","G","999.9","010000"
"65545099999","2025-07-04","8.05","-2.7833333","370.0","BONDOUKOU SOKO, IV","  78.6"," 7","  72.3"," 7","1013.5"," 7","972.3"," 7","  5.5"," 7","999.9"," 0","999.9","999.9","  87.6"," ","  73.4"," "," 0.20","G","999.9","010010"
"65545099999","2025-07-05","8.05","-2.7833333","370.0","BONDOUKOU SOKO, IV","  75.9"," 8","  72.0"," 8","1014.0"," 8","972.6"," 8","  5.1"," 8","999.9"," 0","999.9","999.9","  84.0"," ","  72.3"," "," 2.48","G","999.9","010010"
"65545099999","2025-07-06","8.05","-2.7833333","370.0","BONDOUKOU SOKO, IV","  77.9"," 6","  71.6"," 6","1013.6"," 6","972.4"," 6","  5.0"," 6","999.9"," 0","999.9","999.9","  82.6"," ","  73.8","*"," 0.00","G","999.9","010000"
"65545099999","2025-07-07","8.05","-2.7833333","370.0","BONDOUKOU SOKO, IV","  77.5"," 7","  72.1"," 7","1013.8"," 7","972.5"," 7","  5.0"," 7","999.9"," 0","999.9","999.9","  84.2"," ","  72.5"," "," 0.00","G","999.9","000000"
"65545099999","2025-07-08","8.05","-2.7833333","370.0","BONDOUKOU SOKO, IV","  77.4"," 8","  72.8"," 8","1014.4"," 8","973.0"," 8","  5.0"," 8","999.9"," 0","999.9","999.9","  82.8"," ","  74.7"," "," 0.00","G","999.9","010000"
"65545099999","2025-07-09","8.05","-2.7833333","370.0","BONDOUKOU SOKO, IV","  74.9"," 7","  72.8"," 7","1015.6"," 7","974.0"," 7","  5.0"," 7","999.9"," 0","999.9","999.9","  79.2"," ","  72.7"," "," 0.04","G","999.9","010000"
"65545099999","2025-07-10","8.05","-2.7833333","370.0","BONDOUKOU SOKO, IV","  74.9"," 8","  71.4"," 8","1015.3"," 8","973.8"," 8","  4.5"," 8","999.9"," 0","999.9","999.9","  78.6"," ","  72.5"," "," 0.04","G","999.9","010000"
"65545099999","2025-07-11","8.05","-2.7833333","370.0","BONDOUKOU SOKO, IV","  73.9"," 4","  70.8"," 4","1013.9"," 4","972.3"," 4","  5.3"," 4","999.9"," 0","999.9","999.9","  78.6"," ","  71.6","*"," 0.00","G","999.9","000000"
"65545099999","2025-07-12","8.05","-2.7833333","370.0","BONDOUKOU SOKO, IV","  74.4"," 8","  69.9"," 8","1013.0"," 8","971.5"," 8","  4.5"," 8","999.9"," 0","999.9","999.9","  79.2"," ","  71.6"," "," 0.00","G","999.9","000000"
"65545099999","2025-07-13","8.05","-2.7833333","370.0","BONDOUKOU SOKO, IV","  75.1"," 8","  70.0"," 8","1013.9"," 8","972.4"," 8","  4.8"," 8","999.9"," 0","999.9","999.9","  80.6"," ","  70.7"," "," 0.00","G","999.9","010000"
"65545099999","2025-07-14","8.05","-2.7833333","370.0","BONDOUKOU SOKO, IV","  77.5"," 6","  71.3"," 6","1016.3"," 6","974.9"," 6","  6.0"," 6","999.9"," 0","999.9","999.9","  82.8"," ","  72.7","*"," 0.00","E","999.9","000000"
"65545099999","2025-07-15","8.05","-2.7833333","370.0","BONDOUKOU SOKO, IV","  76.6"," 7","  69.1"," 7","1015.8"," 7","974.3"," 7","  5.7"," 7","999.9"," 0","999.9","999.9","  87.8"," ","  68.9"," "," 0.00","E","999.9","000000"
"65545099999","2025-07-16","8.05","-2.7833333","370.0","BONDOUKOU SOKO, IV","  77.9"," 7","  70.6"," 7","1013.4"," 7","972.1"," 7","  6.2"," 7","999.9"," 0","999.9","999.9","  85.1"," ","  72.3"," "," 0.00","G","999.9","000000"
"65545099999","2025-07-17","8.05","-2.7833333","370.0","BONDOUKOU SOKO, IV","  78.0"," 8","  70.6"," 8","1013.8"," 8","972.8"," 7","  5.6"," 8","999.9"," 0","999.9","999.9","  86.9"," ","  71.8"," "," 0.00","G","999.9","000000"
"65545099999","2025-07-18","8.05","-2.7833333","370.0","BONDOUKOU SOKO, IV","  78.3"," 8","  70.8"," 8","1015.0"," 8","973.7"," 8","  5.6"," 8","999.9"," 0","999.9","999.9","  86.0"," ","  72.7"," "," 0.01","G","999.9","010000"
"65545099999","2025-07-19","8.05","-2.7833333","370.0","BONDOUKOU SOKO, IV","  75.9"," 8","  70.3"," 8","1015.1"," 8","973.7"," 8","  5.3"," 8","999.9"," 0","999.9","999.9","  84.0"," ","  71.4"," "," 0.00","G","999.9","000000"
"65545099999","2025-07-20","8.05","-2.7833333","370.0","BONDOUKOU SOKO, IV","  75.2"," 6","  70.5"," 6","1013.0"," 6","971.7"," 6","  4.8"," 6","999.9"," 0","999.9","999.9","  81.5"," ","  70.7"," "," 0.00","G","999.9","010000"
"65545099999","2025-07-21","8.05","-2.7833333","370.0","BONDOUKOU SOKO, IV","  76.8"," 8","  71.3"," 8","1012.7"," 8","971.4"," 8","  5.6"," 8","999.9"," 0","999.9","999.9","  84.4"," ","  71.6"," "," 0.02","G","999.9","000000"
"65545099999","2025-07-22","8.05","-2.7833333","370.0","BONDOUKOU SOKO, IV","  76.6"," 7","  71.2"," 7","1012.9"," 7","971.6"," 7","  5.3"," 7","999.9"," 0","999.9","999.9","  81.1"," ","  72.5"," "," 0.00","G","999.9","000000"
"65545099999","2025-07-23","8.05","-2.7833333","370.0","BONDOUKOU SOKO, IV","  75.3"," 5","  70.8"," 5","1013.1"," 5","971.7"," 5","  5.7"," 5","999.9"," 0","999.9","999.9","  81.7"," ","  72.7","*"," 0.00","H","999.9","010000"
"65545099999","2025-07-24","8.05","-2.7833333","370.0","BONDOUKOU SOKO, IV","  76.0"," 7","  70.1"," 7","1013.6"," 7","972.2"," 7","  5.3"," 7","999.9"," 0","999.9","999.9","  82.8"," ","  70.7"," "," 0.00","G","999.9","000000"
"65545099999","2025-07-25","8.05","-2.7833333","370.0","BONDOUKOU SOKO, IV","  74.8"," 8","  69.1"," 8","1013.8"," 8","972.3"," 8","  5.4"," 8","999.9"," 0","999.9","999.9","  81.5"," ","  70.0"," "," 0.00","G","999.9","000000"
"65545099999","2025-07-26","8.05","-2.7833333","370.0","BONDOUKOU SOKO, IV","  77.1"," 8","  69.0"," 8","1014.0"," 8","972.6"," 8","  6.1"," 8","999.9"," 0","999.9","999.9","  85.1"," ","  70.7"," "," 0.00","G","999.9","000000"
"65545099999","2025-07-27","8.05","-2.7833333","370.0","BONDOUKOU SOKO, IV","  75.1"," 5","  69.4"," 5","1014.7"," 5","973.2"," 5","  6.0"," 5","999.9"," 0","999.9","999.9","  81.9","*","  71.2"," "," 0.00","G","999.9","000000"
"65545099999","2025-07-28","8.05","-2.7833333","370.0","BONDOUKOU SOKO, IV","  75.4"," 5","  70.0"," 5","1013.7"," 5","972.2"," 5","  5.2"," 5","999.9"," 0","999.9","999.9","  80.4"," ","  71.6"," "," 0.00","G","999.9","000000"
"65545099999","2025-07-29","8.05","-2.7833333","370.0","BONDOUKOU SOKO, IV","  77.5"," 5","  71.2"," 5","1014.2"," 5","972.8"," 5","  4.7"," 5","999.9"," 0","999.9","999.9","  85.8"," ","  71.8","*"," 0.00","E","999.9","000010"
"65545099999","2025-07-30","8.05","-2.7833333","370.0","BONDOUKOU SOKO, IV","  76.0"," 8","  70.9"," 8","1014.1"," 8","972.7"," 8","  5.0"," 8","999.9"," 0","999.9","999.9","  82.0"," ","  71.6"," "," 0.00","G","999.9","000000"
"65545099999","2025-07-31","8.05","-2.7833333","370.0","BONDOUKOU SOKO, IV","  77.2"," 7","  71.5"," 7","1014.9"," 7","973.5"," 7","  5.7"," 7","999.9"," 0","999.9","999.9","  84.2"," ","  74.3","*"," 0.00","E","999.9","000000"
"65545099999","2025-08-01","8.05","-2.7833333","370.0","BONDOUKOU SOKO, IV","  75.9"," 6","  70.6"," 6","1014.6"," 6","973.2"," 6","  5.4"," 6","999.9"," 0","999.9","999.9","  79.7"," ","  72.5"," "," 0.00","G","999.9","000000"
"65545099999","2025-08-02","8.05","-2.7833333","370.0","BONDOUKOU SOKO, IV","  75.7"," 6","  70.9"," 6","1015.0"," 6","973.5"," 6","  5.2"," 6","999.9"," 0","999.9","999.9","  82.4","*","  72.3"," "," 0.00","G","999.9","000000"
"65545099999","2025-08-03","8.05","-2.7833333","370.0","BONDOUKOU SOKO, IV","  75.5"," 7","  70.9"," 7","1013.7"," 7","972.2"," 7","  5.1"," 7","999.9"," 0","999.9","999.9","  83.1"," ","  70.9"," "," 0.00","E","999.9","000000"
"65545099999","2025-08-04","8.05","-2.7833333","370.0","BONDOUKOU SOKO, IV","  76.2"," 6","  70.9"," 6","1013.4"," 6","972.0"," 6","  5.8"," 6","999.9"," 0","999.9","999.9","  83.3"," ","  70.7","*"," 0.08","E","999.9","100000"
"65545099999","2025-08-05","8.05","-2.7833333","370.0","BONDOUKOU SOKO, IV","  75.6"," 6","  71.6"," 6","1014.5"," 6","973.0"," 6","  4.8"," 6","999.9"," 0","999.9","999.9","  81.5","*","  71.6"," "," 0.04","E","999.9","010000"
"65545099999","2025-08-06","8.05","-2.7833333","370.0","BONDOUKOU SOKO, IV","  75.9"," 8","  71.2"," 8","1013.6"," 8","972.2"," 8","  5.7"," 8","999.9"," 0","999.9","999.9","  82.4"," ","  71.6"," "," 0.00","E","999.9","010000"
"65545099999","2025-08-07","8.05","-2.7833333","370.0","BONDOUKOU SOKO, IV","  73.1"," 5","  70.6"," 5","1012.7"," 5","971.2"," 5","  4.8"," 5","999.9"," 0","999.9","999.9","  80.6"," ","  70.7","*"," 0.00","E","999.9","000000"
"65545099999","2025-08-08","8.05","-2.7833333","370.0","BONDOUKOU SOKO, IV","  74.4"," 7","  70.2"," 7","1011.9"," 7","970.4"," 7","  5.9"," 7","999.9"," 0","999.9","999.9","  82.0"," ","  70.7"," "," 0.00","G","999.9","010000"
"65545099999","2025-08-09","8.05","-2.7833333","370.0","BONDOUKOU SOKO, IV","  77.8"," 6","  69.7"," 6","1012.6"," 6","971.4"," 6","  6.0"," 6","999.9"," 0","999.9","999.9","  84.6"," ","  72.5","*"," 0.00","E","999.9","000000"
"65545099999","2025-08-10","8.05","-2.7833333","370.0","BONDOUKOU SOKO, IV","  74.8"," 8","  70.7"," 8","1012.1"," 8","970.7"," 8","  5.6"," 8","999.9"," 0","999.9","999.9","  80.6"," ","  72.5"," "," 0.00","G","999.9","000000"
"65545099999","2025-08-11","8.05","-2.7833333","370.0","BONDOUKOU SOKO, IV","  75.2"," 8","  70.4"," 8","1012.0"," 8","970.6"," 8","  5.6"," 8","999.9"," 0","999.9","999.9","  80.4"," ","  71.2"," "," 0.00","G","999.9","000000"
"65545099999","2025-08-12","8.05","-2.7833333","370.0","BONDOUKOU SOKO, IV","  75.0"," 7","  69.7"," 7","1012.9"," 7","971.4"," 7","  6.0"," 7","999.9"," 0","999.9","999.9","  78.6","*","  70.7"," "," 0.00","G","999.9","000000"
"65545099999","2025-08-13","8.05","-2.7833333","370.0","BONDOUKOU SOKO, IV","  74.5"," 6","  69.9"," 6","1013.3"," 6","971.8"," 6","  5.2"," 6","999.9"," 0","999.9","999.9","  78.8"," ","  70.7"," "," 0.00","G","999.9","000000"
"65545099999","2025-08-14","8.05","-2.7833333","370.0","BONDOUKOU SOKO, IV","  77.2"," 4","  69.4"," 4","1014.5"," 4","973.2"," 4","  5.6"," 4","999.9"," 0","999.9","999.9","  81.1"," ","  73.4","*"," 0.00","E","999.9","000000"
"65545099999","2025-08-15","8.05","-2.7833333","370.0","BONDOUKOU SOKO, IV","  72.9"," 5","  68.2"," 5","1016.0"," 5","974.3"," 5","  6.2"," 5","999.9"," 0","999.9","999.9","  76.1","*","  69.8"," "," 0.00","G","999.9","000000"
"65545099999","2025-08-16","8.05","-2.7833333","370.0","BONDOUKOU SOKO, IV","  72.8"," 6","  69.1"," 6","1013.3"," 6","971.6"," 6","  5.6"," 6","999.9"," 0","999.9","999.9","  79.7","*","  69.8"," "," 0.00","G","999.9","000000"
"65545099999","2025-08-17","8.05","-2.7833333","370.0","BONDOUKOU SOKO, IV","  75.8"," 6","  70.2"," 6","1012.1"," 6","970.8"," 6","  5.4"," 6","999.9"," 0","999.9","999.9","  80.6"," ","  73.2","*"," 0.00","E","999.9","010000"
"65545099999","2025-08-18","8.05","-2.7833333","370.0","BONDOUKOU SOKO, IV","  74.1"," 8","  70.5"," 8","1013.7"," 8","972.1"," 8","  4.7"," 8","999.9"," 0","999.9","999.9","  80.1"," ","  70.5"," "," 0.00","G","999.9","010000"
"65545099999","2025-08-19","8.05","-2.7833333","370.0","BONDOUKOU SOKO, IV","  74.3"," 7","  70.9"," 7","1014.3"," 7","972.7"," 7","  5.3"," 7","999.9"," 0","999.9","999.9","  79.5","*","  71.2"," "," 0.08","G","999.9","000000"
"65545099999","2025-08-20","8.05","-2.7833333","370.0","BONDOUKOU SOKO, IV","  76.8"," 7","  70.5"," 7","1013.6"," 7","972.2"," 7","  5.9"," 7","999.9"," 0","999.9","999.9","  84.9"," ","  71.1"," "," 0.00","G","999.9","000000"
"65545099999","2025-08-21","8.05","-2.7833333","370.0","BONDOUKOU SOKO, IV","  77.2"," 5","  69.7"," 5","1013.1"," 5","971.8"," 5","  5.5"," 5","999.9"," 0","999.9","999.9","  82.0"," ","  71.6","*"," 0.00","E","999.9","000000"
"65545099999","2025-08-22","8.05","-2.7833333","370.0","BONDOUKOU SOKO, IV","  75.7"," 8","  69.9"," 8","1013.2"," 8","971.8"," 8","  5.4"," 8","999.9"," 0","999.9","999.9","  83.1"," ","  72.0"," "," 0.00","G","999.9","000000"
"65545099999","2025-08-23","8.05","-2.7833333","370.0","BONDOUKOU SOKO, IV","  74.1"," 6","  68.7"," 6","1012.3"," 6","970.8"," 6","  6.2"," 6","999.9"," 0","999.9","999.9","  84.2","*","  68.2"," "," 0.00","G","999.9","000000"
"65545099999","2025-08-24","8.05","-2.7833333","370.0","BONDOUKOU SOKO, IV","  76.3"," 6","  70.3"," 6","1012.8"," 6","971.5"," 6","  5.8"," 6","999.9"," 0","999.9","999.9","  85.8"," ","  72.3"," "," 0.00","G","999.9","000000"
