"STATION","DATE","LATITUDE","LONGITUDE","ELEVATION","NAME","TEMP","TEMP_ATTRIBUTES","DEWP","DEWP_ATTRIBUTES","SLP","SLP_ATTRIBUTES","STP","STP_ATTRIBUTES","VISIB","VISIB_ATTRIBUTES","WDSP","WDSP_ATTRIBUTES","MXSPD","GUST","MAX","MAX_ATTRIBUTES","MIN","MIN_ATTRIBUTES","PRCP","PRCP_ATTRIBUTES","SNDP","FRSHTT"
"71237099999","2025-01-01","51.4333333","-112.6666666","678.0","DRUMHELLER EAST ALTA, CA","   7.6","24","   3.2","24","1028.8","24","943.5"," 8","999.9"," 0","  1.5","24","  7.0","999.9","  18.3"," ","   1.0"," "," 0.05","G","  8.7","000000"
"71237099999","2025-01-02","51.4333333","-112.6666666","678.0","DRUMHELLER EAST ALTA, CA","   1.0","24","  -3.9","24","1032.5","24","945.8"," 8","999.9"," 0","  1.1","24","  4.1","999.9","  10.8"," ","  -3.6"," "," 0.04","G","  7.5","000000"
"71237099999","2025-01-03","51.4333333","-112.6666666","678.0","DRUMHELLER EAST ALTA, CA","  -9.6","24"," -14.5","24","1037.1","24","949.5"," 8","999.9"," 0","  5.1","24"," 12.0"," 15.9","   6.3"," "," -20.7"," "," 0.00","G","  8.3","000000"
"71237099999","2025-01-04","51.4333333","-112.6666666","678.0","DRUMHELLER EAST ALTA, CA","  -0.0","24","  -6.3","24","1028.1","24","942.0"," 8","999.9"," 0","  9.4","24"," 12.0"," 15.0","   2.7","*","  -2.6","*"," 0.00","G","  7.9","000000"
"71237099999","2025-01-05","51.4333333","-112.6666666","678.0","DRUMHELLER EAST ALTA, CA","   3.5","24","  -2.2","24","1029.4","24","943.2"," 8","999.9"," 0","  3.1","24","  5.1","999.9","   9.5","*","  -1.1","*"," 0.00","G","  8.3","000000"
"71237099999","2025-01-06","51.4333333","-112.6666666","678.0","DRUMHELLER EAST ALTA, CA","   8.7","24","   3.1","24","1034.8","24","948.6"," 8","999.9"," 0","  2.8","24","  7.0","999.9","  15.8","*","   3.0","*"," 0.00","G","  8.7","000000"
"71237099999","2025-01-07","51.4333333","-112.6666666","678.0","DRUMHELLER EAST ALTA, CA","   3.5","23","  -1.1","23","1034.8","23","949.6"," 7","999.9"," 0","  3.2","23","  9.9","999.9","  16.5"," ","  -4.9"," "," 0.00","G","  8.3","000000"
"71237099999","2025-01-08","51.4333333","-112.6666666","678.0","DRUMHELLER EAST ALTA, CA","  22.7","24","  16.4","24","1019.0","24","935.2"," 8","999.9"," 0","  3.8","24","  9.9","999.9","  39.6","*","   9.5","*"," 0.00","G","  8.7","000000"
"71237099999","2025-01-09","51.4333333","-112.6666666","678.0","DRUMHELLER EAST ALTA, CA","  15.6","24","  11.1","24","1031.5","24","946.8"," 7","999.9"," 0","  1.9","24","  5.1","999.9","  40.3"," ","   0.5"," "," 0.00","G","  8.3","000000"
"71237099999","2025-01-10","51.4333333","-112.6666666","678.0","DRUMHELLER EAST ALTA, CA","  22.2","24","  17.8","24","1013.6","24","931.1"," 8","999.9"," 0","  5.1","24","  9.9","999.9","  37.4","*","  14.7","*"," 0.00","G","  8.3","000000"
"71237099999","2025-01-11","51.4333333","-112.6666666","678.0","DRUMHELLER EAST ALTA, CA","  36.3","24","  30.7","24","1012.0","24","929.6"," 8","999.9"," 0","  8.0","24"," 13.0"," 18.1","  40.3"," ","  18.5"," "," 0.05","G","  8.3","000000"
"71237099999","2025-01-12","51.4333333","-112.6666666","678.0","DRUMHELLER EAST ALTA, CA","  29.0","20","  26.4","20","1023.4","20","940.4"," 8","999.9"," 0","  1.7","20","  5.1","999.9","  39.7"," ","  25.5"," "," 0.04","G","  8.3","000000"
"71237099999","2025-01-13","51.4333333","-112.6666666","678.0","DRUMHELLER EAST ALTA, CA","  24.8","22","  19.3","22","1021.9","22","939.1"," 8","999.9"," 0","  2.2","22","  5.1","999.9","  35.2"," ","  16.5"," "," 0.00","G","  8.3","000000"
"71237099999","2025-01-14","51.4333333","-112.6666666","678.0","DRUMHELLER EAST ALTA, CA","  23.4","24","  17.3","24","1023.6","24","940.0"," 8","999.9"," 0","  2.0","24","  6.0","999.9","  39.2","*","  10.8","*"," 0.00","G","  8.3","000000"
"71237099999","2025-01-15","51.4333333","-112.6666666","678.0","DRUMHELLER EAST ALTA, CA","  28.1","24","  23.7","24","1022.6","24","939.3"," 8","999.9"," 0","  1.6","24","  6.0","999.9","  39.6"," ","   9.0"," "," 0.00","G","  8.3","000000"
"71237099999","2025-01-16","51.4333333","-112.6666666","678.0","DRUMHELLER EAST ALTA, CA","  35.5","23","  25.9","23","1009.7","23","928.4"," 8","999.9"," 0","  7.4","23"," 15.0"," 23.9","  48.9"," ","  18.7"," "," 0.00","G","  8.3","000000"
"71237099999","2025-01-17","51.4333333","-112.6666666","678.0","DRUMHELLER EAST ALTA, CA","  22.3","21","  13.6","21","1022.0","21","937.1"," 8","999.9"," 0"," 10.2","21"," 21.0"," 37.9","  48.9"," ","  16.2"," "," 0.00","G","  7.9","000000"
"71237099999","2025-01-18","51.4333333","-112.6666666","678.0","DRUMHELLER EAST ALTA, CA","   2.0","23","  -4.8","23","1041.1","23","954.2"," 8","999.9"," 0","  4.7","23"," 11.1"," 16.9","  25.0"," "," -12.8"," "," 0.03","G","  8.7","000000"
"71237099999","2025-01-19","51.4333333","-112.6666666","678.0","DRUMHELLER EAST ALTA, CA"," -13.0","24"," -19.3","24","1041.6","24","953.1"," 8","999.9"," 0","  2.9","24","  6.0","999.9","  -2.9","*"," -19.7","*"," 0.00","G","  8.7","000000"
"71237099999","2025-01-20","51.4333333","-112.6666666","678.0","DRUMHELLER EAST ALTA, CA"," -15.7","24"," -22.0","24","1041.2","24","953.3"," 8","999.9"," 0","  3.9","24","  8.9","999.9","   2.1","*"," -26.0","*"," 0.00","G","  8.7","000000"
"71237099999","2025-01-21","51.4333333","-112.6666666","678.0","DRUMHELLER EAST ALTA, CA","  10.4","24","   2.6","24","1018.0","24","933.0"," 8","999.9"," 0","  2.9","24","  9.9"," 19.0","  33.4","*","  -2.7","*"," 0.00","G","  8.7","000000"
"71237099999","2025-01-22","51.4333333","-112.6666666","678.0","DRUMHELLER EAST ALTA, CA","  29.8","23","  21.8","23","1028.1","23","943.0"," 7","999.9"," 0"," 11.5","23"," 18.1"," 28.9","  32.2","*","  27.7","*"," 0.00","G","  8.7","000000"
"71237099999","2025-01-23","51.4333333","-112.6666666","678.0","DRUMHELLER EAST ALTA, CA","  16.9","18","  11.3","18","1027.3","18","946.8"," 5","999.9"," 0","  3.0","18","  7.0","999.9","  32.9","*","   8.1","*"," 0.00","G","  8.7","000000"
"71237099999","2025-01-24","51.4333333","-112.6666666","678.0","DRUMHELLER EAST ALTA, CA","  26.4","24","  17.2","24","1021.2","24","937.5"," 8","999.9"," 0","  6.6","24"," 15.9"," 27.0","  35.2"," ","   6.1"," "," 0.00","G","  9.1","000000"
"71237099999","2025-01-25","51.4333333","-112.6666666","678.0","DRUMHELLER EAST ALTA, CA","  20.3","24","  12.0","24","1028.2","24","944.1"," 8","999.9"," 0","  3.8","24"," 13.0"," 18.1","  31.6"," ","  10.8"," "," 0.00","G","  8.7","000000"
"71237099999","2025-01-26","51.4333333","-112.6666666","678.0","DRUMHELLER EAST ALTA, CA","  19.1","24","  10.6","24","1022.6","24","939.0"," 8","999.9"," 0","  0.9","24","  2.9","999.9","  36.5","*","   7.5","*"," 0.00","G","  8.7","000000"
"71237099999","2025-01-27","51.4333333","-112.6666666","678.0","DRUMHELLER EAST ALTA, CA","  22.0","24","  15.8","24","1019.4","24","935.9"," 8","999.9"," 0","  2.0","24","  5.1","999.9","  39.7","*","  11.1","*"," 0.00","G","  8.7","000000"
"71237099999","2025-01-28","51.4333333","-112.6666666","678.0","DRUMHELLER EAST ALTA, CA","  26.0","24","  19.1","24","1015.9","24","933.0"," 8","999.9"," 0","  1.7","24","  6.0","999.9","  41.4"," ","  10.0"," "," 0.00","G","  8.7","000000"
"71237099999","2025-01-29","51.4333333","-112.6666666","678.0","DRUMHELLER EAST ALTA, CA","  26.0","24","  20.1","24","1010.6","24","928.6"," 8","999.9"," 0","  2.9","24","  8.0","999.9","  37.4"," ","  14.7"," "," 0.00","G","  8.7","000000"
"71237099999","2025-01-30","51.4333333","-112.6666666","678.0","DRUMHELLER EAST ALTA, CA","  16.3","24","  11.3","24","1011.4","24","928.1"," 8","999.9"," 0","  0.9","24","  4.1","999.9","  33.1"," ","   5.7"," "," 0.00","G","  8.7","000000"
"71237099999","2025-01-31","51.4333333","-112.6666666","678.0","DRUMHELLER EAST ALTA, CA","  19.4","24","  15.0","24","1013.7","24","931.9"," 7","999.9"," 0","  8.3","24"," 12.0"," 15.9","  27.9"," ","   5.7"," "," 0.00","G","  8.7","000000"
"71237099999","2025-02-01","51.4333333","-112.6666666","678.0","DRUMHELLER EAST ALTA, CA","  11.4","24","   5.8","24","1008.5","24","924.8"," 8","999.9"," 0","  8.5","24"," 16.9"," 24.9","  18.9","*","   1.4","*"," 0.00","G","  8.7","000000"
"71237099999","2025-02-02","51.4333333","-112.6666666","678.0","DRUMHELLER EAST ALTA, CA","  -7.5","24"," -17.6","24","1024.9","24","938.3"," 8","999.9"," 0","  7.2","24"," 13.0"," 18.1","   0.5","*"," -10.5","*"," 0.01","G","  8.7","000000"
"71237099999","2025-02-03","51.4333333","-112.6666666","678.0","DRUMHELLER EAST ALTA, CA"," -14.9","24"," -22.7","24","1036.4","24","948.0"," 8","999.9"," 0","  2.9","24","  8.9","999.9","  -6.2"," "," -20.6"," "," 0.00","G","  8.7","000000"
"71237099999","2025-02-04","51.4333333","-112.6666666","678.0","DRUMHELLER EAST ALTA, CA","  -9.0","24"," -17.0","24","1037.7","24","949.9"," 8","999.9"," 0","  2.7","24","  8.0","999.9","  -5.1","*"," -11.7","*"," 0.06","G","  9.1","000000"
"71237099999","2025-02-05","51.4333333","-112.6666666","678.0","DRUMHELLER EAST ALTA, CA","  -6.7","24"," -13.8","24","1025.2","24","939.3"," 8","999.9"," 0","  5.6","24","  7.0","999.9","  -4.7"," "," -10.7"," "," 0.07","G"," 10.2","000000"
"71237099999","2025-02-06","51.4333333","-112.6666666","678.0","DRUMHELLER EAST ALTA, CA","  -4.7","24"," -12.1","24","1021.4","24","935.1"," 8","999.9"," 0","  2.4","24","  9.9","999.9","  14.5","*"," -14.8","*"," 0.09","G"," 11.8","000000"
"71237099999","2025-02-07","51.4333333","-112.6666666","678.0","DRUMHELLER EAST ALTA, CA","  -0.2","24","  -6.0","24","1026.9","24","940.5"," 7","999.9"," 0","  1.6","24","  7.0","999.9","  14.9"," "," -16.4"," "," 0.00","G"," 11.8","000000"
"71237099999","2025-02-08","51.4333333","-112.6666666","678.0","DRUMHELLER EAST ALTA, CA","  -1.0","24","  -6.9","24","1025.7","24","939.7"," 8","999.9"," 0","  3.6","24","  8.9","999.9","  13.1"," "," -13.4"," "," 0.00","G"," 11.4","000000"
"71237099999","2025-02-09","51.4333333","-112.6666666","678.0","DRUMHELLER EAST ALTA, CA","   0.9","24","  -6.5","24","1033.2","24","945.9"," 7","999.9"," 0","  3.7","24","  8.9","999.9","  11.8"," "," -13.4"," "," 0.00","G"," 11.4","000000"
"71237099999","2025-02-10","51.4333333","-112.6666666","678.0","DRUMHELLER EAST ALTA, CA"," -11.2","23"," -20.7","23","1042.7","23","954.5"," 7","999.9"," 0","  3.6","23","  9.9","999.9","   9.3"," "," -30.3"," "," 0.00","G"," 11.0","000000"
"71237099999","2025-02-11","51.4333333","-112.6666666","678.0","DRUMHELLER EAST ALTA, CA","  -8.8","22"," -16.0","22","1030.4","22","943.7"," 6","999.9"," 0","  2.6","22","  7.0","999.9","   7.7","*"," -20.0","*"," 0.00","G"," 11.0","000000"
"71237099999","2025-02-12","51.4333333","-112.6666666","678.0","DRUMHELLER EAST ALTA, CA","  -5.6","24"," -11.7","24","1023.3","24","937.7"," 8","999.9"," 0","  5.8","24","  8.9","999.9","   6.6"," "," -20.0"," "," 0.00","G"," 11.4","000000"
"71237099999","2025-02-13","51.4333333","-112.6666666","678.0","DRUMHELLER EAST ALTA, CA","   3.5","24","  -3.1","24","1015.3","24","930.0"," 8","999.9"," 0","  2.9","24","  8.9","999.9","   9.5","*","  -1.3","*"," 0.01","G"," 11.0","000000"
"71237099999","2025-02-14","51.4333333","-112.6666666","678.0","DRUMHELLER EAST ALTA, CA","   1.4","24","  -7.3","24","1024.0","24","938.0"," 8","999.9"," 0","  3.9","24","  7.0","999.9","   9.5"," ","  -1.7"," "," 0.00","G"," 11.4","000000"
"71237099999","2025-02-15","51.4333333","-112.6666666","678.0","DRUMHELLER EAST ALTA, CA","  -6.1","24"," -13.4","24","1035.6","24","948.2"," 8","999.9"," 0","  1.6","24","  6.0","999.9","   2.7"," "," -19.7"," "," 0.00","G"," 11.4","000000"
"71237099999","2025-02-16","51.4333333","-112.6666666","678.0","DRUMHELLER EAST ALTA, CA"," -17.5","23"," -23.9","23","1036.8","23","948.6"," 7","999.9"," 0","  0.9","23","  6.0","999.9","   2.1"," "," -29.2"," "," 0.00","G"," 11.4","000000"
"71237099999","2025-02-17","51.4333333","-112.6666666","678.0","DRUMHELLER EAST ALTA, CA"," -16.5","24"," -23.0","24","1031.9","24","943.8"," 8","999.9"," 0","  9.4","24"," 15.0"," 19.0","  -4.0"," "," -29.2"," "," 0.00","G"," 11.4","000000"
"71237099999","2025-02-18","51.4333333","-112.6666666","678.0","DRUMHELLER EAST ALTA, CA"," -16.7","24"," -24.8","24","1039.1","24","950.0"," 8","999.9"," 0","  6.6","24"," 14.0","999.9"," -11.0","*"," -22.2","*"," 0.00","G"," 11.4","000000"
"71237099999","2025-02-19","51.4333333","-112.6666666","678.0","DRUMHELLER EAST ALTA, CA"," -15.1","24"," -23.1","24","1034.7","24","947.0"," 8","999.9"," 0","  9.2","24"," 13.0"," 16.9","   0.5","*"," -20.9","*"," 0.00","G"," 11.4","000000"
"71237099999","2025-02-20","51.4333333","-112.6666666","678.0","DRUMHELLER EAST ALTA, CA","  -3.1","21"," -10.4","21","1021.9","21","935.8"," 7","999.9"," 0","  3.9","21","  8.9","999.9","  20.3","*","  -9.6","*"," 0.00","G"," 11.4","000000"
"71237099999","2025-02-21","51.4333333","-112.6666666","678.0","DRUMHELLER EAST ALTA, CA","  14.4","24","   7.3","24","1019.8","24","935.5"," 8","999.9"," 0","  3.9","24","  8.0","999.9","  34.5","*","   4.5","*"," 0.00","G"," 11.4","000000"
"71237099999","2025-02-22","51.4333333","-112.6666666","678.0","DRUMHELLER EAST ALTA, CA","  25.2","24","  18.4","24","1011.0","24","928.5"," 8","999.9"," 0","  4.8","24","  8.9","999.9","  43.9","*","  16.5","*"," 0.00","G"," 11.4","000000"
"71237099999","2025-02-23","51.4333333","-112.6666666","678.0","DRUMHELLER EAST ALTA, CA","  40.5","24","  29.8","24","1000.4","24","920.1"," 8","999.9"," 0","  5.0","24"," 14.0"," 21.0","  47.8","*","  33.8","*"," 0.00","G"," 10.6","000000"
"71237099999","2025-02-24","51.4333333","-112.6666666","678.0","DRUMHELLER EAST ALTA, CA","  33.2","24","  23.3","24","1005.1","24","924.0"," 8","999.9"," 0","  3.0","24"," 13.0"," 19.0","  49.3"," ","  17.6"," "," 0.00","G","  9.1","000000"
"71237099999","2025-02-25","51.4333333","-112.6666666","678.0","DRUMHELLER EAST ALTA, CA","  30.3","24","  22.3","24","1005.3","24","923.6"," 8","999.9"," 0","  1.3","24","  2.9","999.9","  48.7"," ","  17.6"," "," 0.00","G","  8.7","000000"
"71237099999","2025-02-26","51.4333333","-112.6666666","678.0","DRUMHELLER EAST ALTA, CA","  29.1","24","  22.4","24","1017.1","24","934.1"," 8","999.9"," 0","  1.6","24","  5.1","999.9","  46.2"," ","  16.7"," "," 0.00","G","  8.7","000000"
"71237099999","2025-02-27","51.4333333","-112.6666666","678.0","DRUMHELLER EAST ALTA, CA","  40.4","24","  27.7","24","1013.4","24","932.2"," 8","999.9"," 0","  6.9","24"," 15.0"," 23.9","  54.7","*","  30.4","*"," 0.00","G","  8.3","000000"
"71237099999","2025-02-28","51.4333333","-112.6666666","678.0","DRUMHELLER EAST ALTA, CA","  35.6","16","  26.0","16","1016.9","16","934.4"," 5","999.9"," 0","  1.4","16","  5.1","999.9","  48.2","*","  25.5","*"," 0.00","G","999.9","000000"
"71237099999","2025-03-01","51.4333333","-112.6666666","678.0","DRUMHELLER EAST ALTA, CA","  34.2","24","  26.4","24","1016.5","24","934.7"," 8","999.9"," 0","  2.7","24","  6.0","999.9","  47.8"," ","  21.6"," "," 0.00","G","  5.9","000000"
"71237099999","2025-03-02","51.4333333","-112.6666666","678.0","DRUMHELLER EAST ALTA, CA","  29.9","23","  26.6","23","1010.5","23","928.8"," 8","999.9"," 0","  2.4","23","  5.1","999.9","  47.1"," ","  22.3"," "," 0.00","G","  4.7","000000"
"71237099999","2025-03-03","51.4333333","-112.6666666","678.0","DRUMHELLER EAST ALTA, CA","  33.9","24","  29.2","24","1016.3","24","933.7"," 8","999.9"," 0","  5.3","24","  9.9","999.9","  45.1"," ","  22.3"," "," 0.00","G","  3.9","000000"
"71237099999","2025-03-04","51.4333333","-112.6666666","678.0","DRUMHELLER EAST ALTA, CA","  29.0","24","  23.1","24","1021.6","24","938.9"," 8","999.9"," 0","  4.8","24"," 12.0"," 16.9","  40.5","*","  19.2","*"," 0.00","G","  3.5","000000"
"71237099999","2025-03-05","51.4333333","-112.6666666","678.0","DRUMHELLER EAST ALTA, CA","  30.5","24","  24.2","24","1015.3","24","933.0"," 8","999.9"," 0","  3.7","24","  8.9","999.9","  41.5"," ","  19.2"," "," 0.00","G","  2.4","000000"
"71237099999","2025-03-06","51.4333333","-112.6666666","678.0","DRUMHELLER EAST ALTA, CA","  28.2","24","  22.8","24","1014.9","24","932.8"," 8","999.9"," 0","  2.2","24","  6.0","999.9","  45.0","*","  18.1","*"," 0.00","G","  2.4","000000"
"71237099999","2025-03-07","51.4333333","-112.6666666","678.0","DRUMHELLER EAST ALTA, CA","  33.1","24","  22.8","24","1011.1","24","929.3"," 8","999.9"," 0","  2.2","24","  5.1","999.9","  50.5","*","  19.6","*"," 0.00","G","  0.8","000000"
"71237099999","2025-03-08","51.4333333","-112.6666666","678.0","DRUMHELLER EAST ALTA, CA","  39.1","24","  26.7","24","1010.4","24","929.2"," 8","999.9"," 0","  4.8","24","  8.9"," 15.9","  54.5","*","  28.2","*"," 0.00","G","  0.4","000000"
"71237099999","2025-03-09","51.4333333","-112.6666666","678.0","DRUMHELLER EAST ALTA, CA","  43.1","24","  28.2","24","1006.0","24","925.7"," 8","999.9"," 0","  5.5","24"," 15.0"," 21.0","  57.6","*","  31.1","*"," 0.00","G","  0.4","000000"
"71237099999","2025-03-10","51.4333333","-112.6666666","678.0","DRUMHELLER EAST ALTA, CA","  30.1","24","  23.2","24","1007.1","24","925.6"," 8","999.9"," 0","  6.4","24"," 13.0"," 19.0","  40.8","*","  21.0","*"," 0.02","G","  1.2","000000"
"71237099999","2025-03-11","51.4333333","-112.6666666","678.0","DRUMHELLER EAST ALTA, CA","  33.3","23","  23.0","23","1004.3","23","923.1"," 8","999.9"," 0","  5.0","23","  7.0","999.9","  46.6","*","  24.1","*"," 0.00","G","  0.4","000000"
"71237099999","2025-03-12","51.4333333","-112.6666666","678.0","DRUMHELLER EAST ALTA, CA","  31.8","24","  23.5","24","1004.6","24","923.1"," 7","999.9"," 0","  4.1","24"," 11.1"," 19.0","  47.8"," ","  22.5"," "," 0.00","G","  1.2","000000"
"71237099999","2025-03-13","51.4333333","-112.6666666","678.0","DRUMHELLER EAST ALTA, CA","  30.7","23","  27.5","22"," 997.2","23","916.9"," 8","999.9"," 0","  7.6","23"," 17.1"," 23.9","  39.6"," ","  24.4"," "," 0.00","G","  0.4","000000"
"71237099999","2025-03-14","51.4333333","-112.6666666","678.0","DRUMHELLER EAST ALTA, CA","  18.6","24","  10.8","24","1004.1","24","921.4"," 8","999.9"," 0","  8.7","24"," 14.0"," 20.0","  32.9"," ","  13.1"," "," 0.04","G","999.9","000000"
"71237099999","2025-03-15","51.4333333","-112.6666666","678.0","DRUMHELLER EAST ALTA, CA","  13.6","24","   5.7","24","1011.0","24","927.5"," 8","999.9"," 0","  3.8","24","  8.0","999.9","  22.8"," ","   7.5"," "," 0.00","G","  1.6","000000"
"71237099999","2025-03-16","51.4333333","-112.6666666","678.0","DRUMHELLER EAST ALTA, CA","  17.4","24","  11.8","24","1007.6","24","925.0"," 8","999.9"," 0","  6.0","24","  8.9","999.9","  25.2","*","  14.7","*"," 0.00","G","999.9","000000"
"71237099999","2025-03-17","51.4333333","-112.6666666","678.0","DRUMHELLER EAST ALTA, CA","  28.3","24","  20.5","24","1006.4","24","924.1"," 8","999.9"," 0","  2.9","24","  5.1","999.9","  45.9","*","  24.1","*"," 0.00","G","  0.4","000000"
"71237099999","2025-03-18","51.4333333","-112.6666666","678.0","DRUMHELLER EAST ALTA, CA","  30.8","24","  22.0","24","1014.9","24","932.2"," 8","999.9"," 0","  5.4","24","  8.9","999.9","  46.8"," ","  23.7"," "," 0.00","G","  0.4","000000"
"71237099999","2025-03-19","51.4333333","-112.6666666","678.0","DRUMHELLER EAST ALTA, CA","  31.8","24","  18.0","24","1022.1","24","939.6"," 8","999.9"," 0","  4.3","24","  9.9"," 15.0","  48.4","*","  16.5","*"," 0.00","G","999.9","000000"
"71237099999","2025-03-20","51.4333333","-112.6666666","678.0","DRUMHELLER EAST ALTA, CA","  34.1","24","  20.7","24","1007.3","24","926.3"," 8","999.9"," 0","  4.3","24","  7.0","999.9","  49.5"," ","  16.2"," "," 0.00","G","999.9","000000"
"71237099999","2025-03-21","51.4333333","-112.6666666","678.0","DRUMHELLER EAST ALTA, CA","  34.9","24","  22.6","24","1005.6","24","924.5"," 8","999.9"," 0","  4.9","24","  9.9"," 15.0","  55.0","*","  21.2","*"," 0.00","G","999.9","000000"
"71237099999","2025-03-22","51.4333333","-112.6666666","678.0","DRUMHELLER EAST ALTA, CA","  34.6","24","  21.2","24","1004.8","24","923.4"," 8","999.9"," 0","  4.3","24"," 12.0"," 18.1","  55.8"," ","  19.6"," "," 0.00","G","  0.4","000000"
"71237099999","2025-03-23","51.4333333","-112.6666666","678.0","DRUMHELLER EAST ALTA, CA","  35.3","24","  19.2","24","1012.3","24","930.7"," 8","999.9"," 0","  2.7","24","  7.0","999.9","  52.3","*","  21.0","*"," 0.00","G","999.9","000000"
"71237099999","2025-03-24","51.4333333","-112.6666666","678.0","DRUMHELLER EAST ALTA, CA","  41.5","24","  26.1","24","1009.2","24","928.0"," 8","999.9"," 0","  2.9","24","  8.0","999.9","  55.6","*","  27.9","*"," 0.00","G","  0.4","000000"
"71237099999","2025-03-25","51.4333333","-112.6666666","678.0","DRUMHELLER EAST ALTA, CA","  38.1","23","  26.9","23","1021.4","23","939.3"," 8","999.9"," 0","  2.6","23","  7.0","999.9","  56.5"," ","  22.6"," "," 0.00","G","999.9","000000"
"71237099999","2025-03-26","51.4333333","-112.6666666","678.0","DRUMHELLER EAST ALTA, CA","  44.3","22","  34.5","22","1019.6","22","938.3"," 8","999.9"," 0","  3.2","22","  8.9","999.9","  54.1"," ","  22.6"," "," 0.01","G","999.9","000000"
"71237099999","2025-03-27","51.4333333","-112.6666666","678.0","DRUMHELLER EAST ALTA, CA","  39.9","18","  31.2","18","1011.2","18","930.7"," 6","999.9"," 0","  7.3","18"," 15.9"," 22.9","  51.6","*","  32.7","*"," 0.04","G","  0.4","000000"
"71237099999","2025-03-28","51.4333333","-112.6666666","678.0","DRUMHELLER EAST ALTA, CA","  26.4","16","  18.1","16","1017.1","16","934.2"," 5","999.9"," 0","  5.6","16","  8.0","999.9","  41.4"," ","  23.5"," "," 0.00","G","  0.8","000000"
"71237099999","2025-03-29","51.4333333","-112.6666666","678.0","DRUMHELLER EAST ALTA, CA","  25.4","24","  18.8","24","1021.5","24","938.1"," 8","999.9"," 0","  2.6","24","  7.0","999.9","  31.6","*","  21.2","*"," 0.00","G","  0.4","000000"
"71237099999","2025-03-30","51.4333333","-112.6666666","678.0","DRUMHELLER EAST ALTA, CA","  26.9","24","  18.7","24","1023.6","24","940.3"," 8","999.9"," 0","  6.5","24","  8.9","999.9","  32.7","*","  23.5","*"," 0.00","G","  0.4","000000"
"71237099999","2025-03-31","51.4333333","-112.6666666","678.0","DRUMHELLER EAST ALTA, CA","  30.3","23","  23.2","23","1013.6","23","931.7"," 8","999.9"," 0","  7.3","23","  9.9","999.9","  38.5","*","  23.4","*"," 0.00","G","  0.4","000000"
"71237099999","2025-04-01","51.4333333","-112.6666666","678.0","DRUMHELLER EAST ALTA, CA","  38.2","24","  27.8","24","1003.2","24","922.5"," 8","999.9"," 0","  5.8","24","  8.9"," 15.0","  52.2","*","  31.8","*"," 0.00","G","  0.4","000000"
"71237099999","2025-04-02","51.4333333","-112.6666666","678.0","DRUMHELLER EAST ALTA, CA","  33.6","24","  26.9","24","1007.9","24","926.5"," 8","999.9"," 0","  6.1","24"," 13.0"," 19.0","  52.5"," ","  27.3"," "," 0.46","G","  2.4","000000"
"71237099999","2025-04-03","51.4333333","-112.6666666","678.0","DRUMHELLER EAST ALTA, CA","  30.0","24","  20.2","24","1017.5","24","934.5"," 8","999.9"," 0","  5.2","24","  9.9"," 15.0","  37.0","*","  24.6","*"," 0.00","G","  1.6","000000"
"71237099999","2025-04-04","51.4333333","-112.6666666","678.0","DRUMHELLER EAST ALTA, CA","  30.4","24","  20.7","24","1028.9","24","945.1"," 8","999.9"," 0","  4.4","24","  8.0","999.9","  45.1","*","  18.1","*"," 0.00","G","  0.4","000000"
"71237099999","2025-04-05","51.4333333","-112.6666666","678.0","DRUMHELLER EAST ALTA, CA","  39.1","24","  20.5","24","1025.8","24","943.5"," 8","999.9"," 0","  3.0","24","  6.0","999.9","  60.6","*","  24.8","*"," 0.00","G","999.9","000000"
"71237099999","2025-04-06","51.4333333","-112.6666666","678.0","DRUMHELLER EAST ALTA, CA","  45.5","24","  26.2","24","1019.1","24","937.9"," 8","999.9"," 0","  2.6","24","  7.0","999.9","  69.3","*","  26.1","*"," 0.00","G","  0.4","000000"
"71237099999","2025-04-07","51.4333333","-112.6666666","678.0","DRUMHELLER EAST ALTA, CA","  51.4","24","  30.5","24","1007.6","24","928.3"," 8","999.9"," 0","  9.3","24"," 15.9"," 23.9","  73.8","*","  34.9","*"," 0.00","G","  0.4","000000"
"71237099999","2025-04-08","51.4333333","-112.6666666","678.0","DRUMHELLER EAST ALTA, CA","  46.9","24","  35.7","24","1002.9","24","923.0"," 8","999.9"," 0","  6.6","24"," 15.0"," 22.0","  74.3"," ","  32.2"," "," 0.00","G","999.9","000000"
"71237099999","2025-04-09","51.4333333","-112.6666666","678.0","DRUMHELLER EAST ALTA, CA","  41.1","24","  29.7","24","1013.5","24","931.9"," 8","999.9"," 0","  2.1","24","  7.0"," 16.9","  59.9","*","  26.4","*"," 0.20","G","999.9","000000"
"71237099999","2025-04-10","51.4333333","-112.6666666","678.0","DRUMHELLER EAST ALTA, CA","  44.6","24","  25.5","24","1022.8","24","941.1"," 8","999.9"," 0","  3.3","24","  9.9"," 15.9","  64.0","*","  26.8","*"," 0.00","G","999.9","000000"
"71237099999","2025-04-11","51.4333333","-112.6666666","678.0","DRUMHELLER EAST ALTA, CA","  55.9","24","  27.9","24","1010.2","24","930.6"," 8","999.9"," 0","  6.2","24"," 13.0"," 19.0","  65.5"," ","  26.1"," "," 0.00","G","999.9","000000"
"71237099999","2025-04-12","51.4333333","-112.6666666","678.0","DRUMHELLER EAST ALTA, CA","  43.6","24","  24.8","24","1013.1","24","932.3"," 8","999.9"," 0","  4.1","24"," 12.0"," 18.1","  62.4","*","  29.3","*"," 0.00","G","  0.4","000000"
"71237099999","2025-04-13","51.4333333","-112.6666666","678.0","DRUMHELLER EAST ALTA, CA","  39.4","24","  23.2","24","1021.7","24","939.3"," 8","999.9"," 0","  9.0","24"," 18.1"," 24.9","  51.3","*","  29.3","*"," 0.02","G","  0.4","000000"
"71237099999","2025-04-14","51.4333333","-112.6666666","678.0","DRUMHELLER EAST ALTA, CA","  44.2","24","  19.0","24","1024.2","24","942.4"," 8","999.9"," 0","  4.0","24","  9.9"," 15.0","  61.5","*","  30.6","*"," 0.00","G","999.9","000000"
"71237099999","2025-04-15","51.4333333","-112.6666666","678.0","DRUMHELLER EAST ALTA, CA","  51.5","24","  26.4","24","1012.9","24","933.0"," 8","999.9"," 0","  4.8","24","  8.9"," 18.1","  65.1","*","  35.1","*"," 0.00","G","999.9","000000"
"71237099999","2025-04-16","51.4333333","-112.6666666","678.0","DRUMHELLER EAST ALTA, CA","  44.5","19","  28.0","19","1013.6","19","932.6"," 7","999.9"," 0","  9.3","19"," 18.1"," 29.9","  67.6"," ","  32.4"," "," 0.08","G","  2.4","000000"
"71237099999","2025-04-17","51.4333333","-112.6666666","678.0","DRUMHELLER EAST ALTA, CA","  36.4","24","  19.7","24","1020.4","19","937.9"," 8","999.9"," 0","  5.3","24"," 13.0"," 21.0","  49.8","*","  23.2","*"," 0.00","G","999.9","000000"
"71237099999","2025-04-18","51.4333333","-112.6666666","678.0","DRUMHELLER EAST ALTA, CA","  39.0","24","  15.9","24","1019.8","24","938.1"," 8","999.9"," 0","  5.4","24"," 11.1"," 18.1","  61.9","*","  19.6","*"," 0.00","G","999.9","000000"
"71237099999","2025-04-19","51.4333333","-112.6666666","678.0","DRUMHELLER EAST ALTA, CA","  46.9","24","  24.7","24","1007.8","24","927.5"," 8","999.9"," 0","  6.4","24"," 14.0"," 21.0","  62.4","*","  36.9","*"," 0.00","G","  0.4","000000"
"71237099999","2025-04-20","51.4333333","-112.6666666","678.0","DRUMHELLER EAST ALTA, CA","  41.8","24","  32.0","23","1016.5","24","935.1"," 8","999.9"," 0","  5.0","24"," 13.0"," 24.9","  52.9","*","  32.9","*"," 0.28","G","  0.4","000000"
"71237099999","2025-04-21","51.4333333","-112.6666666","678.0","DRUMHELLER EAST ALTA, CA","  37.7","24","  32.5","24","1015.3","24","933.9"," 8","999.9"," 0","  2.7","24","  6.0","999.9","  47.3","*","  32.9","*"," 0.24","G","  0.4","000000"
"71237099999","2025-04-22","51.4333333","-112.6666666","678.0","DRUMHELLER EAST ALTA, CA","  40.2","24","  33.5","24","1018.9","24","936.8"," 8","999.9"," 0","  4.0","24","  8.0","999.9","  51.3","*","  34.7","*"," 0.19","G","  0.4","000000"
"71237099999","2025-04-23","51.4333333","-112.6666666","678.0","DRUMHELLER EAST ALTA, CA","  42.0","24","  29.0","24","1019.6","24","937.9"," 8","999.9"," 0","  4.5","24","  8.0"," 16.9","  55.9","*","  29.8","*"," 0.00","G","  0.4","000000"
"71237099999","2025-04-24","51.4333333","-112.6666666","678.0","DRUMHELLER EAST ALTA, CA","  43.8","24","  25.4","24","1022.9","24","941.0"," 8","999.9"," 0","  2.9","24","  8.9","999.9","  61.9","*","  27.1","*"," 0.00","G","999.9","000000"
"71237099999","2025-04-25","51.4333333","-112.6666666","678.0","DRUMHELLER EAST ALTA, CA","  50.1","23","  26.7","23","1020.3","23","939.7"," 7","999.9"," 0","  9.1","23"," 19.0"," 30.9","  67.5","*","  34.7","*"," 0.00","G","  0.4","000000"
"71237099999","2025-04-26","51.4333333","-112.6666666","678.0","DRUMHELLER EAST ALTA, CA","  55.7","24","  32.4","24","1008.5","24","929.1"," 8","999.9"," 0","  6.5","24"," 15.0"," 22.0","  70.2","*","  40.3","*"," 0.39","G","  0.4","000000"
"71237099999","2025-04-27","51.4333333","-112.6666666","678.0","DRUMHELLER EAST ALTA, CA","  49.5","23","  31.9","23","1010.6","23","929.3"," 7","999.9"," 0"," 10.0","23"," 16.9"," 24.9","  71.2"," ","  39.4"," "," 0.00","G","  0.4","000000"
"71237099999","2025-04-28","51.4333333","-112.6666666","678.0","DRUMHELLER EAST ALTA, CA","  40.7","22","  26.7","22","1020.2","22","938.9"," 7","999.9"," 0","  5.0","22"," 11.1"," 19.0","  62.4","*","  27.7","*"," 0.00","I","  0.4","000000"
"71237099999","2025-04-29","51.4333333","-112.6666666","678.0","DRUMHELLER EAST ALTA, CA","  50.5","24","  32.9","24","1008.2","24","928.3"," 8","999.9"," 0","  4.0","24"," 11.1"," 16.9","  63.7"," ","  26.8"," "," 0.00","G","  0.4","000000"
"71237099999","2025-04-30","51.4333333","-112.6666666","678.0","DRUMHELLER EAST ALTA, CA","  46.6","24","  35.6","24","1014.2","24","933.2"," 8","999.9"," 0","  3.2","24"," 15.9"," 22.9","  62.4"," ","  37.2"," "," 0.16","G","  0.4","000000"
"71237099999","2025-05-01","51.4333333","-112.6666666","678.0","DRUMHELLER EAST ALTA, CA","  50.0","19","  32.3","19","1018.1","19","937.3"," 7","999.9"," 0","  2.2","19","  5.1","999.9","  64.8"," ","  37.2"," "," 0.00","G","999.9","000000"
"71237099999","2025-05-02","51.4333333","-112.6666666","678.0","DRUMHELLER EAST ALTA, CA","  57.9","22","  29.4","22","1010.8","16","931.8"," 7","999.9"," 0","  5.3","22","  8.0"," 15.9","  78.3","*","  37.6","*"," 0.00","C","999.9","000000"
"71237099999","2025-05-03","51.4333333","-112.6666666","678.0","DRUMHELLER EAST ALTA, CA","  62.6","24","  29.8","24","1005.1","24","926.4"," 8","999.9"," 0","  3.1","24","  7.0","999.9","  83.8","*","  39.9","*"," 0.00","G","999.9","000000"
"71237099999","2025-05-04","51.4333333","-112.6666666","678.0","DRUMHELLER EAST ALTA, CA","  59.6","24","  32.5","24","1006.9","24","927.6"," 8","999.9"," 0","  9.0","24"," 15.9"," 26.0","  84.2"," ","  39.0"," "," 0.00","G","999.9","000000"
"71237099999","2025-05-05","51.4333333","-112.6666666","678.0","DRUMHELLER EAST ALTA, CA","  51.4","24","  19.8","24","1021.0","24","939.7"," 8","999.9"," 0","  5.5","24","  8.0"," 15.0","  66.7"," ","  35.6"," "," 0.00","G","999.9","000000"
"71237099999","2025-05-06","51.4333333","-112.6666666","678.0","DRUMHELLER EAST ALTA, CA","  52.4","22","  21.3","22","1023.9","22","942.8"," 8","999.9"," 0","  6.8","22"," 15.9"," 23.9","  69.3","*","  34.9","*"," 0.00","G","999.9","000000"
"71237099999","2025-05-07","51.4333333","-112.6666666","678.0","DRUMHELLER EAST ALTA, CA","  61.1","24","  28.2","24","1011.0","24","932.0"," 8","999.9"," 0","  9.9","24"," 15.0"," 24.9","  80.4","*","  44.4","*"," 0.00","G","999.9","000000"
"71237099999","2025-05-08","51.4333333","-112.6666666","678.0","DRUMHELLER EAST ALTA, CA","  58.3","24","  33.7","24","1008.6","24","928.7"," 8","999.9"," 0","  7.1","24"," 15.0"," 22.9","  81.0"," ","  43.5"," "," 0.00","G","999.9","000000"
"71237099999","2025-05-09","51.4333333","-112.6666666","678.0","DRUMHELLER EAST ALTA, CA","  55.1","24","  27.9","24","1023.3","24","942.6"," 8","999.9"," 0","  5.6","24"," 11.1"," 19.0","  71.1","*","  43.2","*"," 0.00","G","999.9","000000"
"71237099999","2025-05-10","51.4333333","-112.6666666","678.0","DRUMHELLER EAST ALTA, CA","  56.7","24","  30.1","24","1013.5","24","933.9"," 8","999.9"," 0","  3.5","24"," 11.1"," 19.0","  77.7","*","  36.3","*"," 0.00","G","999.9","000000"
"71237099999","2025-05-11","51.4333333","-112.6666666","678.0","DRUMHELLER EAST ALTA, CA","  59.5","24","  33.0","24","1004.8","24","925.9"," 8","999.9"," 0","  4.5","24"," 12.0"," 18.1","  78.6"," ","  35.4"," "," 0.00","G","999.9","000000"
"71237099999","2025-05-12","51.4333333","-112.6666666","678.0","DRUMHELLER EAST ALTA, CA","  54.8","24","  41.7","24","1000.4","24","921.9"," 7","999.9"," 0","  3.4","24","  8.9"," 15.9","  74.5"," ","  41.5"," "," 0.07","G","999.9","000000"
"71237099999","2025-05-13","51.4333333","-112.6666666","678.0","DRUMHELLER EAST ALTA, CA","  52.0","24","  41.3","24","1006.2","24","926.0"," 8","999.9"," 0","  5.3","24","  8.9","999.9","  68.7","*","  43.7","*"," 0.40","G","999.9","000000"
"71237099999","2025-05-14","51.4333333","-112.6666666","678.0","DRUMHELLER EAST ALTA, CA","  53.7","24","  39.4","24","1007.9","24","928.3"," 8","999.9"," 0","  5.7","24"," 12.0"," 18.1","  68.7"," ","  37.9"," "," 0.00","G","999.9","000000"
"71237099999","2025-05-15","51.4333333","-112.6666666","678.0","DRUMHELLER EAST ALTA, CA","  47.8","24","  42.9","24","1011.5","24","930.9"," 8","999.9"," 0","  8.9","24"," 15.0"," 22.0","  69.3"," ","  37.9"," "," 0.30","G","999.9","000000"
"71237099999","2025-05-16","51.4333333","-112.6666666","678.0","DRUMHELLER EAST ALTA, CA","  44.2","24","  36.9","24","1015.0","24","933.9"," 8","999.9"," 0","  2.7","24"," 12.0","999.9","  59.5","*","  32.9","*"," 0.00","G","999.9","000000"
"71237099999","2025-05-17","51.4333333","-112.6666666","678.0","DRUMHELLER EAST ALTA, CA","  51.9","24","  42.4","24","1010.9","24","930.8"," 8","999.9"," 0","  4.0","24","  8.9","999.9","  61.5","*","  46.4","*"," 0.07","G","999.9","000000"
"71237099999","2025-05-18","51.4333333","-112.6666666","678.0","DRUMHELLER EAST ALTA, CA","  52.0","24","  43.3","24","1007.8","24","927.9"," 8","999.9"," 0","  6.0","24"," 13.0"," 20.0","  63.1"," ","  42.3"," "," 0.00","G","999.9","000000"
"71237099999","2025-05-19","51.4333333","-112.6666666","678.0","DRUMHELLER EAST ALTA, CA","  44.7","24","  38.3","24","1013.6","24","932.9"," 8","999.9"," 0","  6.8","24"," 14.0"," 22.0","  61.3"," ","  38.7"," "," 0.06","G","999.9","000000"
"71237099999","2025-05-20","51.4333333","-112.6666666","678.0","DRUMHELLER EAST ALTA, CA","  50.0","24","  41.9","24","1010.0","24","929.7"," 8","999.9"," 0","  6.2","24"," 12.0"," 15.9","  59.0"," ","  38.7"," "," 0.04","G","999.9","000000"
"71237099999","2025-05-21","51.4333333","-112.6666666","678.0","DRUMHELLER EAST ALTA, CA","  49.0","24","  42.6","24","1015.0","24","934.2"," 8","999.9"," 0","  6.9","24"," 12.0"," 21.0","  60.6"," ","  43.2"," "," 0.26","G","999.9","000000"
"71237099999","2025-05-22","51.4333333","-112.6666666","678.0","DRUMHELLER EAST ALTA, CA","  49.9","24","  40.2","24","1019.0","24","938.0"," 7","999.9"," 0","  4.1","24","  8.9","999.9","  62.6","*","  38.3","*"," 0.07","G","999.9","000000"
"71237099999","2025-05-23","51.4333333","-112.6666666","678.0","DRUMHELLER EAST ALTA, CA","  54.4","24","  43.3","24","1016.5","24","936.0"," 8","999.9"," 0","  4.5","24"," 12.0"," 15.9","  64.9"," ","  38.3"," "," 0.00","G","999.9","000000"
"71237099999","2025-05-24","51.4333333","-112.6666666","678.0","DRUMHELLER EAST ALTA, CA","  54.4","24","  44.6","24","1018.5","24","937.9"," 8","999.9"," 0","  7.0","24"," 13.0"," 18.1","  68.7","*","  42.8","*"," 0.09","G","999.9","000000"
"71237099999","2025-05-25","51.4333333","-112.6666666","678.0","DRUMHELLER EAST ALTA, CA","  61.8","24","  44.4","24","1016.2","24","936.5"," 8","999.9"," 0","  8.5","24"," 15.0"," 22.9","  80.1","*","  47.3","*"," 0.00","G","999.9","000000"
"71237099999","2025-05-26","51.4333333","-112.6666666","678.0","DRUMHELLER EAST ALTA, CA","  68.9","24","  46.5","24","1009.0","24","930.6"," 8","999.9"," 0"," 11.0","24"," 18.1"," 26.0","  84.9","*","  55.0","*"," 0.00","G","999.9","000000"
"71237099999","2025-05-27","51.4333333","-112.6666666","678.0","DRUMHELLER EAST ALTA, CA","  67.7","20","  42.1","20","1012.0","20","932.7"," 6","999.9"," 0","  5.4","20"," 14.0"," 22.9","  86.2"," ","  45.5"," "," 0.00","G","999.9","000000"
"71237099999","2025-05-28","51.4333333","-112.6666666","678.0","DRUMHELLER EAST ALTA, CA","  65.4","24","  42.1","24","1017.5","24","937.9"," 8","999.9"," 0","  3.9","24","  8.9"," 15.9","  81.3","*","  46.9","*"," 0.00","G","999.9","000000"
"71237099999","2025-05-29","51.4333333","-112.6666666","678.0","DRUMHELLER EAST ALTA, CA","  71.3","24","  46.3","24","1010.3","24","932.2"," 8","999.9"," 0","  8.7","24"," 15.9"," 22.0","  92.3","*","  54.9","*"," 0.00","G","999.9","000000"
"71237099999","2025-05-30","51.4333333","-112.6666666","678.0","DRUMHELLER EAST ALTA, CA","  69.2","24","  41.6","24","1014.3","24","935.0"," 8","999.9"," 0","  7.7","24"," 15.9"," 26.0","  92.8"," ","  53.1"," "," 0.00","G","999.9","000000"
"71237099999","2025-05-31","51.4333333","-112.6666666","678.0","DRUMHELLER EAST ALTA, CA","  69.8","24","  42.2","24","1012.4","24","934.2"," 8","999.9"," 0","  7.1","24"," 15.0"," 24.9","  91.9","*","  53.4","*"," 0.00","G","999.9","000000"
"71237099999","2025-06-01","51.4333333","-112.6666666","678.0","DRUMHELLER EAST ALTA, CA","  62.1","23","  35.3","23","1009.5","23","929.9"," 8","999.9"," 0"," 11.5","23"," 21.0"," 35.0","  91.9","*","  45.5","*"," 0.02","G","999.9","000000"
"71237099999","2025-06-02","51.4333333","-112.6666666","678.0","DRUMHELLER EAST ALTA, CA","  55.3","24","  33.1","24","1018.2","24","937.8"," 7","999.9"," 0","  6.1","24"," 12.0"," 19.0","  67.8"," ","  43.7"," "," 0.00","G","999.9","000000"
"71237099999","2025-06-03","51.4333333","-112.6666666","678.0","DRUMHELLER EAST ALTA, CA","  56.7","24","  32.2","24","1016.8","24","936.6"," 8","999.9"," 0","  5.8","24"," 15.0"," 22.0","  66.6"," ","  43.7"," "," 0.00","G","999.9","000000"
"71237099999","2025-06-04","51.4333333","-112.6666666","678.0","DRUMHELLER EAST ALTA, CA","  54.6","24","  34.9","24","1017.3","24","937.0"," 8","999.9"," 0","  3.3","24","  9.9"," 23.9","  69.1","*","  39.4","*"," 0.00","G","999.9","000000"
"71237099999","2025-06-05","51.4333333","-112.6666666","678.0","DRUMHELLER EAST ALTA, CA","  61.9","24","  37.1","24","1014.9","24","935.2"," 8","999.9"," 0","  3.9","24","  8.0"," 18.1","  80.1","*","  43.7","*"," 0.00","G","999.9","000000"
"71237099999","2025-06-06","51.4333333","-112.6666666","678.0","DRUMHELLER EAST ALTA, CA","  68.5","24","  39.4","24","1006.3","24","928.2"," 8","999.9"," 0","  3.3","24","  9.9"," 16.9","  81.1","*","  56.5","*"," 0.00","G","999.9","000000"
"71237099999","2025-06-07","51.4333333","-112.6666666","678.0","DRUMHELLER EAST ALTA, CA","  64.5","24","  38.0","24","1010.2","24","930.8"," 8","999.9"," 0"," 10.4","24"," 19.0"," 31.9","  82.4"," ","  54.3"," "," 0.00","G","999.9","000000"
"71237099999","2025-06-08","51.4333333","-112.6666666","678.0","DRUMHELLER EAST ALTA, CA","  61.6","18","  31.9","18","1018.6","18","938.5"," 7","999.9"," 0","  6.4","18"," 21.0"," 29.9","  77.7","*","  46.4","*"," 0.00","G","999.9","000000"
"71237099999","2025-06-09","51.4333333","-112.6666666","678.0","DRUMHELLER EAST ALTA, CA","  67.5","21","  37.7","21","1009.3","21","930.8"," 8","999.9"," 0","  5.9","21"," 13.0"," 20.0","  82.6","*","  49.3","*"," 0.00","G","999.9","000000"
"71237099999","2025-06-10","51.4333333","-112.6666666","678.0","DRUMHELLER EAST ALTA, CA","  66.0","23","  32.4","23","1012.6","23","933.6"," 8","999.9"," 0","  5.5","23","  8.9"," 15.9","  83.5"," ","  45.9"," "," 0.00","G","999.9","000000"
"71237099999","2025-06-11","51.4333333","-112.6666666","678.0","DRUMHELLER EAST ALTA, CA","  64.6","21","  35.4","21","1014.8","21","935.4"," 7","999.9"," 0","  5.3","21"," 12.0"," 21.0","  79.9"," ","  45.9"," "," 0.00","G","999.9","000000"
"71237099999","2025-06-12","51.4333333","-112.6666666","678.0","DRUMHELLER EAST ALTA, CA","  58.9","21","  45.7","21","1014.2","21","934.9"," 7","999.9"," 0","  7.2","21"," 13.0"," 22.0","  79.5"," ","  52.2"," "," 0.26","G","999.9","000000"
"71237099999","2025-06-13","51.4333333","-112.6666666","678.0","DRUMHELLER EAST ALTA, CA","  61.3","24","  54.0","24","1009.5","24","930.3"," 8","999.9"," 0","  5.6","24","  8.9"," 15.9","  78.4","*","  54.7","*"," 0.28","G","999.9","000000"
"71237099999","2025-06-14","51.4333333","-112.6666666","678.0","DRUMHELLER EAST ALTA, CA","  59.9","24","  47.7","24","1011.7","24","932.1"," 8","999.9"," 0","  4.8","24"," 14.0"," 22.9","  79.7"," ","  46.2"," "," 0.00","G","999.9","000000"
"71237099999","2025-06-15","51.4333333","-112.6666666","678.0","DRUMHELLER EAST ALTA, CA","  62.2","24","  48.8","24","1016.3","24","936.6"," 8","999.9"," 0","  3.3","24","  9.9"," 15.9","  76.3","*","  50.2","*"," 0.00","G","999.9","000000"
"71237099999","2025-06-16","51.4333333","-112.6666666","678.0","DRUMHELLER EAST ALTA, CA","  58.4","24","  47.9","23","1017.0","24","937.7"," 7","999.9"," 0","  2.5","24"," 11.1"," 19.0","  78.1"," ","  45.1"," "," 0.11","G","999.9","000000"
"71237099999","2025-06-17","51.4333333","-112.6666666","678.0","DRUMHELLER EAST ALTA, CA","  67.1","24","  48.4","24","1011.6","24","932.6"," 8","999.9"," 0","  3.9","24","  6.0","999.9","  80.2","*","  52.7","*"," 0.05","G","999.9","000000"
"71237099999","2025-06-18","51.4333333","-112.6666666","678.0","DRUMHELLER EAST ALTA, CA","  61.5","24","  50.6","24","1011.4","24","931.8"," 8","999.9"," 0","  4.5","24"," 21.0"," 28.9","  81.5"," ","  52.3"," "," 0.28","G","999.9","000000"
"71237099999","2025-06-19","51.4333333","-112.6666666","678.0","DRUMHELLER EAST ALTA, CA","  61.6","24","  48.8","24","1008.5","24","929.5"," 8","999.9"," 0","  7.9","24"," 14.0"," 21.0","  70.0","*","  49.1","*"," 0.11","G","999.9","000000"
"71237099999","2025-06-20","51.4333333","-112.6666666","678.0","DRUMHELLER EAST ALTA, CA","  59.3","24","  50.7","24","1008.4","24","929.4"," 8","999.9"," 0","  3.5","24","  9.9","999.9","  71.2"," ","  50.5"," "," 0.00","G","999.9","000000"
"71237099999","2025-06-21","51.4333333","-112.6666666","678.0","DRUMHELLER EAST ALTA, CA","  52.4","23","  49.5","23","1005.9","23","925.8"," 7","999.9"," 0"," 10.8","23"," 18.1"," 30.9","  59.5","*","  48.0","*"," 0.31","G","999.9","000000"
"71237099999","2025-06-22","51.4333333","-112.6666666","678.0","DRUMHELLER EAST ALTA, CA","  49.9","24","  41.9","24","1016.4","24","935.4"," 8","999.9"," 0","  5.3","24"," 13.0"," 22.0","  60.3","*","  42.1","*"," 0.52","G","999.9","000000"
"71237099999","2025-06-23","51.4333333","-112.6666666","678.0","DRUMHELLER EAST ALTA, CA","  55.3","23","  43.1","23","1015.2","23","934.9"," 7","999.9"," 0","  3.9","23"," 11.1"," 19.0","  65.7","*","  43.2","*"," 0.06","G","999.9","000000"
"71237099999","2025-06-24","51.4333333","-112.6666666","678.0","DRUMHELLER EAST ALTA, CA","  55.2","24","  43.2","24","1018.1","24","937.6"," 8","999.9"," 0","  5.3","24","  9.9"," 16.9","  71.2","*","  39.9","*"," 0.00","G","999.9","000000"
"71237099999","2025-06-25","51.4333333","-112.6666666","678.0","DRUMHELLER EAST ALTA, CA","  64.9","24","  48.7","24","1012.0","24","932.9"," 8","999.9"," 0","  5.2","24","  8.9","999.9","  78.3","*","  50.0","*"," 0.00","G","999.9","000000"
"71237099999","2025-06-26","51.4333333","-112.6666666","678.0","DRUMHELLER EAST ALTA, CA","  62.3","24","  50.9","24","1008.8","24","929.7"," 8","999.9"," 0","  4.0","24"," 15.0"," 22.0","  78.4","*","  49.1","*"," 0.04","G","999.9","000000"
"71237099999","2025-06-27","51.4333333","-112.6666666","678.0","DRUMHELLER EAST ALTA, CA","  65.1","24","  51.6","24","1006.7","24","928.1"," 8","999.9"," 0","  2.9","24","  9.9"," 16.9","  78.6"," ","  50.7"," "," 0.00","G","999.9","000000"
"71237099999","2025-06-28","51.4333333","-112.6666666","678.0","DRUMHELLER EAST ALTA, CA","  62.8","24","  52.1","24","1010.7","24","931.1"," 8","999.9"," 0","  5.6","24"," 11.1"," 19.0","  76.6"," ","  52.9"," "," 0.00","G","999.9","000000"
"71237099999","2025-06-29","51.4333333","-112.6666666","678.0","DRUMHELLER EAST ALTA, CA","  62.9","24","  46.1","24","1017.8","24","937.8"," 8","999.9"," 0","  4.8","24","  9.9"," 16.9","  75.6","*","  50.9","*"," 0.01","G","999.9","000000"
"71237099999","2025-06-30","51.4333333","-112.6666666","678.0","DRUMHELLER EAST ALTA, CA","  66.4","24","  48.3","24","1018.5","24","939.1"," 8","999.9"," 0","  3.9","24","  6.0","999.9","  81.1","*","  49.5","*"," 0.00","G","999.9","000000"
"71237099999","2025-07-01","51.4333333","-112.6666666","678.0","DRUMHELLER EAST ALTA, CA","  70.9","24","  54.3","24","1014.5","24","935.7"," 8","999.9"," 0","  3.4","24","  8.9","999.9","  85.3","*","  55.4","*"," 0.00","G","999.9","000000"
"71237099999","2025-07-02","51.4333333","-112.6666666","678.0","DRUMHELLER EAST ALTA, CA","  74.8","24","  56.8","24","1007.3","24","929.6"," 8","999.9"," 0","  7.1","24"," 12.0"," 18.1","  91.2","*","  60.4","*"," 0.00","G","999.9","000000"
"71237099999","2025-07-03","51.4333333","-112.6666666","678.0","DRUMHELLER EAST ALTA, CA","  70.4","20","  54.2","20","1002.9","20","924.9"," 8","999.9"," 0","  5.5","20","  9.9"," 15.9","  92.1"," ","  58.3"," "," 0.00","G","999.9","000000"
"71237099999","2025-07-04","51.4333333","-112.6666666","678.0","DRUMHELLER EAST ALTA, CA","  60.6","24","  45.1","24","1013.6","24","933.7"," 8","999.9"," 0","  5.1","24"," 13.0"," 21.0","  76.5"," ","  46.8"," "," 0.00","G","999.9","000000"
"71237099999","2025-07-05","51.4333333","-112.6666666","678.0","DRUMHELLER EAST ALTA, CA","  62.2","24","  48.3","24","1019.1","24","939.1"," 8","999.9"," 0","  5.4","24","  8.9","999.9","  73.0"," ","  46.8"," "," 0.01","G","999.9","000000"
"71237099999","2025-07-06","51.4333333","-112.6666666","678.0","DRUMHELLER EAST ALTA, CA","  60.4","24","  49.8","24","1018.3","24","938.3"," 8","999.9"," 0","  5.5","24","  9.9"," 16.9","  71.2"," ","  53.2"," "," 0.05","G","999.9","000000"
"71237099999","2025-07-07","51.4333333","-112.6666666","678.0","DRUMHELLER EAST ALTA, CA","  62.7","24","  49.3","24","1017.9","24","938.1"," 8","999.9"," 0","  4.0","24","  8.9"," 16.9","  79.2","*","  46.4","*"," 0.00","G","999.9","000000"
"71237099999","2025-07-08","51.4333333","-112.6666666","678.0","DRUMHELLER EAST ALTA, CA","  71.5","24","  52.4","24","1010.8","24","932.5"," 8","999.9"," 0","  6.4","24","  9.1","999.9","  91.8","*","  55.8","*"," 0.00","G","999.9","000000"
"71237099999","2025-07-09","51.4333333","-112.6666666","678.0","DRUMHELLER EAST ALTA, CA","  72.8","24","  54.4","24","1005.7","24","927.8"," 8","999.9"," 0","  4.9","24","  9.9"," 15.0","  92.5"," ","  55.6"," "," 0.00","G","999.9","000000"
"71237099999","2025-07-10","51.4333333","-112.6666666","678.0","DRUMHELLER EAST ALTA, CA","  59.7","24","  54.0","24","1012.7","24","932.8"," 8","999.9"," 0","  6.3","24"," 20.0"," 38.9","  73.4","*","  52.9","*"," 0.83","G","999.9","000000"
"71237099999","2025-07-11","51.4333333","-112.6666666","678.0","DRUMHELLER EAST ALTA, CA","  60.9","24","  46.1","24","1019.3","24","939.2"," 8","999.9"," 0","  4.6","24","  8.9"," 15.0","  78.8","*","  44.8","*"," 0.07","G","999.9","000000"
"71237099999","2025-07-12","51.4333333","-112.6666666","678.0","DRUMHELLER EAST ALTA, CA","  69.2","24","  51.8","24","1011.0","24","932.2"," 8","999.9"," 0","  4.0","24","  8.9","999.9","  82.6","*","  58.6","*"," 0.00","G","999.9","000000"
"71237099999","2025-07-13","51.4333333","-112.6666666","678.0","DRUMHELLER EAST ALTA, CA","  70.3","24","  54.5","24","1013.8","24","934.9"," 8","999.9"," 0","  3.7","24","  9.9"," 15.0","  84.0"," ","  57.7"," "," 0.00","G","999.9","000000"
"71237099999","2025-07-14","51.4333333","-112.6666666","678.0","DRUMHELLER EAST ALTA, CA","  60.1","23","  56.0","23","1017.9","23","937.9"," 8","999.9"," 0","  3.5","23","  9.9"," 16.9","  77.0","*","  56.3","*"," 0.89","G","999.9","000000"
"71237099999","2025-07-15","51.4333333","-112.6666666","678.0","DRUMHELLER EAST ALTA, CA","  56.9","24","  46.5","24","1026.0","24","945.0"," 8","999.9"," 0","  2.0","24","  5.1","999.9","  68.5","*","  47.3","*"," 0.35","G","999.9","000000"
"71237099999","2025-07-16","51.4333333","-112.6666666","678.0","DRUMHELLER EAST ALTA, CA","  59.1","24","  45.2","24","1020.4","24","940.5"," 8","999.9"," 0","  7.3","24"," 14.0"," 20.0","  70.5","*","  46.0","*"," 0.00","G","999.9","000000"
"71237099999","2025-07-17","51.4333333","-112.6666666","678.0","DRUMHELLER EAST ALTA, CA","  61.3","24","  52.2","24","1013.5","24","934.0"," 8","999.9"," 0","  4.4","24"," 11.1"," 16.9","  72.5"," ","  45.9"," "," 0.04","G","999.9","000000"
"71237099999","2025-07-18","51.4333333","-112.6666666","678.0","DRUMHELLER EAST ALTA, CA","  59.7","24","  51.0","24","1015.5","24","935.8"," 8","999.9"," 0","  3.6","24","  9.9"," 15.0","  73.9","*","  48.0","*"," 0.06","G","999.9","000000"
"71237099999","2025-07-19","51.4333333","-112.6666666","678.0","DRUMHELLER EAST ALTA, CA","  63.8","24","  55.7","24","1009.8","24","930.8"," 8","999.9"," 0","  4.6","24","  9.9"," 15.0","  75.4"," ","  47.3"," "," 0.58","G","999.9","000000"
"71237099999","2025-07-20","51.4333333","-112.6666666","678.0","DRUMHELLER EAST ALTA, CA","  62.0","24","  55.3","24","1011.6","24","932.3"," 8","999.9"," 0","  5.5","24","  8.9"," 15.0","  71.4"," ","  55.9"," "," 0.00","G","999.9","000000"
"71237099999","2025-07-21","51.4333333","-112.6666666","678.0","DRUMHELLER EAST ALTA, CA","  59.8","24","  54.3","23","1014.2","24","934.5"," 8","999.9"," 0","  3.1","24","  7.0","999.9","  70.9","*","  50.9","*"," 0.00","G","999.9","000000"
"71237099999","2025-07-22","51.4333333","-112.6666666","678.0","DRUMHELLER EAST ALTA, CA","  53.8","24","  50.8","24","1016.8","24","936.4"," 8","999.9"," 0","  6.1","24"," 11.1"," 18.1","  72.9"," ","  50.0"," "," 1.19","G","999.9","000000"
"71237099999","2025-07-23","51.4333333","-112.6666666","678.0","DRUMHELLER EAST ALTA, CA","  57.9","24","  49.6","24","1017.2","24","937.0"," 8","999.9"," 0","  4.1","24","  8.0","999.9","  70.9","*","  49.8","*"," 0.01","G","999.9","000000"
"71237099999","2025-07-24","51.4333333","-112.6666666","678.0","DRUMHELLER EAST ALTA, CA","  65.8","24","  54.2","24","1011.2","24","932.3"," 8","999.9"," 0","  5.4","24","  8.9","999.9","  84.6","*","  51.4","*"," 0.00","G","999.9","000000"
"71237099999","2025-07-25","51.4333333","-112.6666666","678.0","DRUMHELLER EAST ALTA, CA","  66.9","24","  56.0","24","1007.0","24","928.5"," 8","999.9"," 0","  4.9","24","  9.9","999.9","  85.1"," ","  50.7"," "," 0.00","G","999.9","000000"
"71237099999","2025-07-26","51.4333333","-112.6666666","678.0","DRUMHELLER EAST ALTA, CA","  60.8","24","  51.3","24","1012.8","24","933.2"," 8","999.9"," 0","  3.8","24","  7.0","999.9","  73.8"," ","  55.0"," "," 0.01","G","999.9","000000"
"71237099999","2025-07-27","51.4333333","-112.6666666","678.0","DRUMHELLER EAST ALTA, CA","  61.0","24","  53.1","24","1015.8","24","935.8"," 8","999.9"," 0","  2.5","24","  5.1","999.9","  69.1","*","  52.7","*"," 0.03","G","999.9","000000"
"71237099999","2025-07-28","51.4333333","-112.6666666","678.0","DRUMHELLER EAST ALTA, CA","  60.8","22","  53.8","22","1022.5","22","942.3"," 8","999.9"," 0","  3.1","22","  7.0","999.9","  70.0"," ","  54.0"," "," 0.09","G","999.9","000000"
"71237099999","2025-07-29","51.4333333","-112.6666666","678.0","DRUMHELLER EAST ALTA, CA","  65.3","20","  56.6","20","1025.0","20","944.7"," 7","999.9"," 0","  3.5","20","  7.0","999.9","  76.8","*","  55.6","*"," 0.07","G","999.9","000000"
"71237099999","2025-07-30","51.4333333","-112.6666666","678.0","DRUMHELLER EAST ALTA, CA","  67.9","24","  57.2","24","1023.9","24","944.1"," 8","999.9"," 0","  6.5","24"," 13.0"," 19.0","  80.8","*","  55.6","*"," 0.00","G","999.9","000000"
"71237099999","2025-07-31","51.4333333","-112.6666666","678.0","DRUMHELLER EAST ALTA, CA","  69.5","24","  56.1","24","1020.6","24","941.3"," 8","999.9"," 0","  6.9","24","  9.9"," 15.0","  83.5","*","  54.9","*"," 0.00","G","999.9","000000"
"71237099999","2025-08-01","51.4333333","-112.6666666","678.0","DRUMHELLER EAST ALTA, CA","  71.5","24","  56.9","24","1018.2","24","939.2"," 8","999.9"," 0","  5.3","24","  8.0","999.9","  86.0","*","  56.8","*"," 0.00","G","999.9","000000"
"71237099999","2025-08-02","51.4333333","-112.6666666","678.0","DRUMHELLER EAST ALTA, CA","  70.9","24","  61.0","24","1016.5","24","937.6"," 8","999.9"," 0","  2.5","24","  8.9","999.9","  86.4"," ","  56.7"," "," 0.00","G","999.9","000000"
"71237099999","2025-08-03","51.4333333","-112.6666666","678.0","DRUMHELLER EAST ALTA, CA","  65.5","24","  59.6","24","1015.3","24","936.2"," 8","999.9"," 0","  4.6","24"," 13.0"," 20.0","  84.9"," ","  59.5"," "," 0.54","G","999.9","000000"
"71237099999","2025-08-04","51.4333333","-112.6666666","678.0","DRUMHELLER EAST ALTA, CA","  64.4","24","  58.3","24","1012.9","24","933.5"," 8","999.9"," 0","  3.0","24"," 16.9"," 34.0","  79.2","*","  56.7","*"," 0.23","G","999.9","000000"
"71237099999","2025-08-05","51.4333333","-112.6666666","678.0","DRUMHELLER EAST ALTA, CA","  61.8","23","  54.9","23","1013.3","23","933.8"," 8","999.9"," 0","  2.4","23","  7.0","999.9","  80.8"," ","  50.4"," "," 0.14","G","999.9","000000"
"71237099999","2025-08-06","51.4333333","-112.6666666","678.0","DRUMHELLER EAST ALTA, CA","  67.5","24","  55.8","24","1013.5","24","934.4"," 8","999.9"," 0","  2.8","24","  7.0","999.9","  81.7","*","  53.2","*"," 0.00","G","999.9","000000"
"71237099999","2025-08-07","51.4333333","-112.6666666","678.0","DRUMHELLER EAST ALTA, CA","  66.2","24","  54.2","24","1010.8","24","932.0"," 8","999.9"," 0","  5.2","24","  9.9","999.9","  82.6"," ","  52.7"," "," 0.00","G","999.9","000000"
"71237099999","2025-08-08","51.4333333","-112.6666666","678.0","DRUMHELLER EAST ALTA, CA","  59.9","24","  52.3","24","1011.3","24","932.0"," 8","999.9"," 0","  7.0","24"," 14.0"," 22.0","  68.5","*","  52.7","*"," 0.04","G","999.9","000000"
"71237099999","2025-08-09","51.4333333","-112.6666666","678.0","DRUMHELLER EAST ALTA, CA","  64.7","24","  55.8","24","1014.0","24","934.4"," 8","999.9"," 0","  6.0","24"," 13.0"," 20.0","  77.0","*","  57.0","*"," 0.00","G","999.9","000000"
"71237099999","2025-08-10","51.4333333","-112.6666666","678.0","DRUMHELLER EAST ALTA, CA","  68.6","24","  57.4","24","1014.4","24","935.5"," 8","999.9"," 0","  3.6","24","  7.0","999.9","  83.5","*","  58.1","*"," 0.05","G","999.9","000000"
"71237099999","2025-08-11","51.4333333","-112.6666666","678.0","DRUMHELLER EAST ALTA, CA","  67.7","24","  57.0","24","1015.8","24","936.3"," 8","999.9"," 0","  6.0","24"," 16.9"," 24.9","  82.8","*","  58.1","*"," 0.02","G","999.9","000000"
"71237099999","2025-08-12","51.4333333","-112.6666666","678.0","DRUMHELLER EAST ALTA, CA","  68.7","24","  55.0","24","1014.8","24","936.0"," 8","999.9"," 0","  4.6","24","  9.9"," 15.0","  82.8","*","  54.9","*"," 0.00","G","999.9","000000"
"71237099999","2025-08-13","51.4333333","-112.6666666","678.0","DRUMHELLER EAST ALTA, CA","  69.1","24","  57.2","24","1005.4","24","927.4"," 8","999.9"," 0","  4.9","24"," 15.0"," 22.0","  84.0"," ","  54.1"," "," 0.00","G","999.9","000000"
"71237099999","2025-08-14","51.4333333","-112.6666666","678.0","DRUMHELLER EAST ALTA, CA","  58.7","24","  48.6","24","1012.3","24","932.7"," 8","999.9"," 0","  7.0","24"," 15.0"," 26.0","  76.5"," ","  49.6"," "," 0.00","G","999.9","000000"
"71237099999","2025-08-15","51.4333333","-112.6666666","678.0","DRUMHELLER EAST ALTA, CA","  59.0","24","  47.4","24","1013.5","24","933.9"," 8","999.9"," 0","  7.0","24"," 13.0"," 19.0","  71.4","*","  51.6","*"," 0.00","G","999.9","000000"
"71237099999","2025-08-16","51.4333333","-112.6666666","678.0","DRUMHELLER EAST ALTA, CA","  65.9","24","  52.6","24","1007.3","24","928.6"," 8","999.9"," 0","  8.9","24"," 13.0"," 19.0","  82.6","*","  53.4","*"," 0.00","G","999.9","000000"
"71237099999","2025-08-17","51.4333333","-112.6666666","678.0","DRUMHELLER EAST ALTA, CA","  66.5","24","  52.4","24","1009.7","24","930.8"," 8","999.9"," 0","  3.1","24","  6.0","999.9","  84.7"," ","  51.4"," "," 0.00","G","999.9","000000"
"71237099999","2025-08-18","51.4333333","-112.6666666","678.0","DRUMHELLER EAST ALTA, CA","  65.1","24","  51.5","24","1012.3","24","933.1"," 8","999.9"," 0","  4.0","24","  8.0","999.9","  82.6"," ","  49.5"," "," 0.00","G","999.9","000000"
"71237099999","2025-08-19","51.4333333","-112.6666666","678.0","DRUMHELLER EAST ALTA, CA","  65.6","23","  50.6","23","1015.1","23","935.7"," 8","999.9"," 0","  2.4","23","  5.1","999.9","  85.5","*","  48.9","*"," 0.00","G","999.9","000000"
"71237099999","2025-08-20","51.4333333","-112.6666666","678.0","DRUMHELLER EAST ALTA, CA","  66.6","24","  53.1","24","1014.7","24","935.5"," 8","999.9"," 0","  5.3","24"," 12.0"," 18.1","  86.2"," ","  48.0"," "," 0.00","G","999.9","000000"
"71237099999","2025-08-21","51.4333333","-112.6666666","678.0","DRUMHELLER EAST ALTA, CA","  59.7","24","  45.0","24","1022.3","24","941.8"," 8","999.9"," 0","  4.2","24","  8.9"," 15.9","  78.4"," ","  46.4"," "," 0.00","G","999.9","000000"
"71237099999","2025-08-22","51.4333333","-112.6666666","678.0","DRUMHELLER EAST ALTA, CA","  60.0","24","  44.0","24","1027.2","24","946.3"," 8","999.9"," 0","  4.9","24"," 12.0","999.9","  74.1"," ","  46.4"," "," 0.00","G","999.9","000000"
"71237099999","2025-08-23","51.4333333","-112.6666666","678.0","DRUMHELLER EAST ALTA, CA","  60.5","24","  45.5","24","1025.9","24","945.4"," 8","999.9"," 0","  3.8","24","  8.9","999.9","  77.4","*","  43.7","*"," 0.00","G","999.9","000000"
"71237099999","2025-08-24","51.4333333","-112.6666666","678.0","DRUMHELLER EAST ALTA, CA","  64.2","21","  46.7","21","1021.5","21","941.2"," 6","999.9"," 0","  6.3","21"," 13.0"," 18.1","  82.2","*","  51.3","*"," 0.00","G","999.9","000000"
