"STATION","DATE","LATITUDE","LONGITUDE","ELEVATION","NAME","TEMP","TEMP_ATTRIBUTES","DEWP","DEWP_ATTRIBUTES","SLP","SLP_ATTRIBUTES","STP","STP_ATTRIBUTES","VISIB","VISIB_ATTRIBUTES","WDSP","WDSP_ATTRIBUTES","MXSPD","GUST","MAX","MAX_ATTRIBUTES","MIN","MIN_ATTRIBUTES","PRCP","PRCP_ATTRIBUTES","SNDP","FRSHTT"
"72593023233","2025-01-01","36.66352","-121.60928","22.3","SALINAS AIRPORT, CA US","  48.7","24","  38.5","24","1022.8","24","019.2","24"," 10.0","24","  4.7","24"," 12.0","999.9","  64.0"," ","  36.0"," "," 0.00","G","999.9","000000"
"72593023233","2025-01-02","36.66352","-121.60928","22.3","SALINAS AIRPORT, CA US","  52.3","24","  42.3","24","1021.8","24","018.2","24","  9.9","24","  7.1","24"," 14.0","999.9","  71.1"," ","  37.9"," "," 0.00","G","999.9","000000"
"72593023233","2025-01-03","36.66352","-121.60928","22.3","SALINAS AIRPORT, CA US","  52.9","24","  46.7","24","1018.2","21","014.7","24","  9.3","24","  3.3","24","  8.0"," 17.1","  72.0"," ","  43.0"," "," 0.00","G","999.9","010000"
"72593023233","2025-01-04","36.66352","-121.60928","22.3","SALINAS AIRPORT, CA US","  49.7","24","  45.8","24","1024.4","19","020.1","24","  9.5","24","  2.8","24","  9.9","999.9","  60.1"," ","  39.0"," "," 0.05","G","999.9","000000"
"72593023233","2025-01-05","36.66352","-121.60928","22.3","SALINAS AIRPORT, CA US","  48.2","24","  43.1","24","1026.7","24","023.0","24","  9.3","24","  2.3","24","  6.0","999.9","  64.0"," ","  37.9"," "," 0.00","G","999.9","000000"
"72593023233","2025-01-06","36.66352","-121.60928","22.3","SALINAS AIRPORT, CA US","  49.3","24","  44.3","24","1024.7","22","020.7","24","  9.7","24","  4.1","24"," 12.0"," 19.0","  64.0"," ","  37.9"," "," 0.00","G","999.9","000000"
"72593023233","2025-01-07","36.66352","-121.60928","22.3","SALINAS AIRPORT, CA US","  55.0","24","  44.7","24","1022.0","19","018.3","24","  7.8","24","  5.1","24"," 11.1"," 18.1","  68.0"," ","  39.0"," "," 0.00","G","999.9","100000"
"72593023233","2025-01-08","36.66352","-121.60928","22.3","SALINAS AIRPORT, CA US","  51.7","24","  35.0","24","1023.5","24","019.8","24"," 10.0","24","  3.7","24","  8.0","999.9","  68.0"," ","  37.9"," "," 0.00","G","999.9","000000"
"72593023233","2025-01-09","36.66352","-121.60928","22.3","SALINAS AIRPORT, CA US","  49.4","24","  36.4","24","1023.0","24","019.4","24"," 10.0","24","  4.7","24","  8.9","999.9","  72.0"," ","  37.0"," "," 0.00","G","999.9","000000"
"72593023233","2025-01-10","36.66352","-121.60928","22.3","SALINAS AIRPORT, CA US","  53.0","24","  37.2","24","1025.8","24","022.2","24"," 10.0","24","  8.8","24"," 15.9","999.9","  72.0"," ","  37.0"," "," 0.00","G","999.9","000000"
"72593023233","2025-01-11","36.66352","-121.60928","22.3","SALINAS AIRPORT, CA US","  53.8","24","  40.7","24","1024.6","23","020.9","24","  9.5","24","  4.5","24","  8.9","999.9","  69.1"," ","  39.9"," "," 0.00","G","999.9","000000"
"72593023233","2025-01-12","36.66352","-121.60928","22.3","SALINAS AIRPORT, CA US","  50.1","24","  31.3","24","1022.1","24","018.4","24","  9.8","24","  4.2","23"," 12.0","999.9","  64.9"," ","  35.1"," "," 0.00","G","999.9","000000"
"72593023233","2025-01-13","36.66352","-121.60928","22.3","SALINAS AIRPORT, CA US","  48.3","24","  34.0","24","1023.0","24","019.3","24","  9.9","24","  5.1","24"," 15.9","999.9","  64.9"," ","  35.1"," "," 0.00","G","999.9","000000"
"72593023233","2025-01-14","36.66352","-121.60928","22.3","SALINAS AIRPORT, CA US","  47.9","24","  33.6","24","1028.3","24","024.6","24"," 10.0","23","  5.2","24"," 15.0","999.9","  66.0"," ","  35.1"," "," 0.00","G","999.9","000000"
"72593023233","2025-01-15","36.66352","-121.60928","22.3","SALINAS AIRPORT, CA US","  49.1","24","  35.7","24","1025.4","24","021.7","24"," 10.0","24","  7.7","24"," 17.1","999.9","  66.0"," ","  35.1"," "," 0.00","G","999.9","000000"
"72593023233","2025-01-16","36.66352","-121.60928","22.3","SALINAS AIRPORT, CA US","  50.3","24","  33.8","24","1023.0","24","019.3","24"," 10.0","24","  7.0","24"," 15.9","999.9","  72.0"," ","  36.0"," "," 0.00","G","999.9","000000"
"72593023233","2025-01-17","36.66352","-121.60928","22.3","SALINAS AIRPORT, CA US","  45.5","24","  38.7","24","1023.1","19","019.9","24","  9.9","24","  4.8","24","  8.9","999.9","  72.0"," ","  33.1"," "," 0.00","G","999.9","000000"
"72593023233","2025-01-18","36.66352","-121.60928","22.3","SALINAS AIRPORT, CA US","  47.6","24","  41.5","24","1025.4","21","021.8","22","  8.3","24","  5.0","24","  9.9","999.9","  60.1"," ","  33.1"," "," 0.00","G","999.9","000000"
"72593023233","2025-01-19","36.66352","-121.60928","22.3","SALINAS AIRPORT, CA US","  46.6","24","  42.9","24","1025.6","18","021.9","23","  6.4","24","  5.1","24","  9.9","999.9","  60.1"," ","  39.0"," "," 0.00","G","999.9","000000"
"72593023233","2025-01-20","36.66352","-121.60928","22.3","SALINAS AIRPORT, CA US","  47.6","24","  40.8","24","1023.4","18","019.8","24","  7.7","24","  4.8","24","  9.9","999.9","  66.0"," ","  37.0"," "," 0.00","G","999.9","100000"
"72593023233","2025-01-21","36.66352","-121.60928","22.3","SALINAS AIRPORT, CA US","  51.4","24","  36.1","24","1031.5","24","027.8","24"," 10.0","19","  8.2","24"," 14.0","999.9","  70.0"," ","  37.0"," "," 0.00","G","999.9","000000"
"72593023233","2025-01-22","36.66352","-121.60928","22.3","SALINAS AIRPORT, CA US","  47.6","24","  33.7","24","1029.6","24","025.9","24"," 10.0","24","  4.1","24","  8.0","999.9","  72.0"," ","  32.0"," "," 0.00","G","999.9","000000"
"72593023233","2025-01-23","36.66352","-121.60928","22.3","SALINAS AIRPORT, CA US","  52.8","24","  34.5","24","1026.8","24","023.1","24"," 10.0","24","  7.4","24"," 14.0","999.9","  73.9"," ","  39.9"," "," 0.00","G","999.9","000000"
"72593023233","2025-01-24","36.66352","-121.60928","22.3","SALINAS AIRPORT, CA US","  50.2","24","  32.9","24","1021.7","24","018.1","24"," 10.0","24","  7.1","24"," 15.0"," 20.0","  73.9"," ","  36.0"," "," 0.00","G","999.9","000000"
"72593023233","2025-01-25","36.66352","-121.60928","22.3","SALINAS AIRPORT, CA US","  49.8","24","  45.4","24","1011.2","19","007.3","24","  8.1","24","  5.0","24"," 13.0","999.9","  68.0"," ","  36.0"," "," 0.00","G","999.9","010000"
"72593023233","2025-01-26","36.66352","-121.60928","22.3","SALINAS AIRPORT, CA US","  48.5","24","  43.4","24","1014.7","22","010.8","24","  9.9","24","  5.6","24"," 13.0","999.9","  57.0"," ","  43.0"," "," 0.08","G","999.9","010000"
"72593023233","2025-01-27","36.66352","-121.60928","22.3","SALINAS AIRPORT, CA US","  45.0","24","  36.8","24","1021.0","24","017.3","24"," 10.0","24","  4.0","24"," 11.1","999.9","  61.0"," ","  33.1"," "," 0.01","G","999.9","000000"
"72593023233","2025-01-28","36.66352","-121.60928","22.3","SALINAS AIRPORT, CA US","  44.0","24","  35.6","24","1021.5","24","017.8","24"," 10.0","24","  5.0","24","  8.9","999.9","  61.0"," ","  33.1"," "," 0.00","G","999.9","000000"
"72593023233","2025-01-29","36.66352","-121.60928","22.3","SALINAS AIRPORT, CA US","  47.5","24","  42.0","24","1021.3","22","017.4","24","  9.9","24","  5.0","24"," 11.1","999.9","  57.9"," ","  33.1"," "," 0.00","G","999.9","000000"
"72593023233","2025-01-30","36.66352","-121.60928","22.3","SALINAS AIRPORT, CA US","  47.0","24","  40.7","24","1024.5","22","020.8","24"," 10.0","24","  5.2","24"," 13.0","999.9","  55.9"," ","  39.9"," "," 0.00","G","999.9","000000"
"72593023233","2025-01-31","36.66352","-121.60928","22.3","SALINAS AIRPORT, CA US","  47.8","24","  41.6","24","1026.1","24","022.4","24","  9.8","24","  5.7","24"," 12.0","999.9","  57.0"," ","  39.9"," "," 0.00","G","999.9","010000"
"72593023233","2025-02-01","36.66352","-121.60928","22.3","SALINAS AIRPORT, CA US","  54.4","24","  48.0","24","1023.0","20","019.4","24","  8.8","24","  5.2","24"," 15.9","999.9","  61.0"," ","  42.1"," "," 0.00","G","999.9","010000"
"72593023233","2025-02-02","36.66352","-121.60928","22.3","SALINAS AIRPORT, CA US","  55.7","24","  52.3","24","1019.9","19","016.5","24","  7.6","24","  6.4","24"," 18.1"," 22.9","  66.9"," ","  46.0"," "," 0.01","G","999.9","100000"
"72593023233","2025-02-03","36.66352","-121.60928","22.3","SALINAS AIRPORT, CA US","  54.9","24","  49.2","24","1015.2","20","011.8","24","  9.3","24","  7.0","24"," 15.9","999.9","  66.9"," ","  46.0"," "," 0.00","G","999.9","000000"
"72593023233","2025-02-04","36.66352","-121.60928","22.3","SALINAS AIRPORT, CA US","  57.2","24","  48.4","24","1009.3","24","005.7","24","  9.8","24"," 18.9","24"," 35.9"," 45.1","  68.0"," ","  46.9"," "," 0.00","G","999.9","010000"
"72593023233","2025-02-05","36.66352","-121.60928","22.3","SALINAS AIRPORT, CA US","  50.9","24","  42.5","24","1017.5","18","012.8","24","  8.8","24","  5.8","24"," 28.0"," 36.9","  68.0"," ","  39.0"," "," 0.59","G","999.9","010000"
"72593023233","2025-02-06","36.66352","-121.60928","22.3","SALINAS AIRPORT, CA US","  52.1","24","  46.9","24","1012.7","23","008.9","24","  9.1","24"," 11.0","24"," 28.0"," 39.0","  63.0"," ","  39.0"," "," 0.00","G","999.9","010000"
"72593023233","2025-02-07","36.66352","-121.60928","22.3","SALINAS AIRPORT, CA US","  54.7","24","  49.7","24","1016.9","19","013.6","24","  8.6","24","  5.7","24"," 18.1"," 28.9","  63.0"," ","  43.0"," "," 0.33","G","999.9","010000"
"72593023233","2025-02-08","36.66352","-121.60928","22.3","SALINAS AIRPORT, CA US","  48.2","24","  42.2","24","1026.1","23","022.4","24","  9.6","24","  4.9","24"," 13.0","999.9","  60.1"," ","  36.0"," "," 0.10","G","999.9","000000"
"72593023233","2025-02-09","36.66352","-121.60928","22.3","SALINAS AIRPORT, CA US","  46.2","24","  36.8","24","1024.5","24","020.8","24"," 10.0","24","  3.3","24"," 13.0"," 18.1","  60.1"," ","  32.0"," "," 0.00","G","999.9","000000"
"72593023233","2025-02-10","36.66352","-121.60928","22.3","SALINAS AIRPORT, CA US","  44.4","24","  35.7","24","1021.5","24","017.8","24"," 10.0","24","  4.0","24"," 12.0"," 15.0","  60.1"," ","  32.0"," "," 0.00","G","999.9","000000"
"72593023233","2025-02-11","36.66352","-121.60928","22.3","SALINAS AIRPORT, CA US","  46.9","24","  40.4","24","1019.5","21","015.7","24","  9.7","24","  4.9","24"," 14.0"," 19.0","  57.0"," ","  32.0"," "," 0.00","G","999.9","000000"
"72593023233","2025-02-12","36.66352","-121.60928","22.3","SALINAS AIRPORT, CA US","  48.4","24","  42.6","24","1013.5","23","010.0","24","  9.7","20","  9.9","24"," 18.1","999.9","  55.9"," ","  34.0"," "," 0.10","G","999.9","010000"
"72593023233","2025-02-13","36.66352","-121.60928","22.3","SALINAS AIRPORT, CA US","  55.8","24","  52.4","24","1006.4","20","002.5","24","  7.0","19"," 13.7","24"," 19.0"," 27.0","  62.1","*","  52.0","*"," 0.75","G","999.9","010000"
"72593023233","2025-02-14","36.66352","-121.60928","22.3","SALINAS AIRPORT, CA US","  54.6","24","  48.4","24","1016.5","22","012.9","24","  8.3","24"," 11.7","24"," 15.9"," 24.1","  62.1"," ","  51.1"," "," 1.17","G","999.9","010000"
"72593023233","2025-02-15","36.66352","-121.60928","22.3","SALINAS AIRPORT, CA US","  48.3","24","  41.3","24","1027.3","24","023.6","24","  9.3","24","  4.7","24"," 12.0"," 18.1","  63.0"," ","  37.0"," "," 0.03","G","999.9","000000"
"72593023233","2025-02-16","36.66352","-121.60928","22.3","SALINAS AIRPORT, CA US","  51.6","24","  44.5","24","1023.9","24","020.2","24","  9.0","24","  5.4","24"," 12.0"," 15.0","  64.0"," ","  37.0"," "," 0.00","G","999.9","000000"
"72593023233","2025-02-17","36.66352","-121.60928","22.3","SALINAS AIRPORT, CA US","  53.6","24","  47.6","24","1020.2","14","016.6","24","  6.9","24","  5.2","24"," 13.0","999.9","  64.0"," ","  41.0"," "," 0.00","G","999.9","100000"
"72593023233","2025-02-18","36.66352","-121.60928","22.3","SALINAS AIRPORT, CA US","  52.1","24","  45.2","24","1021.6","24","018.0","24","  9.5","24","  5.2","24"," 13.0","999.9","  68.0"," ","  41.0"," "," 0.00","G","999.9","000000"
"72593023233","2025-02-19","36.66352","-121.60928","22.3","SALINAS AIRPORT, CA US","  53.5","24","  48.4","24","1022.7","22","019.0","24","  9.2","24","  5.7","24"," 14.0","999.9","  68.0"," ","  41.0"," "," 0.00","G","999.9","010000"
"72593023233","2025-02-20","36.66352","-121.60928","22.3","SALINAS AIRPORT, CA US","  54.0","24","  49.8","24","1022.3","16","018.9","23","  7.0","24","  4.7","24"," 12.0","999.9","  66.9"," ","  44.1"," "," 0.01","G","999.9","100000"
"72593023233","2025-02-21","36.66352","-121.60928","22.3","SALINAS AIRPORT, CA US","  53.5","24","  44.0","24","1021.2","24","017.6","24"," 10.0","24","  4.5","24"," 12.0","999.9","  72.0"," ","  41.0"," "," 0.00","G","999.9","000000"
"72593023233","2025-02-22","36.66352","-121.60928","22.3","SALINAS AIRPORT, CA US","  53.8","24","  45.9","24","1024.0","24","020.3","24","  9.4","24","  6.1","24"," 15.0","999.9","  73.9"," ","  41.0"," "," 0.00","G","999.9","000000"
"72593023233","2025-02-23","36.66352","-121.60928","22.3","SALINAS AIRPORT, CA US","  55.0","24","  46.2","24","1026.3","24","022.7","24","  9.8","24","  5.1","24"," 12.0","999.9","  73.9"," ","  44.1"," "," 0.00","G","999.9","000000"
"72593023233","2025-02-24","36.66352","-121.60928","22.3","SALINAS AIRPORT, CA US","  57.3","24","  52.7","24","1023.8","18","020.4","24","  9.2","24","  4.9","24","  9.9","999.9","  66.9"," ","  45.0"," "," 0.00","G","999.9","000000"
"72593023233","2025-02-25","36.66352","-121.60928","22.3","SALINAS AIRPORT, CA US","  56.0","24","  49.0","24","1023.1","20","019.6","24","  8.4","24","  4.1","24"," 13.0","999.9","  69.1","*","  44.6","*"," 0.00","G","999.9","100000"
"72593023233","2025-02-26","36.66352","-121.60928","22.3","SALINAS AIRPORT, CA US","  56.3","24","  44.4","24","1019.1","24","015.4","24","  9.1","24","  5.3","24"," 12.0","999.9","  80.1"," ","  41.0"," "," 0.00","G","999.9","000000"
"72593023233","2025-02-27","36.66352","-121.60928","22.3","SALINAS AIRPORT, CA US","  60.3","24","  44.9","24","1017.6","24","014.0","24"," 10.0","24"," 10.1","24"," 19.0"," 29.9","  84.0"," ","  41.0"," "," 0.00","G","999.9","000000"
"72593023233","2025-02-28","36.66352","-121.60928","22.3","SALINAS AIRPORT, CA US","  56.9","24","  49.1","24","1015.5","24","011.9","24","  9.5","24","  5.4","24"," 15.9","999.9","  84.0"," ","  48.0"," "," 0.00","G","999.9","000000"
"72593023233","2025-03-01","36.66352","-121.60928","22.3","SALINAS AIRPORT, CA US","  54.1","24","  48.9","24","1015.9","21","012.4","24","  9.0","24","  6.0","24"," 15.9"," 22.0","  70.0"," ","  50.0"," "," 0.00","G","999.9","100000"
"72593023233","2025-03-02","36.66352","-121.60928","22.3","SALINAS AIRPORT, CA US","  53.1","24","  47.8","24","1019.5","18","015.7","24","  9.0","24","  8.1","24"," 21.0"," 34.0","  57.0"," ","  48.0"," "," 0.08","G","999.9","010000"
"72593023233","2025-03-03","36.66352","-121.60928","22.3","SALINAS AIRPORT, CA US","  51.9","24","  43.5","24","1022.1","22","018.6","24","  9.7","24","  9.8","24"," 20.0"," 27.0","  57.9"," ","  44.1"," "," 0.10","G","999.9","000000"
"72593023233","2025-03-04","36.66352","-121.60928","22.3","SALINAS AIRPORT, CA US","  52.5","24","  44.3","24","1024.5","22","021.0","24"," 10.0","24","  4.9","24"," 13.0"," 18.1","  68.0"," ","  44.1"," "," 0.00","G","999.9","000000"
"72593023233","2025-03-05","36.66352","-121.60928","22.3","SALINAS AIRPORT, CA US","  52.9","24","  49.3","24","1018.6","19","014.5","24","  8.1","24","  5.8","24"," 13.0"," 21.0","  68.0"," ","  44.1"," "," 0.03","G","999.9","010000"
"72593023233","2025-03-06","36.66352","-121.60928","22.3","SALINAS AIRPORT, CA US","  49.6","24","  44.1","24","1013.0","22","009.5","24","  9.5","24","  8.3","24"," 17.1"," 22.0","  55.9"," ","  45.0"," "," 0.95","G","999.9","010000"
"72593023233","2025-03-07","36.66352","-121.60928","22.3","SALINAS AIRPORT, CA US","  50.6","24","  43.7","24","1018.4","19","014.9","24","  9.5","24","  5.0","24"," 11.1","999.9","  60.1"," ","  39.0"," "," 0.04","G","999.9","000000"
"72593023233","2025-03-08","36.66352","-121.60928","22.3","SALINAS AIRPORT, CA US","  51.6","24","  41.7","24","1025.1","24","021.4","24","  9.9","24","  7.6","23"," 15.0"," 22.0","  69.1"," ","  39.0"," "," 0.00","G","999.9","000000"
"72593023233","2025-03-09","36.66352","-121.60928","22.3","SALINAS AIRPORT, CA US","  50.7","24","  43.2","24","1024.0","24","020.3","24","  9.9","24","  7.1","24"," 15.0"," 22.0","  69.1"," ","  39.0"," "," 0.00","G","999.9","000000"
"72593023233","2025-03-10","36.66352","-121.60928","22.3","SALINAS AIRPORT, CA US","  50.2","24","  41.9","24","1016.3","24","012.7","24","  9.8","24","  3.1","24","  8.9","999.9","  64.9","*","  41.0","*"," 0.00","G","999.9","000000"
"72593023233","2025-03-11","36.66352","-121.60928","22.3","SALINAS AIRPORT, CA US","  53.5","24","  40.6","24","1011.2","24","007.6","24"," 10.0","24","  4.3","24"," 13.0","999.9","  66.0"," ","  41.0"," "," 0.00","G","999.9","000000"
"72593023233","2025-03-12","36.66352","-121.60928","22.3","SALINAS AIRPORT, CA US","  54.5","24","  48.1","24","1010.5","23","007.1","24","  9.8","24"," 11.8","24"," 27.0"," 38.1","  64.9"," ","  44.1"," "," 0.00","G","999.9","010000"
"72593023233","2025-03-13","36.66352","-121.60928","22.3","SALINAS AIRPORT, CA US","  48.3","24","  44.2","24","1011.3","18","007.8","24","  8.1","24","  7.5","24"," 17.1"," 25.1","  64.0"," ","  45.0"," "," 0.58","G","999.9","010000"
"72593023233","2025-03-14","36.66352","-121.60928","22.3","SALINAS AIRPORT, CA US","  48.2","24","  42.9","24","1013.6","22","009.8","24","  8.5","24"," 12.8","24"," 28.9"," 39.0","  59.0"," ","  44.1"," "," 0.25","G","999.9","010000"
"72593023233","2025-03-15","36.66352","-121.60928","22.3","SALINAS AIRPORT, CA US","  51.4","24","  44.7","24","1020.2","19","016.3","24","  7.3","24","  5.0","24","  9.9"," 18.1","  62.1"," ","  42.1"," "," 0.29","G","999.9","010000"
"72593023233","2025-03-16","36.66352","-121.60928","22.3","SALINAS AIRPORT, CA US","  51.7","24","  44.1","24","1021.9","24","018.3","24","  7.3","24","  5.6","24"," 13.0","999.9","  66.0"," ","  42.1"," "," 0.00","G","999.9","000000"
"72593023233","2025-03-17","36.66352","-121.60928","22.3","SALINAS AIRPORT, CA US","  55.4","24","  48.7","24","1019.0","16","015.1","24","  7.3","24","  9.1","24"," 22.0"," 31.1","  66.0"," ","  42.1"," "," 0.26","G","999.9","010000"
"72593023233","2025-03-18","36.66352","-121.60928","22.3","SALINAS AIRPORT, CA US","  51.7","24","  43.1","24","1027.5","22","023.3","24","  8.6","24","  8.2","23"," 20.0"," 31.1","  62.1"," ","  42.1"," "," 0.32","G","999.9","010000"
"72593023233","2025-03-19","36.66352","-121.60928","22.3","SALINAS AIRPORT, CA US","  50.3","24","  42.1","24","1028.9","24","025.2","24"," 10.0","24","  7.3","24"," 15.9"," 17.1","  64.0"," ","  39.9"," "," 0.00","G","999.9","000000"
"72593023233","2025-03-20","36.66352","-121.60928","22.3","SALINAS AIRPORT, CA US","  53.6","24","  42.0","24","1026.4","22","022.7","24"," 10.0","24","  6.3","24"," 13.0"," 18.1","  64.0"," ","  39.9"," "," 0.00","G","999.9","000000"
"72593023233","2025-03-21","36.66352","-121.60928","22.3","SALINAS AIRPORT, CA US","  51.5","24","  41.7","24","1023.4","24","019.8","24","  9.9","24","  5.1","24"," 12.0"," 18.1","  63.0"," ","  39.9"," "," 0.00","G","999.9","000000"
"72593023233","2025-03-22","36.66352","-121.60928","22.3","SALINAS AIRPORT, CA US","  53.9","24","  45.5","24","1021.7","24","018.1","24","  9.8","24","  7.2","24"," 13.0","999.9","  63.0"," ","  39.9"," "," 0.00","G","999.9","000000"
"72593023233","2025-03-23","36.66352","-121.60928","22.3","SALINAS AIRPORT, CA US","  55.5","24","  48.1","24","1020.8","21","017.2","24","  9.5","24","  5.6","24"," 13.0","999.9","  71.1"," ","  44.1"," "," 0.00","G","999.9","000000"
"72593023233","2025-03-24","36.66352","-121.60928","22.3","SALINAS AIRPORT, CA US","  55.7","19","  49.0","19","1019.8","19","016.1","19","  9.3","19","  7.0","19"," 15.0"," 22.9","  80.1","*","  48.9","*"," 0.00","G","999.9","000000"
"72593023233","2025-03-25","36.66352","-121.60928","22.3","SALINAS AIRPORT, CA US","  66.0","24","  51.8","24","1015.3","19","011.8","24"," 10.0","24","  9.0","24"," 15.9"," 22.9","  84.9"," ","  48.0"," "," 0.00","G","999.9","000000"
"72593023233","2025-03-26","36.66352","-121.60928","22.3","SALINAS AIRPORT, CA US","  56.9","24","  51.7","24","1015.5","17","012.0","24","  8.4","24","  9.4","11"," 13.0","999.9","  66.9","*","  53.1","*"," 0.00","G","999.9","010000"
"72593023233","2025-03-27","36.66352","-121.60928","22.3","SALINAS AIRPORT, CA US","  60.1","24","  47.9","24","1018.0","22","014.4","24"," 10.0","24","  8.4","24"," 15.0"," 22.9","  69.1","*","  55.0","*"," 0.00","G","999.9","000000"
"72593023233","2025-03-28","36.66352","-121.60928","22.3","SALINAS AIRPORT, CA US","  56.3","24","  47.7","24","1019.0","19","015.3","24","  8.9","24","  6.3","19"," 17.1"," 21.0","  69.1"," ","  52.0"," "," 0.00","G","999.9","010000"
"72593023233","2025-03-29","36.66352","-121.60928","22.3","SALINAS AIRPORT, CA US","  52.1","24","  42.1","24","1019.0","24","015.4","24","  9.8","24","  6.9","10"," 13.0","999.9","  63.0"," ","  42.1"," "," 0.00","G","999.9","000000"
"72593023233","2025-03-30","36.66352","-121.60928","22.3","SALINAS AIRPORT, CA US","  56.0","24","  45.7","24","1014.1","24","010.5","24"," 10.0","24","  5.4"," 5","  8.0","999.9","  71.1"," ","  42.1"," "," 0.01","G","999.9","010000"
"72593023233","2025-03-31","36.66352","-121.60928","22.3","SALINAS AIRPORT, CA US","  59.1","24","  48.9","24","1016.5","22","012.9","24","  9.9","24"," 12.5"," 8"," 15.9"," 24.1","  71.1"," ","  48.9"," "," 0.01","G","999.9","000000"
"72593023233","2025-04-01","36.66352","-121.60928","22.3","SALINAS AIRPORT, CA US","  51.0","24","  45.9","24","1018.6","17","014.9","24","  8.0","18","  8.2","19"," 18.1"," 26.0","  64.9"," ","  46.0"," "," 0.16","G","999.9","010000"
"72593023233","2025-04-02","36.66352","-121.60928","22.3","SALINAS AIRPORT, CA US","  50.7","22","  42.9","22","1014.9","19","011.4","22","  9.5","22","  7.6"," 5"," 15.9"," 28.9","  59.0","*","  45.0","*"," 0.48","G","999.9","010000"
"72593023233","2025-04-03","36.66352","-121.60928","22.3","SALINAS AIRPORT, CA US","  50.4","24","  41.6","24","1016.2","17","012.5","24","  9.8","24","  6.8","24"," 17.1"," 24.1","  61.0"," ","  39.9"," "," 0.00","G","999.9","000000"
"72593023233","2025-04-04","36.66352","-121.60928","22.3","SALINAS AIRPORT, CA US","  52.7","24","  42.7","24","1020.9","23","017.3","24"," 10.0","24","  5.4","24"," 14.0"," 20.0","  68.0"," ","  39.0"," "," 0.00","G","999.9","000000"
"72593023233","2025-04-05","36.66352","-121.60928","22.3","SALINAS AIRPORT, CA US","  55.5","24","  44.4","24","1025.4","24","021.8","24"," 10.0","24","  6.2","24"," 13.0"," 19.0","  71.1"," ","  39.0"," "," 0.00","G","999.9","000000"
"72593023233","2025-04-06","36.66352","-121.60928","22.3","SALINAS AIRPORT, CA US","  57.0","24","  44.1","24","1025.1","24","021.4","24"," 10.0","24","  6.2","24"," 14.0"," 22.9","  78.1"," ","  43.0"," "," 0.00","G","999.9","000000"
"72593023233","2025-04-07","36.66352","-121.60928","22.3","SALINAS AIRPORT, CA US","  55.8","24","  43.7","24","1022.7","22","019.1","24"," 10.0","24","  6.1","24"," 13.0","999.9","  78.1"," ","  43.0"," "," 0.00","G","999.9","000000"
"72593023233","2025-04-08","36.66352","-121.60928","22.3","SALINAS AIRPORT, CA US","  56.6","24","  48.2","24","1021.8","22","018.3","24","  9.1","24","  6.1","24"," 11.1","999.9","  69.1"," ","  45.0"," "," 0.00","G","999.9","000000"
"72593023233","2025-04-09","36.66352","-121.60928","22.3","SALINAS AIRPORT, CA US","  57.6","24","  47.6","24","1020.9","24","017.3","24","  9.9","22","  5.2","23"," 13.0","999.9","  73.9"," ","  46.0"," "," 0.00","G","999.9","000000"
"72593023233","2025-04-10","36.66352","-121.60928","22.3","SALINAS AIRPORT, CA US","  58.5","24","  50.4","24","1022.2","20","018.9","24","  8.8","24","  6.2","22"," 15.9","999.9","  73.9"," ","  46.0"," "," 0.00","G","999.9","100000"
"72593023233","2025-04-11","36.66352","-121.60928","22.3","SALINAS AIRPORT, CA US","  58.3","24","  50.5","24","1021.4","20","017.7","24","  8.4","24","  6.3","22"," 15.9"," 24.1","  72.0"," ","  48.9"," "," 0.00","G","999.9","100000"
"72593023233","2025-04-12","36.66352","-121.60928","22.3","SALINAS AIRPORT, CA US","  55.1","24","  45.3","24","1019.0","22","015.4","24","  8.0","24"," 12.0","13"," 14.0"," 21.0","  71.1"," ","  50.0"," "," 0.00","G","999.9","000000"
"72593023233","2025-04-13","36.66352","-121.60928","22.3","SALINAS AIRPORT, CA US","  54.1","23","  44.8","23","1016.2","21","012.7","23","  7.6","23","  8.8","12"," 14.0","999.9","  75.0"," ","  45.0"," "," 0.00","G","999.9","000000"
"72593023233","2025-04-14","36.66352","-121.60928","22.3","SALINAS AIRPORT, CA US","  53.5","23","  47.6","23","1015.1","13","011.7","23","  7.0","23","  6.9","22"," 15.9"," 20.0","  75.0"," ","  45.0"," "," 0.00","G","999.9","100000"
"72593023233","2025-04-15","36.66352","-121.60928","22.3","SALINAS AIRPORT, CA US","  54.8","24","  48.8","24","1017.5","17","013.6","24","  8.5","24","  7.9","19"," 13.0","999.9","  63.0"," ","  48.9"," "," 0.00","G","999.9","000000"
"72593023233","2025-04-16","36.66352","-121.60928","22.3","SALINAS AIRPORT, CA US","  53.5","22","  45.0","22","1015.8","19","012.2","22","  9.0","18","  3.0","18"," 11.1","999.9","  63.0"," ","  43.0"," "," 0.00","G","999.9","000000"
"72593023233","2025-04-17","36.66352","-121.60928","22.3","SALINAS AIRPORT, CA US","  54.8","24","  48.0","23","1015.8","22","012.2","24","  8.4"," 9","  2.2"," 4","  2.9","999.9","  63.0"," ","  43.0"," "," 0.00","G","999.9","000000"
"72593023233","2025-04-18","36.66352","-121.60928","22.3","SALINAS AIRPORT, CA US","  55.4","24","  46.9","23","1016.9","22","013.3","24","  9.8","23","999.9"," 0","999.9","999.9","  64.9"," ","  51.1"," "," 0.00","G","999.9","000000"
"72593023233","2025-04-19","36.66352","-121.60928","22.3","SALINAS AIRPORT, CA US","  54.3","24","  48.4","24","1020.2","19","016.2","24","  8.1","24","  5.4","22"," 11.1"," 17.1","  64.9"," ","  51.1"," "," 0.00","G","999.9","000000"
"72593023233","2025-04-20","36.66352","-121.60928","22.3","SALINAS AIRPORT, CA US","  56.4","22","  47.2","22","1020.3","19","016.8","22","  9.1","22","  6.4","22"," 13.0","999.9","  68.0"," ","  50.0"," "," 0.00","G","999.9","000000"
"72593023233","2025-04-21","36.66352","-121.60928","22.3","SALINAS AIRPORT, CA US","  54.9","24","  47.2","24","1017.3","23","013.7","24","  7.7","24","  6.6","24"," 13.0","999.9","  68.0"," ","  48.0"," "," 0.00","G","999.9","000000"
"72593023233","2025-04-22","36.66352","-121.60928","22.3","SALINAS AIRPORT, CA US","  54.0","24","  48.1","24","1015.5","21","011.9","24","  7.3","22","  7.3","23"," 14.0"," 20.0","  66.0"," ","  48.0"," "," 0.00","G","999.9","000000"
"72593023233","2025-04-23","36.66352","-121.60928","22.3","SALINAS AIRPORT, CA US","  54.2","24","  45.5","24","1015.8","23","012.1","24","  7.6","20","  8.8","24"," 13.0"," 21.0","  62.1"," ","  48.9"," "," 0.00","G","999.9","000000"
"72593023233","2025-04-24","36.66352","-121.60928","22.3","SALINAS AIRPORT, CA US","  53.8","24","  43.7","24","1017.5","22","013.8","24"," 10.0","19","  8.2","24"," 12.0"," 15.9","  60.1"," ","  52.0"," "," 0.00","G","999.9","000000"
"72593023233","2025-04-25","36.66352","-121.60928","22.3","SALINAS AIRPORT, CA US","  53.5","24","  42.8","24","1015.8","22","012.2","24","  9.9","24","  5.3","24","  9.9","999.9","  59.0"," ","  51.1"," "," 0.00","G","999.9","010000"
"72593023233","2025-04-26","36.66352","-121.60928","22.3","SALINAS AIRPORT, CA US","  53.0","24","  43.7","24","1013.8","23","010.2","24"," 10.0","24","  6.3","17"," 15.9"," 24.1","  62.1"," ","  45.0"," "," 0.01","G","999.9","010000"
"72593023233","2025-04-27","36.66352","-121.60928","22.3","SALINAS AIRPORT, CA US","  52.8","24","  47.3","24","1017.7","13","013.7","24","  8.1","24","  7.5","24"," 13.0","999.9","  62.1"," ","  45.0"," "," 0.10","G","999.9","010000"
"72593023233","2025-04-28","36.66352","-121.60928","22.3","SALINAS AIRPORT, CA US","  54.9","24","  46.9","24","1021.7","16","018.1","24"," 10.0","24","  5.5","21"," 14.0"," 20.0","  64.9"," ","  50.0"," "," 0.19","G","999.9","010000"
"72593023233","2025-04-29","36.66352","-121.60928","22.3","SALINAS AIRPORT, CA US","  54.0","24","  48.3","24","1020.1","15","016.7","24","  8.4","24","  6.3","24"," 13.0"," 17.1","  64.9"," ","  46.0"," "," 0.00","G","999.9","100000"
"72593023233","2025-04-30","36.66352","-121.60928","22.3","SALINAS AIRPORT, CA US","  54.6","24","  49.4","24","1017.0","19","013.3","24","  9.3","24","  7.7","24"," 14.0"," 20.0","  64.9"," ","  46.0"," "," 0.00","G","999.9","000000"
"72593023233","2025-05-01","36.66352","-121.60928","22.3","SALINAS AIRPORT, CA US","  55.4","24","  49.6","24","1015.8","18","012.3","24","  9.7","24","  6.3","24"," 12.0","999.9","  60.1"," ","  52.0"," "," 0.00","G","999.9","000000"
"72593023233","2025-05-02","36.66352","-121.60928","22.3","SALINAS AIRPORT, CA US","  55.1","24","  47.7","24","1016.9","18","013.3","24"," 10.0","24","  7.7","24"," 14.0"," 19.0","  63.0"," ","  51.1"," "," 0.00","G","999.9","000000"
"72593023233","2025-05-03","36.66352","-121.60928","22.3","SALINAS AIRPORT, CA US","  55.4","24","  48.3","24","1016.9","20","013.4","24"," 10.0","24"," 10.9","24"," 19.0"," 27.0","  63.0"," ","  51.1"," "," 0.00","G","999.9","000000"
"72593023233","2025-05-04","36.66352","-121.60928","22.3","SALINAS AIRPORT, CA US","  54.2","24","  44.5","24","1012.7","19","009.2","24"," 10.0","24"," 11.2","24"," 20.0"," 28.9","  60.1"," ","  51.1"," "," 0.00","G","999.9","000000"
"72593023233","2025-05-05","36.66352","-121.60928","22.3","SALINAS AIRPORT, CA US","  58.6","24","  44.1","24","1009.3","20","005.8","24","  8.6","24","  6.5","24"," 13.0","999.9","  75.9"," ","  44.1"," "," 0.00","G","999.9","000000"
"72593023233","2025-05-06","36.66352","-121.60928","22.3","SALINAS AIRPORT, CA US","  60.0","24","  48.2","24","1012.7","21","009.2","24","  9.0","24","  8.4","24"," 19.0"," 24.1","  75.9"," ","  44.1"," "," 0.00","G","999.9","000000"
"72593023233","2025-05-07","36.66352","-121.60928","22.3","SALINAS AIRPORT, CA US","  58.2","24","  49.1","24","1018.2","20","014.1","24"," 10.0","24","  8.2","24"," 18.1"," 22.0","  70.0"," ","  51.1"," "," 0.00","G","999.9","000000"
"72593023233","2025-05-08","36.66352","-121.60928","22.3","SALINAS AIRPORT, CA US","  58.0","24","  49.4","24","1020.0","23","016.3","24","  9.8","24","  6.0","24"," 13.0","999.9","  72.0"," ","  51.1"," "," 0.00","G","999.9","000000"
"72593023233","2025-05-09","36.66352","-121.60928","22.3","SALINAS AIRPORT, CA US","  62.5","24","  49.6","24","1018.6","24","015.1","24","  9.7","24","  6.5","24"," 14.0","999.9","  81.0"," ","  50.0"," "," 0.00","G","999.9","010000"
"72593023233","2025-05-10","36.66352","-121.60928","22.3","SALINAS AIRPORT, CA US","  61.6","21","  50.2","21","1015.6","20","012.0","21","  9.9","21","  6.3","21"," 15.0","999.9","  81.0"," ","  50.0"," "," 0.00","G","999.9","000000"
"72593023233","2025-05-11","36.66352","-121.60928","22.3","SALINAS AIRPORT, CA US","  58.9","24","  45.8","24","1016.2","24","012.7","24"," 10.0","24","  8.8","24"," 15.0"," 22.0","  75.9"," ","  51.1"," "," 0.00","G","999.9","000000"
"72593023233","2025-05-12","36.66352","-121.60928","22.3","SALINAS AIRPORT, CA US","  56.9","24","  46.1","24","1016.1","20","012.5","24","  9.9","24","  8.5","24"," 18.1"," 25.1","  66.0"," ","  51.1"," "," 0.00","G","999.9","010000"
"72593023233","2025-05-13","36.66352","-121.60928","22.3","SALINAS AIRPORT, CA US","  57.6","24","  47.3","24","1017.8","23","014.1","24"," 10.0","24","  9.2","24"," 14.0"," 21.0","  64.0"," ","  52.0"," "," 0.09","G","999.9","010000"
"72593023233","2025-05-14","36.66352","-121.60928","22.3","SALINAS AIRPORT, CA US","  56.7","24","  47.4","24","1019.8","21","016.1","24"," 10.0","24","  9.2","24"," 15.0"," 20.0","  64.9","*","  52.0","*"," 0.00","G","999.9","000000"
"72593023233","2025-05-15","36.66352","-121.60928","22.3","SALINAS AIRPORT, CA US","  56.4","24","  47.9","24","1017.8","21","014.3","24"," 10.0","24","  6.6","24"," 13.0"," 20.0","  68.0"," ","  51.1"," "," 0.00","G","999.9","000000"
"72593023233","2025-05-16","36.66352","-121.60928","22.3","SALINAS AIRPORT, CA US","  56.4","24","  48.0","24","1015.9","22","012.3","24","  9.8","24","  9.3","24"," 15.0"," 22.9","  68.0"," ","  51.1"," "," 0.00","G","999.9","000000"
"72593023233","2025-05-17","36.66352","-121.60928","22.3","SALINAS AIRPORT, CA US","  56.8","24","  49.2","24","1016.4","17","012.8","24","  9.6","24"," 11.2","24"," 18.1"," 27.0","  64.9"," ","  51.1"," "," 0.00","G","999.9","010000"
"72593023233","2025-05-18","36.66352","-121.60928","22.3","SALINAS AIRPORT, CA US","  58.5","24","  47.4","24","1017.9","22","014.3","24"," 10.0","24","  9.8","24"," 14.0"," 26.0","  66.9"," ","  53.1"," "," 0.00","G","999.9","000000"
"72593023233","2025-05-19","36.66352","-121.60928","22.3","SALINAS AIRPORT, CA US","  60.0","24","  46.8","24","1019.3","24","015.7","24","  9.5","24","  8.8","24"," 15.0"," 18.1","  73.0"," ","  50.0"," "," 0.00","G","999.9","000000"
"72593023233","2025-05-20","36.66352","-121.60928","22.3","SALINAS AIRPORT, CA US","  59.1","24","  49.2","24","1019.5","22","015.9","24"," 10.0","24"," 10.0","24"," 15.9"," 22.9","  73.0"," ","  50.0"," "," 0.00","G","999.9","000000"
"72593023233","2025-05-21","36.66352","-121.60928","22.3","SALINAS AIRPORT, CA US","  57.2","24","  46.7","24","1016.8","20","013.3","24","  8.5","24","  7.4","24"," 17.1"," 22.9","  72.0"," ","  48.0"," "," 0.00","G","999.9","000000"
"72593023233","2025-05-22","36.66352","-121.60928","22.3","SALINAS AIRPORT, CA US","  58.6","24","  47.5","24","1017.3","21","013.6","24","  9.6","24","  9.3","24"," 14.0"," 20.0","  72.0"," ","  48.0"," "," 0.00","G","999.9","000000"
"72593023233","2025-05-23","36.66352","-121.60928","22.3","SALINAS AIRPORT, CA US","  56.6","24","  45.9","24","1018.0","24","014.4","24"," 10.0","24","  9.9","24"," 14.0"," 19.0","  66.0"," ","  51.1"," "," 0.00","G","999.9","000000"
"72593023233","2025-05-24","36.66352","-121.60928","22.3","SALINAS AIRPORT, CA US","  54.7","24","  47.3","24","1017.4","20","013.9","24"," 10.0","24","  9.8","24"," 13.0"," 21.0","  62.1"," ","  51.1"," "," 0.00","G","999.9","000000"
"72593023233","2025-05-25","36.66352","-121.60928","22.3","SALINAS AIRPORT, CA US","  56.6","24","  47.2","24","1019.3","23","015.7","24"," 10.0","24","  9.9","24"," 15.0"," 22.0","  64.9"," ","  52.0"," "," 0.00","G","999.9","000000"
"72593023233","2025-05-26","36.66352","-121.60928","22.3","SALINAS AIRPORT, CA US","  58.8","24","  49.1","24","1019.5","21","015.9","24"," 10.0","24","  8.6","24"," 14.0"," 21.0","  66.0"," ","  52.0"," "," 0.00","G","999.9","000000"
"72593023233","2025-05-27","36.66352","-121.60928","22.3","SALINAS AIRPORT, CA US","  57.8","24","  49.8","24","1017.3","18","014.0","24"," 10.0","24","  8.0","24"," 15.0"," 22.0","  66.0"," ","  52.0"," "," 0.00","G","999.9","000000"
"72593023233","2025-05-28","36.66352","-121.60928","22.3","SALINAS AIRPORT, CA US","  56.1","24","  49.9","24","1017.2","23","013.6","24","  9.6","24","  8.6","24"," 15.0"," 21.0","  66.0"," ","  52.0"," "," 0.00","G","999.9","000000"
"72593023233","2025-05-29","36.66352","-121.60928","22.3","SALINAS AIRPORT, CA US","  59.4","24","  50.0","24","1018.2","21","014.5","24"," 10.0","24","  9.5","24"," 14.0","999.9","  68.0"," ","  52.0"," "," 0.00","G","999.9","000000"
"72593023233","2025-05-30","36.66352","-121.60928","22.3","SALINAS AIRPORT, CA US","  60.7","24","  52.9","24","1016.3","20","012.9","22","  7.5","24","  7.7","24"," 13.0","999.9","  79.0"," ","  52.0"," "," 0.00","G","999.9","100000"
"72593023233","2025-05-31","36.66352","-121.60928","22.3","SALINAS AIRPORT, CA US","  59.7","24","  52.4","24","1014.7","19","011.1","22","  8.0","24","  6.7","24"," 14.0","999.9","  79.0"," ","  51.1"," "," 0.00","G","999.9","100000"
"72593023233","2025-06-01","36.66352","-121.60928","22.3","SALINAS AIRPORT, CA US","  58.6","23","  51.5","23","1014.2","21","010.8","16","  9.0","23","  7.2","23"," 14.0"," 18.1","  72.0"," ","  51.1"," "," 0.00","G","999.9","000000"
"72593023233","2025-06-02","36.66352","-121.60928","22.3","SALINAS AIRPORT, CA US","  58.6","24","  48.8","24","1014.1","24","010.5","24","  8.6","24","  7.6","24"," 15.9"," 24.1","  68.0"," ","  55.0"," "," 0.00","G","999.9","000000"
"72593023233","2025-06-03","36.66352","-121.60928","22.3","SALINAS AIRPORT, CA US","  59.2","24","  50.5","24","1016.2","21","012.7","23"," 10.0","24","  5.9","24"," 13.0"," 21.0","  69.1"," ","  50.0"," "," 0.00","G","999.9","000000"
"72593023233","2025-06-04","36.66352","-121.60928","22.3","SALINAS AIRPORT, CA US","  58.9","24","  51.3","24","1013.3","23","009.8","24","  9.4","24","  7.1","24"," 14.0"," 21.0","  69.1"," ","  50.0"," "," 0.00","G","999.9","000000"
"72593023233","2025-06-05","36.66352","-121.60928","22.3","SALINAS AIRPORT, CA US","  59.5","24","  50.8","24","1013.3","22","009.7","24"," 10.0","24","  8.5","24"," 15.9"," 24.1","  68.0"," ","  54.0"," "," 0.00","G","999.9","000000"
"72593023233","2025-06-06","36.66352","-121.60928","22.3","SALINAS AIRPORT, CA US","  60.2","24","  52.3","24","1014.1","21","010.5","24"," 10.0","24","  7.0","24"," 14.0"," 19.0","  68.0"," ","  55.0"," "," 0.00","G","999.9","000000"
"72593023233","2025-06-07","36.66352","-121.60928","22.3","SALINAS AIRPORT, CA US","  59.7","24","  52.9","24","1016.0","22","012.4","24"," 10.0","24","  8.0","24"," 14.0"," 21.0","  68.0"," ","  55.9"," "," 0.00","G","999.9","000000"
"72593023233","2025-06-08","36.66352","-121.60928","22.3","SALINAS AIRPORT, CA US","  59.0","24","  52.9","24","1017.2","22","013.5","24"," 10.0","24","  6.9","15"," 13.0","999.9","  66.0"," ","  55.0"," "," 0.00","G","999.9","000000"
"72593023233","2025-06-09","36.66352","-121.60928","22.3","SALINAS AIRPORT, CA US","  58.0","24","  53.3","24","1015.9","21","012.2","24","  8.8","24","  7.6","23"," 15.0"," 19.0","  64.9"," ","  53.1"," "," 0.00","G","999.9","000000"
"72593023233","2025-06-10","36.66352","-121.60928","22.3","SALINAS AIRPORT, CA US","  58.2","24","  53.2","24","1016.2","23","012.5","24","  9.8","24","  9.4","24"," 15.0"," 22.0","  64.9"," ","  53.1"," "," 0.00","G","999.9","000000"
"72593023233","2025-06-11","36.66352","-121.60928","22.3","SALINAS AIRPORT, CA US","  57.6","24","  50.5","24","1016.9","21","013.3","24","  9.6","24","  9.1","24"," 15.9"," 22.0","  64.9"," ","  53.1"," "," 0.00","G","999.9","000000"
"72593023233","2025-06-12","36.66352","-121.60928","22.3","SALINAS AIRPORT, CA US","  57.6","24","  49.3","24","1015.8","20","012.2","24"," 10.0","24","  9.9","24"," 14.0"," 21.0","  64.9"," ","  53.1"," "," 0.00","G","999.9","000000"
"72593023233","2025-06-13","36.66352","-121.60928","22.3","SALINAS AIRPORT, CA US","  57.7","24","  49.5","24","1015.2","21","011.7","24","  9.4","24","  9.2","24"," 14.0"," 19.0","  64.9","*","  53.1","*"," 0.00","G","999.9","000000"
"72593023233","2025-06-14","36.66352","-121.60928","22.3","SALINAS AIRPORT, CA US","  58.2","24","  49.1","24","1016.0","22","012.3","24","  9.8","24","  8.3","24"," 14.0"," 18.1","  66.0"," ","  51.1"," "," 0.00","G","999.9","000000"
"72593023233","2025-06-15","36.66352","-121.60928","22.3","SALINAS AIRPORT, CA US","  57.4","24","  49.3","24","1017.0","19","013.5","24","  8.7","24","  7.1","24"," 14.0"," 18.1","  69.1"," ","  48.9"," "," 0.00","G","999.9","000000"
"72593023233","2025-06-16","36.66352","-121.60928","22.3","SALINAS AIRPORT, CA US","  57.2","24","  49.2","24","1018.1","24","014.4","24","  9.8","24","  9.9","24"," 15.0"," 20.0","  69.1"," ","  48.9"," "," 0.00","G","999.9","000000"
"72593023233","2025-06-17","36.66352","-121.60928","22.3","SALINAS AIRPORT, CA US","  59.2","24","  47.8","24","1017.5","23","013.9","24"," 10.0","24","  9.0","24"," 14.0"," 19.0","  69.1"," ","  52.0"," "," 0.00","G","999.9","000000"
"72593023233","2025-06-18","36.66352","-121.60928","22.3","SALINAS AIRPORT, CA US","  59.9","24","  50.4","24","1014.4","23","010.8","24"," 10.0","24","  8.5","17"," 13.0"," 20.0","  69.1"," ","  52.0"," "," 0.00","G","999.9","000000"
"72593023233","2025-06-19","36.66352","-121.60928","22.3","SALINAS AIRPORT, CA US","  58.9","24","  49.9","24","1013.2","23","009.7","24","  9.8","24"," 11.7","24"," 19.0"," 25.1","  68.0"," ","  53.1"," "," 0.00","G","999.9","000000"
"72593023233","2025-06-20","36.66352","-121.60928","22.3","SALINAS AIRPORT, CA US","  58.4","24","  48.0","24","1015.7","22","012.0","24"," 10.0","24"," 12.7","24"," 17.1"," 24.1","  66.0","*","  55.0","*"," 0.00","G","999.9","000000"
"72593023233","2025-06-21","36.66352","-121.60928","22.3","SALINAS AIRPORT, CA US","  58.3","24","  46.1","24","1016.4","24","012.8","24"," 10.0","24"," 11.9","24"," 17.1"," 24.1","  68.0"," ","  52.0"," "," 0.00","G","999.9","000000"
"72593023233","2025-06-22","36.66352","-121.60928","22.3","SALINAS AIRPORT, CA US","  58.2","24","  46.4","24","1016.5","24","012.9","24"," 10.0","24","  8.1","24"," 15.9"," 22.9","  69.1"," ","  46.9"," "," 0.00","G","999.9","000000"
"72593023233","2025-06-23","36.66352","-121.60928","22.3","SALINAS AIRPORT, CA US","  56.7","23","  49.1","23","1015.4","21","011.8","23","  9.6","23","  8.6","23"," 15.0"," 20.0","  69.1"," ","  46.9"," "," 0.00","G","999.9","000000"
"72593023233","2025-06-24","36.66352","-121.60928","22.3","SALINAS AIRPORT, CA US","  56.8","16","  50.3","16","1017.1","10","013.4","16"," 10.0","16","  9.1","16"," 15.0"," 22.9","  61.0","*","  51.8","*"," 0.00","G","999.9","000000"
"72593023233","2025-06-25","36.66352","-121.60928","22.3","SALINAS AIRPORT, CA US","  57.8","17","  51.1","17","1017.7"," 4","014.2","17","  9.4","17","  7.4","17"," 15.9"," 22.9","  64.0","*","  51.8","*"," 0.00","I","999.9","000000"
"72593023233","2025-06-26","36.66352","-121.60928","22.3","SALINAS AIRPORT, CA US","  56.6","24","  50.8","24","1016.5","18","012.8","24","  9.8","24","  9.7","24"," 15.9"," 24.1","  64.9"," ","  51.1"," "," 0.00","G","999.9","000000"
"72593023233","2025-06-27","36.66352","-121.60928","22.3","SALINAS AIRPORT, CA US","  57.9","24","  51.2","24","1014.5","18","010.9","24","  9.9","24","  8.2","23"," 15.9"," 22.0","  71.1"," ","  51.1"," "," 0.00","G","999.9","000000"
"72593023233","2025-06-28","36.66352","-121.60928","22.3","SALINAS AIRPORT, CA US","  58.2","24","  52.1","24","1015.6","21","011.9","24","  9.7","24","  7.7","24"," 15.0"," 21.0","  71.1"," ","  52.0"," "," 0.00","G","999.9","000000"
"72593023233","2025-06-29","36.66352","-121.60928","22.3","SALINAS AIRPORT, CA US","  58.5","24","  52.3","24","1015.4","20","011.9","24","  8.5","24","  7.3","24"," 15.0","999.9","  69.1"," ","  53.1"," "," 0.00","G","999.9","100000"
"72593023233","2025-06-30","36.66352","-121.60928","22.3","SALINAS AIRPORT, CA US","  58.0","24","  52.0","24","1013.7","19","010.2","24","  8.1","24","  6.8","24"," 17.1","999.9","  69.1"," ","  52.0"," "," 0.00","G","999.9","000000"
"72593023233","2025-07-01","36.66352","-121.60928","22.3","SALINAS AIRPORT, CA US","  59.1","24","  52.2","24","1013.0","21","009.4","24"," 10.0","24","  7.3","24"," 13.0"," 20.0","  70.0"," ","  52.0"," "," 0.00","G","999.9","000000"
"72593023233","2025-07-02","36.66352","-121.60928","22.3","SALINAS AIRPORT, CA US","  57.8","24","  52.4","24","1012.9","18","009.3","24","  8.8","24","  8.1","24"," 15.0"," 20.0","  70.0"," ","  52.0"," "," 0.00","G","999.9","000000"
"72593023233","2025-07-03","36.66352","-121.60928","22.3","SALINAS AIRPORT, CA US","  56.8","24","  51.3","24","1014.1","22","010.5","24","  9.0","24","  8.0","24"," 15.0"," 22.9","  63.0"," ","  52.0"," "," 0.00","G","999.9","000000"
"72593023233","2025-07-04","36.66352","-121.60928","22.3","SALINAS AIRPORT, CA US","  59.4","24","  50.5","24","1018.5","21","014.7","24"," 10.0","24","  8.0","24"," 14.0"," 22.0","  68.0"," ","  52.0"," "," 0.00","G","999.9","000000"
"72593023233","2025-07-05","36.66352","-121.60928","22.3","SALINAS AIRPORT, CA US","  59.5","24","  49.0","24","1020.8","23","017.2","24"," 10.0","24","  9.2","24"," 14.0","999.9","  68.0"," ","  52.0"," "," 0.00","G","999.9","000000"
"72593023233","2025-07-06","36.66352","-121.60928","22.3","SALINAS AIRPORT, CA US","  57.5","24","  50.8","24","1017.9","19","014.4","24"," 10.0","24","  8.3","24"," 15.9"," 20.0","  66.9"," ","  52.0"," "," 0.00","G","999.9","000000"
"72593023233","2025-07-07","36.66352","-121.60928","22.3","SALINAS AIRPORT, CA US","  57.8","24","  51.8","24","1015.4","20","011.8","24","  9.8","24","  7.4","24"," 15.9"," 22.0","  66.0"," ","  53.1"," "," 0.00","G","999.9","000000"
"72593023233","2025-07-08","36.66352","-121.60928","22.3","SALINAS AIRPORT, CA US","  61.1","24","  52.0","24","1019.3","23","015.8","24"," 10.0","24","  7.1","24"," 14.0"," 20.0","  69.1"," ","  54.0"," "," 0.00","G","999.9","000000"
"72593023233","2025-07-09","36.66352","-121.60928","22.3","SALINAS AIRPORT, CA US","  60.4","24","  53.6","24","1020.9","19","017.4","24","  9.0","24","  6.9","23"," 13.0","999.9","  70.0"," ","  54.0"," "," 0.00","G","999.9","000000"
"72593023233","2025-07-10","36.66352","-121.60928","22.3","SALINAS AIRPORT, CA US","  59.2","24","  52.6","24","1017.8","20","014.3","24","  9.2","24","  8.5","24"," 15.0"," 21.0","  71.1"," ","  52.0"," "," 0.00","G","999.9","000000"
"72593023233","2025-07-11","36.66352","-121.60928","22.3","SALINAS AIRPORT, CA US","  58.9","24","  53.5","24","1014.4","19","010.8","24","  9.9","24","  6.9","24"," 14.0"," 25.1","  71.1"," ","  52.0"," "," 0.00","G","999.9","000000"
"72593023233","2025-07-12","36.66352","-121.60928","22.3","SALINAS AIRPORT, CA US","  58.2","24","  53.0","24","1015.2","19","011.6","24","  8.8","24","  7.7","24"," 15.9"," 22.9","  68.0","*","  53.6","*"," 0.00","G","999.9","000000"
"72593023233","2025-07-13","36.66352","-121.60928","22.3","SALINAS AIRPORT, CA US","  58.9","24","  53.8","24","1016.6","23","013.0","24","  9.2","24","  6.9","24"," 15.0"," 21.0","  69.1"," ","  54.0"," "," 0.00","G","999.9","000000"
"72593023233","2025-07-14","36.66352","-121.60928","22.3","SALINAS AIRPORT, CA US","  58.9","24","  53.5","24","1015.7","20","012.0","24","  8.0","24","  9.5","14"," 15.9","999.9","  66.9","*","  53.6","*"," 0.00","G","999.9","000000"
"72593023233","2025-07-15","36.66352","-121.60928","22.3","SALINAS AIRPORT, CA US","  57.9","24","  52.9","24","1014.6","17","010.9","24","  8.9","23","  7.1","23"," 14.0"," 22.9","  69.1"," ","  53.1"," "," 0.00","G","999.9","000000"
"72593023233","2025-07-16","36.66352","-121.60928","22.3","SALINAS AIRPORT, CA US","  59.7","24","  53.8","24","1014.7","20","011.2","24","  9.5","24","  6.8","24"," 13.0"," 19.0","  66.9"," ","  53.1"," "," 0.00","G","999.9","000000"
"72593023233","2025-07-17","36.66352","-121.60928","22.3","SALINAS AIRPORT, CA US","  61.1","24","  53.2","24","1015.0","23","011.5","24"," 10.0","24","  6.3","24"," 14.0"," 20.0","  69.1"," ","  57.0"," "," 0.00","G","999.9","000000"
"72593023233","2025-07-18","36.66352","-121.60928","22.3","SALINAS AIRPORT, CA US","  61.8","24","  54.0","24","1016.5","22","013.0","24"," 10.0","24","  6.8","24"," 14.0"," 19.0","  69.1"," ","  57.0"," "," 0.00","G","999.9","000000"
"72593023233","2025-07-19","36.66352","-121.60928","22.3","SALINAS AIRPORT, CA US","  59.9","24","  53.7","24","1017.9","23","014.3","24"," 10.0","24","  8.1","24"," 15.0"," 22.0","  69.1"," ","  55.9"," "," 0.00","G","999.9","000000"
"72593023233","2025-07-20","36.66352","-121.60928","22.3","SALINAS AIRPORT, CA US","  58.9","24","  53.4","24","1016.9","16","013.3","24","  9.3","24","  7.2","24"," 14.0"," 22.0","  66.9"," ","  55.0"," "," 0.00","G","999.9","010000"
"72593023233","2025-07-21","36.66352","-121.60928","22.3","SALINAS AIRPORT, CA US","  61.3","24","  53.9","24","1016.4","19","012.8","24","  9.9","24","  8.9","24"," 14.0"," 20.0","  70.0"," ","  57.0"," "," 0.00","G","999.9","000000"
"72593023233","2025-07-22","36.66352","-121.60928","22.3","SALINAS AIRPORT, CA US","  61.8","24","  54.4","24","1016.4","21","012.8","24"," 10.0","24","  8.4","24"," 15.9"," 21.0","  70.0"," ","  57.0"," "," 0.00","G","999.9","000000"
"72593023233","2025-07-23","36.66352","-121.60928","22.3","SALINAS AIRPORT, CA US","  61.9","24","  53.5","24","1018.2","22","014.5","24"," 10.0","24","  7.1","24"," 13.0"," 21.0","  70.0"," ","  57.0"," "," 0.00","G","999.9","000000"
"72593023233","2025-07-24","36.66352","-121.60928","22.3","SALINAS AIRPORT, CA US","  62.9","24","  54.2","24","1020.3","21","016.7","24"," 10.0","24","  6.6","24"," 14.0"," 21.0","  70.0"," ","  57.9"," "," 0.00","G","999.9","000000"
"72593023233","2025-07-25","36.66352","-121.60928","22.3","SALINAS AIRPORT, CA US","  62.2","23","  53.8","23","1018.9","21","015.3","23"," 10.0","23","  7.6","23"," 15.0"," 22.9","  70.0"," ","  59.0"," "," 0.00","G","999.9","000000"
"72593023233","2025-07-26","36.66352","-121.60928","22.3","SALINAS AIRPORT, CA US","  61.2","24","  54.5","24","1017.1","16","013.6","24","  8.8","24","  7.5","24"," 14.0"," 21.0","  70.0","*","  55.9","*"," 0.01","G","999.9","010000"
"72593023233","2025-07-27","36.66352","-121.60928","22.3","SALINAS AIRPORT, CA US","  61.6","24","  54.5","24","1017.3","20","013.7","24","  9.7","24","  7.5","24"," 14.0"," 20.0","  71.1"," ","  55.9"," "," 0.02","G","999.9","000000"
"72593023233","2025-07-28","36.66352","-121.60928","22.3","SALINAS AIRPORT, CA US","  62.4","24","  55.1","24","1018.6","19","014.9","24"," 10.0","24","  7.5","24"," 13.0","999.9","  71.1"," ","  57.0"," "," 0.00","G","999.9","000000"
"72593023233","2025-07-29","36.66352","-121.60928","22.3","SALINAS AIRPORT, CA US","  63.3","24","  55.6","24","1019.5","21","015.9","24"," 10.0","24","  7.6","24"," 14.0"," 20.0","  71.1"," ","  57.9"," "," 0.00","G","999.9","000000"
"72593023233","2025-07-30","36.66352","-121.60928","22.3","SALINAS AIRPORT, CA US","  61.4","24","  54.9","24","1019.0","18","015.5","20"," 10.0","24","  8.3","24"," 12.0"," 17.1","  70.0"," ","  57.9"," "," 0.00","G","999.9","000000"
"72593023233","2025-07-31","36.66352","-121.60928","22.3","SALINAS AIRPORT, CA US","  62.2","24","  55.3","24","1018.1","22","014.4","24","  9.8","24","  8.6","24"," 15.0"," 21.0","  69.1"," ","  57.9"," "," 0.00","G","999.9","000000"
"72593023233","2025-08-01","36.66352","-121.60928","22.3","SALINAS AIRPORT, CA US","  60.6","24","  54.9","24","1019.6","20","016.0","24","  9.5","24","  8.9","24"," 15.0"," 21.0","  69.1"," ","  57.0"," "," 0.00","G","999.9","000000"
"72593023233","2025-08-02","36.66352","-121.60928","22.3","SALINAS AIRPORT, CA US","  60.6","24","  54.2","24","1022.4","20","018.8","24","  9.8","24","  8.0","24"," 14.0"," 22.0","  68.0"," ","  55.9"," "," 0.00","G","999.9","000000"
"72593023233","2025-08-03","36.66352","-121.60928","22.3","SALINAS AIRPORT, CA US","  60.2","24","  53.8","24","1020.5","19","016.8","24","  9.4","24","  8.3","24"," 15.0"," 22.9","  69.1"," ","  55.0"," "," 0.00","G","999.9","000000"
"72593023233","2025-08-04","36.66352","-121.60928","22.3","SALINAS AIRPORT, CA US","  62.3","24","  51.7","24","1018.8","22","015.2","24"," 10.0","24","  9.3","24"," 14.0"," 20.0","  71.1"," ","  55.0"," "," 0.00","G","999.9","000000"
"72593023233","2025-08-05","36.66352","-121.60928","22.3","SALINAS AIRPORT, CA US","  62.8","24","  52.0","24","1018.4","24","014.8","24"," 10.0","24","  8.4","24"," 15.0"," 19.0","  71.1"," ","  55.9"," "," 0.00","G","999.9","000000"
"72593023233","2025-08-06","36.66352","-121.60928","22.3","SALINAS AIRPORT, CA US","  61.9","24","  53.5","24","1018.7","22","015.1","24","  9.1","24","  6.3","24"," 14.0","999.9","  73.9"," ","  53.1"," "," 0.00","G","999.9","100000"
"72593023233","2025-08-07","36.66352","-121.60928","22.3","SALINAS AIRPORT, CA US","  62.4","24","  55.3","24","1017.9","23","014.2","24"," 10.0","24","  8.9","24"," 14.0","999.9","  73.9"," ","  53.1"," "," 0.00","G","999.9","000000"
"72593023233","2025-08-08","36.66352","-121.60928","22.3","SALINAS AIRPORT, CA US","  60.6","23","  55.3","23","1014.8","19","011.5","23","  9.6","23","  6.9","23"," 15.0"," 21.0","  72.0"," ","  55.9"," "," 0.00","G","999.9","000000"
"72593023233","2025-08-09","36.66352","-121.60928","22.3","SALINAS AIRPORT, CA US","  61.0","24","  55.5","24","1013.9","19","010.3","24","  7.3","24","  7.2","24"," 14.0","999.9","  72.0"," ","  55.9"," "," 0.00","G","999.9","000000"
"72593023233","2025-08-10","36.66352","-121.60928","22.3","SALINAS AIRPORT, CA US","  61.5","22","  55.7","22","1015.5","18","011.8","22","  9.5","22","  6.4","22"," 14.0"," 18.1","  70.0"," ","  55.9"," "," 0.00","G","999.9","000000"
"72593023233","2025-08-11","36.66352","-121.60928","22.3","SALINAS AIRPORT, CA US","  62.4","24","  55.8","24","1017.1","22","013.5","24"," 10.0","24","  7.5","24"," 14.0","999.9","  73.0"," ","  57.0"," "," 0.00","G","999.9","000000"
"72593023233","2025-08-12","36.66352","-121.60928","22.3","SALINAS AIRPORT, CA US","  60.7","24","  55.0","24","1015.8","22","012.2","24","  9.6","24","  6.9","24"," 14.0","999.9","  73.0"," ","  55.9"," "," 0.00","G","999.9","000000"
"72593023233","2025-08-13","36.66352","-121.60928","22.3","SALINAS AIRPORT, CA US","  61.5","24","  56.3","24","1016.1","24","012.5","24","  9.6","24","  8.0","24"," 14.0"," 25.1","  70.0"," ","  55.9"," "," 0.00","G","999.9","010000"
"72593023233","2025-08-14","36.66352","-121.60928","22.3","SALINAS AIRPORT, CA US","  62.3","24","  56.7","24","1015.8","18","012.2","24","  8.8","24","  7.4","24"," 13.0","999.9","  70.0"," ","  57.9"," "," 0.00","G","999.9","000000"
"72593023233","2025-08-15","36.66352","-121.60928","22.3","SALINAS AIRPORT, CA US","  62.4","24","  55.0","24","1014.7","22","011.1","24"," 10.0","24","  9.0","24"," 14.0"," 22.9","  70.0"," ","  57.9"," "," 0.00","G","999.9","000000"
"72593023233","2025-08-16","36.66352","-121.60928","22.3","SALINAS AIRPORT, CA US","  65.8","24","  59.6","24","1017.8","19","014.0","24","  9.5","24","  9.2","24"," 15.9"," 22.9","  77.0"," ","  59.0"," "," 0.00","G","999.9","000000"
"72593023233","2025-08-17","36.66352","-121.60928","22.3","SALINAS AIRPORT, CA US","  65.8","24","  58.3","24","1018.2","21","014.7","24"," 10.0","24","  7.9","24"," 13.0"," 20.0","  77.0"," ","  60.1"," "," 0.00","G","999.9","000000"
"72593023233","2025-08-18","36.66352","-121.60928","22.3","SALINAS AIRPORT, CA US","  66.5","24","  52.8","24","1017.4","24","013.8","24"," 10.0","24","  7.8","24"," 14.0"," 20.0","  77.0"," ","  55.9"," "," 0.00","G","999.9","000000"
"72593023233","2025-08-19","36.66352","-121.60928","22.3","SALINAS AIRPORT, CA US","  66.5","24","  50.8","24","1018.2","24","014.6","24"," 10.0","24","  8.3","24"," 14.0","999.9","  77.0"," ","  55.9"," "," 0.00","G","999.9","000000"
"72593023233","2025-08-20","36.66352","-121.60928","22.3","SALINAS AIRPORT, CA US","  65.1","24","  55.0","24","1018.6","24","015.0","24"," 10.0","24","  6.7","24"," 14.0"," 21.0","  75.9"," ","  54.0"," "," 0.00","G","999.9","000000"
"72593023233","2025-08-21","36.66352","-121.60928","22.3","SALINAS AIRPORT, CA US","  64.8","24","  55.3","24","1014.8","24","011.2","24","  9.6","24","  6.9","24"," 13.0","999.9","  80.1"," ","  54.0"," "," 0.00","G","999.9","000000"
"72593023233","2025-08-22","36.66352","-121.60928","22.3","SALINAS AIRPORT, CA US","  63.2","24","  55.2","24","1012.5","22","009.0","24","  9.4","24","  8.2","24"," 14.0","999.9","  80.1"," ","  54.0"," "," 0.00","G","999.9","000000"
"72593023233","2025-08-23","36.66352","-121.60928","22.3","SALINAS AIRPORT, CA US","  61.0","24","  55.7","24","1013.8","19","010.1","24","  9.9","24","  6.2","24"," 14.0","999.9","  73.9"," ","  55.9"," "," 0.00","G","999.9","000000"
"72593023233","2025-08-24","36.66352","-121.60928","22.3","SALINAS AIRPORT, CA US","  63.2","24","  57.2","24","1014.3","22","010.8","24","  9.9","24","  6.6","24"," 13.0","999.9","  73.9"," ","  55.9"," "," 0.00","G","999.9","000000"
"72593023233","2025-08-25","36.66352","-121.60928","22.3","SALINAS AIRPORT, CA US","  63.6","24","  56.5","24","1013.5","21","009.9","24"," 10.0","24","  6.3","24"," 13.0","999.9","  70.0","*","  57.9","*"," 0.00","G","999.9","000000"
"72593023233","2025-08-26","36.66352","-121.60928","22.3","SALINAS AIRPORT, CA US","  65.1","24","  57.0","24","1014.6","22","010.9","24"," 10.0","24","  6.3","24"," 13.0"," 20.0","  72.0","*","  61.0","*"," 0.00","G","999.9","000000"
"72593023233","2025-08-27","36.66352","-121.60928","22.3","SALINAS AIRPORT, CA US","  64.3"," 7","  56.7"," 7","1016.0"," 7","012.3"," 7"," 10.0"," 7","  7.0"," 7"," 14.0","999.9","  69.1","*","  61.0","*"," 0.00","G","999.9","000000"
